Timestamp,Bateria,Snow Scale,Altura nieve,Temperatura (act),Humedad Rel. (act),Presion Barometrica,Velocidad del viento (prom),Velocidad del viento (max),Direccion del viento (vct),Lluvia
2026-03-18T19:00:00,12.73,-0.850,0.0,13.4,47.7,763.0,4.9,7.4,199.4,0.0
2026-03-18T19:30:00,12.73,-0.872,0.0,12.2,54.4,763.2,1.9,4.0,230.0,0.0
2026-03-18T20:00:00,12.73,-0.455,0.0,10.9,67.0,763.1,1.8,4.8,207.8,0.0
2026-03-18T20:30:00,12.73,-0.792,0.0,11.0,70.7,763.1,2.3,4.7,201.1,0.0
2026-03-18T21:00:00,12.70,-1.147,0.0,10.5,72.6,763.0,0.9,2.4,189.6,0.0
2026-03-18T21:30:00,12.70,-1.032,0.0,10.2,77.6,763.2,0.8,2.5,0.0,0.0
2026-03-18T22:00:00,12.70,-0.589,0.0,10.4,75.0,763.1,0.9,1.5,344.1,0.0
2026-03-18T22:30:00,12.67,-0.855,0.0,10.8,53.7,763.1,0.4,1.3,215.7,0.0
2026-03-18T23:00:00,12.67,-0.586,0.0,10.3,62.1,762.9,1.0,2.4,343.2,0.0
2026-03-18T23:30:00,12.67,-0.465,0.0,10.6,48.9,762.8,0.4,0.9,0.0,0.0
2026-03-19T00:00:00,12.67,-0.741,0.0,11.2,39.5,762.6,1.0,2.3,310.5,0.0
2026-03-19T00:30:00,12.64,-0.546,0.0,9.8,47.6,762.6,1.0,2.1,8.7,0.0
2026-03-19T01:00:00,12.64,-0.820,0.0,11.0,40.6,762.5,1.0,2.4,320.8,0.0
2026-03-19T01:30:00,12.61,-0.252,0.0,10.9,42.6,762.5,1.0,2.3,23.3,0.0
2026-03-19T02:00:00,12.61,-0.344,0.0,10.4,42.0,762.1,1.3,2.5,334.1,0.0
2026-03-19T02:30:00,12.61,-0.513,0.0,10.7,39.7,761.8,1.0,2.4,36.9,0.0
2026-03-19T03:00:00,12.61,-0.443,0.0,10.2,40.7,761.6,1.1,2.7,40.9,0.0
2026-03-19T03:30:00,12.61,-0.446,0.0,10.1,41.4,761.2,0.8,1.8,11.6,0.0
2026-03-19T04:00:00,12.61,-0.158,0.0,9.3,41.6,761.1,0.7,2.0,16.3,0.0
2026-03-19T04:30:00,12.61,-0.194,0.0,10.0,41.2,760.7,1.7,3.3,55.4,0.0
2026-03-19T05:00:00,12.61,-0.733,0.0,9.4,43.4,760.5,1.5,3.4,163.6,0.0
2026-03-19T05:30:00,12.58,-0.169,0.0,9.6,43.1,760.4,2.4,5.0,36.9,0.0
2026-03-19T06:00:00,12.58,-0.366,0.0,8.1,49.0,760.6,1.7,3.1,22.6,0.0
2026-03-19T06:30:00,12.58,-0.210,0.0,7.9,49.9,760.7,1.5,2.3,21.1,0.0
2026-03-19T07:00:00,12.55,-0.431,0.0,9.4,44.4,760.8,2.6,4.3,157.0,0.0
2026-03-19T07:30:00,12.55,-0.677,0.0,8.2,44.8,760.7,1.2,2.7,55.3,0.0
2026-03-19T08:00:00,12.58,0.192,0.0,10.5,33.3,760.8,2.3,5.4,213.9,0.0
2026-03-19T08:30:00,12.61,-0.132,0.0,10.3,44.9,761.0,2.1,6.7,151.8,0.0
2026-03-19T09:00:00,13.44,0.667,-0.1,9.8,40.0,761.3,4.0,6.8,171.1,0.0
2026-03-19T09:30:00,13.41,0.573,-0.1,9.7,40.3,761.2,1.9,4.0,235.5,0.0
2026-03-19T10:00:00,13.66,1.351,-0.1,10.8,33.9,761.3,3.3,8.7,195.5,0.0
2026-03-19T10:30:00,13.32,0.612,0.0,10.4,36.4,761.3,1.8,4.0,177.5,0.0
2026-03-19T11:00:00,13.94,0.968,0.0,12.0,20.2,761.3,5.8,11.9,57.7,0.0
2026-03-19T11:30:00,13.32,0.428,-0.1,13.0,17.2,760.9,7.2,15.9,31.1,0.0
2026-03-19T12:00:00,13.44,0.783,-0.1,12.9,17.2,760.8,9.2,15.9,29.7,0.0
2026-03-19T12:30:00,13.50,0.217,0.0,13.6,16.3,760.7,8.6,18.2,32.6,0.0
2026-03-19T13:00:00,13.44,0.313,0.0,13.5,16.8,760.7,6.7,15.4,53.2,0.0
2026-03-19T13:30:00,13.41,0.272,0.0,12.9,19.8,760.5,7.2,12.8,17.7,0.0
2026-03-19T14:00:00,13.38,0.506,0.0,13.5,20.3,760.5,6.4,12.3,34.1,0.0
2026-03-19T14:30:00,13.44,-0.040,0.0,13.2,20.8,760.2,6.9,16.7,47.1,0.0
2026-03-19T15:00:00,13.44,0.117,-0.1,13.4,22.2,760.1,7.7,15.3,26.2,0.0
2026-03-19T15:30:00,13.44,0.111,0.0,13.5,19.7,760.5,7.7,15.0,29.1,0.0
2026-03-19T16:00:00,13.38,0.353,0.0,13.2,19.8,760.1,5.2,10.5,34.9,0.0
2026-03-19T16:30:00,13.38,-0.073,0.0,13.0,18.9,760.1,5.8,10.9,20.7,0.0
2026-03-19T17:00:00,13.38,-0.277,0.0,13.5,17.3,759.8,6.0,12.5,38.1,0.0
2026-03-19T17:30:00,13.26,0.131,0.0,13.4,17.3,759.7,5.5,10.3,29.5,0.0
2026-03-19T18:00:00,13.13,-0.030,0.0,13.1,16.7,759.7,4.4,11.5,57.1,0.0
2026-03-19T18:30:00,13.10,-0.049,0.0,13.3,16.4,759.6,3.2,7.1,73.2,0.0
2026-03-19T19:00:00,13.04,-0.279,0.0,10.9,36.4,759.5,4.0,8.4,212.3,0.0
2026-03-19T19:30:00,13.01,-0.295,0.0,9.9,44.3,759.5,3.1,6.1,170.3,0.0
2026-03-19T20:00:00,12.95,-0.217,0.0,8.3,62.2,759.7,2.8,4.6,191.5,0.0
2026-03-19T20:30:00,12.92,-0.493,0.1,7.1,70.8,759.6,2.7,4.3,194.3,0.0
2026-03-19T21:00:00,12.92,-0.991,0.1,7.6,64.1,759.8,1.7,2.7,167.8,0.0
2026-03-19T21:30:00,12.89,-0.563,0.1,8.0,50.4,760.0,1.1,3.7,201.3,0.0
2026-03-19T22:00:00,12.85,-0.033,0.1,8.1,54.1,760.0,1.0,2.2,173.4,0.0
2026-03-19T22:30:00,12.85,-0.655,0.0,8.8,43.3,759.8,1.8,3.6,194.2,0.0
2026-03-19T23:00:00,12.85,-0.376,0.0,9.1,40.1,760.0,3.5,8.7,209.6,0.0
2026-03-19T23:30:00,12.82,0.055,0.1,9.3,41.4,759.7,2.1,4.1,146.6,0.0
2026-03-20T00:00:00,12.79,-0.274,0.0,8.2,47.7,759.6,0.8,1.9,167.1,0.0
2026-03-20T00:30:00,12.79,-0.452,0.1,8.6,42.7,759.6,1.0,3.1,0.0,0.0
2026-03-20T01:00:00,12.79,-0.038,0.1,7.2,48.8,759.4,1.3,4.2,355.6,0.0
2026-03-20T01:30:00,12.76,0.048,0.1,6.4,59.8,759.1,2.4,7.1,178.2,0.0
2026-03-20T02:00:00,12.73,0.158,0.1,4.3,73.8,759.2,2.9,6.9,209.3,0.0
2026-03-20T02:30:00,12.73,-0.311,0.1,3.7,85.9,758.7,3.1,6.9,201.6,0.0
2026-03-20T03:00:00,12.70,-0.097,0.1,3.3,97.4,759.0,3.6,6.6,204.3,0.0
2026-03-20T03:30:00,12.70,-0.048,0.1,3.6,98.6,758.9,3.0,5.9,192.4,0.0
2026-03-20T04:00:00,12.67,-0.411,0.1,3.6,99.1,758.8,2.4,3.5,199.7,0.0
2026-03-20T04:30:00,12.64,-0.300,0.1,3.6,99.5,758.2,1.5,3.2,234.6,0.0
2026-03-20T05:00:00,12.61,-0.623,0.1,3.9,99.9,757.6,2.8,7.3,198.0,0.0
2026-03-20T05:30:00,12.61,-0.377,0.1,3.7,100.0,757.6,3.0,6.4,194.6,0.0
2026-03-20T06:00:00,12.61,-0.379,0.1,3.6,100.0,757.5,1.9,3.6,190.9,0.0
2026-03-20T06:30:00,12.58,-0.078,0.1,3.6,100.0,757.3,2.5,4.0,200.5,0.0
2026-03-20T07:00:00,12.55,-0.330,0.1,3.7,100.0,757.3,3.4,5.5,200.7,0.0
2026-03-20T07:30:00,12.55,-0.341,0.2,3.6,100.0,757.6,3.8,6.5,214.0,0.0
2026-03-20T08:00:00,12.55,-0.385,0.2,3.5,100.0,757.7,2.3,5.0,198.9,0.0
2026-03-20T08:30:00,12.55,-0.187,0.2,3.2,100.0,757.7,2.5,3.8,210.1,0.0
2026-03-20T09:00:00,12.55,-0.609,0.2,3.1,100.0,757.7,3.0,4.2,205.0,0.0
2026-03-20T09:30:00,12.55,-0.331,0.2,3.2,100.0,757.7,2.7,4.4,208.1,0.0
2026-03-20T10:00:00,12.55,-0.684,0.2,2.9,100.0,757.5,4.9,7.2,200.4,0.0
2026-03-20T10:30:00,12.55,-0.319,0.2,2.9,100.0,757.6,3.6,5.7,197.6,0.0
2026-03-20T11:00:00,12.55,-0.660,0.2,2.8,100.0,757.8,3.1,4.5,201.9,0.0
2026-03-20T11:30:00,12.55,-0.405,0.1,2.7,100.0,757.7,1.4,3.5,0.0,0.0
2026-03-20T12:00:00,12.61,-0.252,0.1,2.9,100.0,757.6,1.6,4.0,183.9,0.1
2026-03-20T12:30:00,12.55,-0.714,0.1,3.1,100.0,757.5,4.1,7.8,214.9,0.0
2026-03-20T13:00:00,12.58,-0.709,0.1,2.9,100.0,757.7,4.8,7.2,196.1,0.0
2026-03-20T13:30:00,12.58,-0.314,0.1,2.5,99.5,757.4,5.1,7.7,199.7,0.0
2026-03-20T14:00:00,12.55,-0.214,0.1,2.5,98.8,757.7,1.6,4.8,244.3,0.0
2026-03-20T14:30:00,12.55,-0.927,0.1,2.2,100.0,758.0,4.5,7.2,192.3,0.0
2026-03-20T15:00:00,12.48,-0.524,0.1,2.0,100.0,757.7,3.8,6.6,206.8,0.0
2026-03-20T15:30:00,12.48,-0.328,0.2,2.0,100.0,757.5,4.6,7.6,200.7,0.2
2026-03-20T16:00:00,12.48,-0.363,0.2,1.4,100.0,758.0,4.0,7.6,213.6,0.4
2026-03-20T16:30:00,12.48,0.873,0.2,1.4,100.0,757.7,3.4,5.8,207.5,0.4
2026-03-20T17:00:00,12.48,1.568,1.0,0.2,100.0,757.8,2.9,4.5,219.8,0.3
2026-03-20T17:30:00,12.48,3.527,0.9,0.2,100.0,757.7,2.1,4.9,215.9,0.1
2026-03-20T18:00:00,12.45,5.999,0.2,-0.1,100.0,758.1,6.1,8.8,195.1,0.0
2026-03-20T18:30:00,12.42,9.130,1.7,-0.5,100.0,758.1,0.9,5.7,241.7,0.0
2026-03-20T19:00:00,12.42,11.682,0.9,-0.8,100.0,758.3,2.0,6.0,359.2,0.0
2026-03-20T19:30:00,12.42,14.274,3.8,-1.4,99.9,758.5,1.0,3.7,155.4,0.0
2026-03-20T20:00:00,12.42,17.530,8.9,-1.6,100.0,758.7,999.9,999.9,999.9,0.0
2026-03-20T20:30:00,12.42,21.421,8.0,-1.7,99.8,758.4,999.9,999.9,999.9,0.0
2026-03-20T21:00:00,12.42,24.893,19.5,-2.1,99.6,758.7,999.9,999.9,999.9,0.0
2026-03-20T21:30:00,12.42,28.190,21.8,-1.9,99.7,759.2,999.9,999.9,999.9,0.0
2026-03-20T22:00:00,12.39,29.399,14.6,-1.8,99.6,759.1,999.9,999.9,999.9,0.0
2026-03-20T22:30:00,12.36,30.452,18.8,-1.8,99.6,759.5,999.9,999.9,999.9,0.0
2026-03-20T23:00:00,12.36,31.260,21.7,-1.6,99.6,759.8,999.9,999.9,999.9,0.0
2026-03-20T23:30:00,12.36,31.783,19.5,-1.4,100.0,759.7,999.9,999.9,999.9,0.0
2026-03-21T00:00:00,12.36,31.110,19.6,-1.4,100.0,759.6,999.9,999.9,999.9,0.0
2026-03-21T00:30:00,12.36,31.394,20.7,-1.3,100.0,759.6,999.9,999.9,999.9,0.0
2026-03-21T01:00:00,12.36,31.457,20.7,-1.3,100.0,759.5,999.9,999.9,999.9,0.0
2026-03-21T01:30:00,12.36,31.539,19.0,-1.3,100.0,759.7,999.9,999.9,999.9,0.0
2026-03-21T02:00:00,12.36,31.659,17.6,-1.2,100.0,759.6,999.9,999.9,999.9,0.0
2026-03-21T02:30:00,12.36,31.714,16.7,-1.1,100.0,759.3,999.9,999.9,999.9,0.0
2026-03-21T03:00:00,12.36,31.858,15.8,-1.4,99.5,759.3,999.9,999.9,999.9,0.0
2026-03-21T03:30:00,12.36,31.476,18.7,-1.5,99.4,759.7,999.9,999.9,999.9,0.0
2026-03-21T04:00:00,12.33,30.350,18.6,-1.4,100.0,759.6,999.9,999.9,999.9,0.0
2026-03-21T04:30:00,12.33,29.454,19.9,-1.6,100.0,760.3,999.9,999.9,999.9,0.0
2026-03-21T05:00:00,12.33,30.392,14.8,-1.7,98.9,760.7,999.9,999.9,999.9,0.0
2026-03-21T05:30:00,12.30,30.253,14.0,-1.8,99.4,760.8,999.9,999.9,999.9,0.0
2026-03-21T06:00:00,12.30,30.346,18.8,-2.7,96.9,760.8,999.9,999.9,999.9,0.0
2026-03-21T06:30:00,12.30,30.489,14.9,-5.0,90.7,760.8,999.9,999.9,999.9,0.0
2026-03-21T07:00:00,12.30,30.768,13.1,-5.0,89.0,761.0,999.9,999.9,999.9,0.0
2026-03-21T07:30:00,12.30,31.705,18.3,-5.7,87.2,761.1,999.9,999.9,999.9,0.0
2026-03-21T08:00:00,12.27,31.825,18.1,-4.9,79.8,761.2,999.9,999.9,999.9,0.0
2026-03-21T08:30:00,12.24,32.030,18.1,-5.2,77.8,761.5,999.9,999.9,999.9,0.0
2026-03-21T09:00:00,12.30,32.796,17.4,-4.3,74.1,761.7,999.9,999.9,999.9,0.0
2026-03-21T09:30:00,12.30,31.572,16.8,-3.6,70.4,761.9,999.9,999.9,999.9,0.0
2026-03-21T10:00:00,12.30,30.959,16.7,-2.2,68.0,762.0,999.9,999.9,999.9,0.2
2026-03-21T10:30:00,12.33,31.024,16.7,-0.8,62.6,761.9,999.9,999.9,999.9,0.0
2026-03-21T11:00:00,12.42,30.020,16.1,0.0,69.7,761.8,999.9,999.9,999.9,0.0
2026-03-21T11:30:00,13.57,28.072,15.0,1.2,60.9,761.9,2.4,4.1,355.6,0.0
2026-03-21T12:00:00,13.66,27.667,15.1,1.8,59.9,761.9,2.0,2.5,22.0,0.1
2026-03-21T12:30:00,13.81,25.710,13.9,2.6,57.7,761.8,2.3,3.2,7.6,10.0
2026-03-21T13:00:00,14.03,24.290,13.1,3.2,58.1,761.7,1.4,2.4,22.8,1.7
2026-03-21T13:30:00,13.57,23.581,11.4,4.2,48.4,761.3,1.4,2.2,43.2,0.0
2026-03-21T14:00:00,13.44,23.125,10.6,5.0,50.0,761.2,1.1,2.0,14.7,0.0
2026-03-21T14:30:00,13.69,22.600,10.6,6.0,41.9,760.7,0.8,1.6,23.5,0.0
2026-03-21T15:00:00,13.57,22.632,8.7,6.5,27.6,760.4,3.3,10.8,351.8,0.0
2026-03-21T15:30:00,13.44,21.426,5.1,7.1,27.4,760.1,8.8,17.2,7.2,0.0
2026-03-21T16:00:00,13.32,21.037,5.3,7.2,27.2,760.3,7.2,11.4,26.1,0.0
2026-03-21T16:30:00,13.32,19.907,5.4,7.7,17.7,760.0,9.1,14.0,27.0,0.0
2026-03-21T17:00:00,13.32,19.490,4.6,7.5,22.6,759.7,8.3,13.1,30.4,0.0
2026-03-21T17:30:00,13.29,19.445,4.9,7.4,20.9,759.6,7.0,11.0,39.0,0.0
2026-03-21T18:00:00,13.16,19.053,3.5,7.5,21.0,759.3,9.1,16.8,31.5,0.0
2026-03-21T18:30:00,13.07,18.439,4.7,6.7,21.9,759.5,10.3,14.1,25.8,0.0
2026-03-21T19:00:00,13.04,18.488,5.0,7.0,23.9,759.4,10.2,17.9,22.2,0.0
2026-03-21T19:30:00,12.98,19.251,4.3,6.7,25.6,759.2,8.6,14.6,32.2,0.0
2026-03-21T20:00:00,12.95,18.189,1.0,7.1,24.0,759.2,10.2,16.1,34.0,0.0
2026-03-21T20:30:00,12.92,18.312,6.7,7.3,27.2,758.8,10.3,17.7,36.3,0.0
2026-03-21T21:00:00,12.92,18.407,6.8,7.3,28.2,758.9,10.2,18.8,33.0,0.0
2026-03-21T21:30:00,12.92,18.337,6.0,7.5,29.5,759.8,4.2,11.4,67.0,0.0
2026-03-21T22:00:00,12.89,18.316,-2.2,6.6,35.2,759.8,2.0,4.6,171.8,0.0
2026-03-21T22:30:00,12.85,18.732,3.2,6.5,43.4,759.5,3.8,9.7,346.4,0.0
2026-03-21T23:00:00,12.85,18.452,8.8,5.8,49.0,759.5,2.5,6.2,242.7,0.0
2026-03-21T23:30:00,12.85,18.411,-1.1,6.6,39.1,759.5,3.8,8.5,148.8,0.0
2026-03-22T00:00:00,12.82,18.614,1.1,5.3,54.6,759.2,0.9,2.8,0.0,0.0
2026-03-22T00:30:00,12.79,19.320,0.9,4.5,59.2,759.1,0.8,2.3,0.0,0.0
2026-03-22T01:00:00,12.79,21.071,0.5,4.0,67.2,759.1,2.2,4.1,198.2,0.0
2026-03-22T01:30:00,12.79,21.903,0.7,4.5,59.0,758.8,1.5,2.8,100.4,0.0
2026-03-22T02:00:00,12.79,23.685,1.0,4.4,58.1,758.6,1.9,4.5,357.4,0.0
2026-03-22T02:30:00,12.76,25.897,1.3,3.1,76.9,758.5,2.0,3.4,145.2,0.0
2026-03-22T03:00:00,12.73,25.383,1.6,5.5,40.6,758.6,3.7,7.5,96.3,0.0
2026-03-22T03:30:00,12.73,26.054,-0.7,4.0,50.9,758.8,4.8,7.4,43.8,0.0
2026-03-22T04:00:00,12.73,26.597,-0.8,2.9,55.4,759.0,2.5,5.9,121.0,0.0
2026-03-22T04:30:00,12.73,27.948,8.7,1.6,70.3,758.9,2.3,5.0,323.0,0.0
2026-03-22T05:00:00,12.70,28.549,-0.3,0.2,82.5,759.1,3.9,6.8,207.0,0.0
2026-03-22T05:30:00,12.70,29.958,-0.5,-0.7,89.9,759.0,1.0,1.8,295.9,0.0
2026-03-22T06:00:00,12.70,31.729,-0.6,-1.0,93.9,759.1,1.7,2.9,348.6,0.0
2026-03-22T06:30:00,12.70,33.574,7.3,-1.2,96.3,759.0,1.2,1.8,0.4,0.0
2026-03-22T07:00:00,12.67,34.676,5.4,-1.1,96.9,758.9,0.5,1.3,0.0,0.0
2026-03-22T07:30:00,12.67,33.730,-0.1,-1.1,97.8,758.8,1.5,3.2,224.1,0.0
2026-03-22T08:00:00,12.67,33.328,-1.5,-1.3,97.7,759.1,1.9,5.4,198.8,0.0
2026-03-22T08:30:00,12.64,31.965,13.6,-1.2,92.9,759.1,4.6,8.4,44.4,0.0
2026-03-22T09:00:00,12.67,29.995,1.0,-1.2,90.7,759.3,6.5,13.9,27.4,0.0
2026-03-22T09:30:00,12.67,28.173,12.8,-1.6,98.7,759.6,3.4,5.0,175.0,0.0
2026-03-22T10:00:00,12.70,28.324,4.1,-1.6,98.5,759.9,3.5,5.6,188.4,0.0
2026-03-22T10:30:00,12.67,29.161,12.8,-1.6,98.3,760.0,2.4,3.5,196.1,0.0
2026-03-22T11:00:00,12.64,29.214,14.3,-1.5,98.4,760.0,2.1,4.0,190.0,0.0
2026-03-22T11:30:00,12.67,29.153,19.6,-1.2,98.6,760.2,1.7,2.6,201.3,0.0
2026-03-22T12:00:00,12.61,30.954,21.5,-1.1,99.0,760.4,3.0,4.4,192.9,0.2
2026-03-22T12:30:00,12.61,31.470,12.1,-0.6,99.0,760.6,0.5,1.2,0.0,0.4
2026-03-22T13:00:00,12.61,32.772,23.5,-0.6,98.7,760.9,0.6,1.2,8.1,0.6
2026-03-22T13:30:00,12.61,34.754,31.4,-0.7,98.5,761.3,0.9,1.5,27.5,0.7
2026-03-22T14:00:00,12.61,36.138,33.7,-0.7,98.7,761.2,999.9,999.9,999.9,0.5
2026-03-22T14:30:00,12.61,38.587,42.0,-0.3,98.4,761.4,999.9,999.9,999.9,0.4
2026-03-22T15:00:00,12.79,39.144,41.8,-0.3,98.5,761.5,999.9,999.9,999.9,0.9
2026-03-22T15:30:00,13.10,39.646,37.5,-0.3,98.5,762.0,0.7,1.5,175.1,0.9
2026-03-22T16:00:00,13.19,40.654,33.1,0.1,98.0,762.3,0.5,1.3,199.1,1.6
2026-03-22T16:30:00,13.19,40.277,39.7,0.0,96.4,762.1,1.8,3.1,60.6,1.9
2026-03-22T17:00:00,13.10,41.511,34.5,0.0,96.2,762.5,0.9,2.5,350.8,1.2
2026-03-22T17:30:00,13.10,41.701,34.8,-0.2,97.1,762.6,1.6,2.8,109.9,1.1
2026-03-22T18:00:00,13.10,42.089,38.0,-0.2,96.1,762.6,1.9,2.9,85.7,0.7
2026-03-22T18:30:00,13.01,43.122,33.8,-0.2,95.6,762.8,1.8,2.6,51.3,0.5
2026-03-22T19:00:00,12.92,43.058,35.1,0.0,91.3,762.9,1.4,3.2,49.0,0.2
2026-03-22T19:30:00,12.79,42.659,34.5,-0.4,90.7,762.9,1.3,3.3,69.5,0.0
2026-03-22T20:00:00,12.73,43.712,34.4,-1.9,94.2,762.8,2.4,3.4,51.7,0.0
2026-03-22T20:30:00,12.67,43.674,34.5,-4.2,93.6,762.9,3.3,4.5,23.2,0.0
2026-03-22T21:00:00,12.61,42.753,34.1,-1.6,87.1,763.1,2.7,4.2,2.5,0.0
2026-03-22T21:30:00,12.61,43.760,34.1,-3.0,88.4,763.6,3.8,5.8,3.4,0.0
2026-03-22T22:00:00,12.58,43.515,30.4,-2.0,82.8,764.0,3.7,5.8,344.8,0.0
2026-03-22T22:30:00,12.55,42.130,23.6,-3.5,77.2,764.2,4.5,6.1,2.1,0.0
2026-03-22T23:00:00,12.55,42.088,31.2,-3.1,73.4,764.3,3.3,4.7,12.9,0.0
2026-03-22T23:30:00,12.52,42.572,32.1,-3.8,70.2,764.4,3.5,5.4,11.1,0.0
2026-03-23T00:00:00,12.48,43.032,25.4,-4.0,69.7,764.4,4.3,6.7,5.8,0.0
2026-03-23T00:30:00,12.48,42.775,32.3,-1.8,58.6,764.2,5.1,6.5,350.1,0.0
2026-03-23T01:00:00,12.48,41.873,32.7,-3.5,64.4,764.2,4.1,5.6,14.1,0.0
2026-03-23T01:30:00,12.48,41.064,32.3,-2.7,60.2,764.4,3.6,5.2,17.8,0.0
2026-03-23T02:00:00,12.48,40.519,30.8,-3.3,59.6,764.4,4.4,6.3,5.0,0.0
2026-03-23T02:30:00,12.42,40.945,30.1,-2.7,54.1,764.3,3.7,5.2,354.4,0.0
2026-03-23T03:00:00,12.42,40.275,26.1,-2.5,48.0,764.2,4.4,6.4,9.4,0.0
2026-03-23T03:30:00,12.42,40.425,25.6,-2.0,42.3,764.1,4.4,7.0,8.3,0.0
2026-03-23T04:00:00,12.42,41.463,25.2,-3.3,47.1,763.9,4.1,6.1,10.3,0.0
2026-03-23T04:30:00,12.42,41.919,33.8,-3.3,46.7,763.7,4.0,5.6,25.1,0.0
2026-03-23T05:00:00,12.42,40.993,33.8,-3.0,44.6,763.9,3.9,5.2,10.9,0.0
2026-03-23T05:30:00,12.36,42.042,31.2,-3.8,48.9,763.8,3.2,4.9,14.0,0.0
2026-03-23T06:00:00,12.36,41.592,30.8,-1.2,41.0,763.9,4.7,6.2,357.1,0.0
2026-03-23T06:30:00,12.36,41.724,31.5,-1.9,45.2,763.8,5.0,7.1,0.8,0.0
2026-03-23T07:00:00,12.36,42.049,31.0,-2.6,46.7,764.0,4.5,6.0,11.5,0.0
2026-03-23T07:30:00,12.36,41.989,23.6,-1.6,44.7,764.1,4.4,5.8,1.0,0.0
2026-03-23T08:00:00,12.36,42.161,31.6,-0.5,39.7,764.2,5.4,7.1,2.1,0.0
2026-03-23T08:30:00,12.36,42.612,31.5,-1.6,41.5,764.3,4.7,6.1,14.7,0.0
2026-03-23T09:00:00,13.38,42.750,30.0,1.2,32.2,764.5,4.3,5.4,0.5,0.0
2026-03-23T09:30:00,13.60,42.420,28.6,1.3,37.5,764.8,4.1,5.5,9.2,0.0
2026-03-23T10:00:00,13.87,41.811,30.0,1.9,43.3,764.9,4.2,6.1,8.8,0.0
2026-03-23T10:30:00,13.50,41.101,29.3,3.3,38.3,765.0,3.0,4.5,6.7,0.0
2026-03-23T11:00:00,14.15,40.756,29.5,4.6,40.1,765.4,2.8,3.9,9.7,0.0
2026-03-23T11:30:00,13.53,40.706,27.1,5.0,41.6,765.5,2.3,3.6,349.2,0.0
2026-03-23T12:00:00,13.44,41.915,26.2,5.9,36.3,765.6,2.7,3.7,13.2,0.0
2026-03-23T12:30:00,13.47,42.646,25.7,6.3,39.0,765.7,2.5,3.7,40.7,0.0
2026-03-23T13:00:00,13.57,42.908,26.2,5.1,53.2,765.5,2.2,3.2,6.6,0.0
2026-03-23T13:30:00,13.57,40.360,21.0,7.1,37.5,765.6,1.9,2.9,40.2,0.0
2026-03-23T14:00:00,13.44,37.775,19.6,5.4,50.9,765.4,2.9,3.8,20.3,0.0
2026-03-23T14:30:00,13.78,35.348,16.7,6.3,46.5,765.4,3.7,4.8,359.3,0.0
2026-03-23T15:00:00,13.44,31.897,15.8,6.3,49.8,765.2,3.4,4.7,0.6,0.0
2026-03-23T15:30:00,13.44,30.580,13.8,6.9,44.6,764.9,3.7,4.9,12.1,0.0
2026-03-23T16:00:00,13.47,28.885,13.8,7.3,40.8,764.9,3.4,4.9,4.5,0.0
2026-03-23T16:30:00,13.44,27.187,10.9,7.8,40.6,764.8,2.8,4.0,355.9,0.0
2026-03-23T17:00:00,13.19,27.255,9.8,7.6,37.6,764.7,2.9,4.7,7.7,0.0
2026-03-23T17:30:00,13.10,26.531,8.3,7.3,38.1,764.5,3.4,5.5,6.8,0.0
2026-03-23T18:00:00,13.04,26.253,7.0,7.7,36.3,764.6,3.0,4.3,11.2,0.0
2026-03-23T18:30:00,13.04,26.055,7.0,6.9,40.6,764.6,2.5,3.3,38.0,0.0
2026-03-23T19:00:00,12.98,25.434,7.6,5.7,46.5,764.6,2.7,3.6,32.3,0.0
2026-03-23T19:30:00,12.98,25.898,6.9,5.7,43.1,764.4,2.9,4.2,14.6,0.0
2026-03-23T20:00:00,12.92,25.525,6.0,4.4,50.9,764.4,3.5,4.9,20.2,0.0
2026-03-23T20:30:00,12.92,26.174,7.6,4.7,47.5,764.3,3.7,4.9,10.4,0.0
2026-03-23T21:00:00,12.92,25.955,6.9,5.4,45.2,764.0,4.5,6.5,1.7,0.0
2026-03-23T21:30:00,12.89,26.610,6.1,3.8,47.8,764.0,4.1,4.8,14.8,0.0
2026-03-23T22:00:00,12.85,26.253,5.7,4.9,42.3,764.0,4.1,5.9,14.2,0.0
2026-03-23T22:30:00,12.85,25.943,5.3,4.6,42.3,763.9,4.6,6.3,359.8,0.0
2026-03-23T23:00:00,12.85,26.173,5.4,4.4,45.3,763.8,4.3,5.7,7.8,0.0
2026-03-23T23:30:00,12.82,27.266,5.1,4.2,41.5,763.4,4.5,6.0,14.1,0.0
2026-03-24T00:00:00,12.79,28.103,5.0,4.4,38.0,763.3,3.5,4.4,16.9,0.0
2026-03-24T00:30:00,12.79,29.549,5.3,3.4,43.3,763.0,3.1,4.0,26.7,0.0
2026-03-24T01:00:00,12.79,29.621,5.3,3.1,46.7,762.7,4.0,5.1,14.4,0.0
2026-03-24T01:30:00,12.79,30.201,5.3,5.0,38.7,762.5,3.4,4.7,2.2,0.0
2026-03-24T02:00:00,12.79,31.338,5.2,5.0,36.0,762.4,2.9,3.8,39.6,0.0
2026-03-24T02:30:00,12.73,33.277,5.1,4.1,42.7,762.5,3.3,4.6,25.7,0.0
2026-03-24T03:00:00,12.73,34.084,5.0,4.1,41.5,762.2,3.8,6.1,26.0,0.0
2026-03-24T03:30:00,12.73,33.504,3.8,5.4,37.0,761.8,3.8,5.1,24.4,0.0
2026-03-24T04:00:00,12.73,33.211,4.5,4.6,39.6,761.7,3.6,4.5,24.0,0.0
2026-03-24T04:30:00,12.73,32.981,4.5,3.6,44.7,761.4,3.7,5.2,14.6,0.0
2026-03-24T05:00:00,12.70,31.865,3.8,4.9,38.5,761.1,4.1,6.6,14.0,0.0
2026-03-24T05:30:00,12.70,30.847,-2.1,6.1,32.9,761.1,3.7,6.0,8.0,0.0
2026-03-24T06:00:00,12.70,30.051,-1.4,5.6,37.2,761.0,3.7,5.9,0.3,0.0
2026-03-24T06:30:00,12.67,29.790,5.7,6.4,33.9,761.0,3.8,5.3,8.3,0.0
2026-03-24T07:00:00,12.67,30.670,5.6,5.8,35.5,761.1,3.3,4.8,19.3,0.0
2026-03-24T07:30:00,12.67,30.774,5.2,3.2,45.1,761.3,3.4,4.5,30.1,0.0
2026-03-24T08:00:00,12.67,29.990,4.5,4.3,40.2,761.4,3.6,4.7,23.1,0.0
2026-03-24T08:30:00,12.67,30.983,4.5,3.5,43.9,761.5,3.5,4.5,23.6,0.0
2026-03-24T09:00:00,13.50,31.680,4.5,4.8,40.6,761.7,3.2,4.5,24.3,0.0
2026-03-24T09:30:00,14.03,35.309,4.6,4.9,44.1,761.9,2.7,3.5,32.3,0.0
2026-03-24T10:00:00,13.44,36.122,3.1,7.1,41.3,762.1,2.5,3.6,50.2,0.0
2026-03-24T10:30:00,13.63,31.261,4.7,8.3,36.8,762.2,2.1,2.6,24.5,0.0
2026-03-24T11:00:00,13.44,26.486,6.9,8.7,37.6,762.5,1.4,2.2,35.0,0.0
2026-03-24T11:30:00,13.78,22.474,8.3,9.0,39.2,762.8,1.4,2.4,21.9,0.0
2026-03-24T12:00:00,13.44,20.127,5.4,10.7,30.2,762.9,1.0,2.0,232.5,0.0
2026-03-24T12:30:00,13.57,18.004,-0.6,9.3,33.0,762.9,1.3,2.6,317.8,0.0
2026-03-24T13:00:00,13.91,15.700,5.4,9.8,36.2,762.7,0.6,2.1,323.1,0.0
2026-03-24T13:30:00,13.47,14.495,4.0,8.9,38.7,762.6,1.6,2.9,6.8,0.0
2026-03-24T14:00:00,13.50,12.699,0.0,9.2,35.0,762.6,2.2,2.9,0.9,0.0
2026-03-24T14:30:00,13.50,10.667,0.0,9.3,39.3,762.3,2.1,2.9,2.5,0.0
2026-03-24T15:00:00,13.47,7.974,-0.1,11.2,31.5,762.3,0.5,2.3,223.4,0.0
2026-03-24T15:30:00,13.81,4.252,0.0,10.3,33.0,762.3,1.3,2.6,309.2,0.0
2026-03-24T16:00:00,13.66,2.031,0.1,9.6,42.9,762.2,1.6,5.1,245.9,0.0
2026-03-24T16:30:00,13.60,-0.162,0.1,8.4,49.2,762.3,4.7,8.0,199.2,0.0
2026-03-24T17:00:00,13.41,-1.314,0.1,7.9,52.8,762.6,3.4,6.0,200.6,0.0
2026-03-24T17:30:00,13.32,-1.467,0.1,7.9,53.7,762.5,0.8,2.3,202.5,0.0
2026-03-24T18:00:00,13.19,-1.261,0.1,6.7,69.4,762.6,3.4,4.8,203.4,0.0
2026-03-24T18:30:00,13.10,-1.730,0.1,6.0,78.6,763.0,3.1,5.2,205.9,0.0
2026-03-24T19:00:00,13.04,-1.832,0.1,5.7,79.5,763.1,0.6,2.1,283.0,0.0
2026-03-24T19:30:00,13.04,-1.691,0.1,5.6,79.4,763.3,0.8,2.6,237.4,0.0
2026-03-24T20:00:00,12.98,-1.431,0.2,5.1,92.5,763.6,2.7,4.0,195.3,0.0
2026-03-24T20:30:00,12.98,-1.799,0.2,4.9,91.9,763.9,0.7,1.8,180.9,0.0
2026-03-24T21:00:00,12.95,-1.664,0.2,4.5,91.6,764.0,1.1,2.1,353.4,0.0
2026-03-24T21:30:00,12.92,-1.268,0.2,3.9,93.1,764.3,1.7,2.4,330.0,0.0
2026-03-24T22:00:00,12.92,-1.488,0.2,3.4,89.5,764.4,3.4,4.6,12.1,0.0
2026-03-24T22:30:00,12.92,-2.188,0.2,5.0,76.5,763.8,2.7,3.8,351.1,0.0
2026-03-24T23:00:00,12.89,-1.430,0.2,4.3,72.1,763.6,1.5,2.6,18.7,0.0
2026-03-24T23:30:00,12.85,-1.811,0.1,4.8,82.0,763.8,1.4,2.4,105.4,0.0
2026-03-25T00:00:00,12.85,-1.482,0.2,4.2,72.0,763.5,3.2,3.9,11.1,0.0
2026-03-25T00:30:00,12.85,-1.633,0.2,3.9,62.7,763.6,2.1,3.3,22.4,0.0
2026-03-25T01:00:00,12.82,-1.141,0.2,4.9,52.4,763.5,2.9,4.0,3.1,0.0
2026-03-25T01:30:00,12.79,-2.099,0.2,4.1,55.9,763.3,2.6,3.7,15.1,0.0
2026-03-25T02:00:00,12.79,-1.382,0.2,3.9,55.6,763.3,2.9,3.6,17.7,0.0
2026-03-25T02:30:00,12.79,-1.700,0.2,3.8,53.2,763.2,3.0,4.0,3.5,0.0
2026-03-25T03:00:00,12.79,-1.371,0.2,4.8,48.3,763.1,2.9,3.4,20.0,0.0
2026-03-25T03:30:00,12.76,-1.910,0.2,3.9,55.9,762.8,2.8,3.9,23.6,0.0
2026-03-25T04:00:00,12.73,-1.793,0.2,4.1,53.4,762.7,2.9,4.2,24.1,0.0
2026-03-25T04:30:00,12.73,-1.648,0.2,4.7,49.4,762.5,3.2,3.9,21.9,0.0
2026-03-25T05:00:00,12.73,-1.456,0.2,4.4,51.5,762.2,3.7,5.3,359.9,0.0
2026-03-25T05:30:00,12.73,-1.169,0.2,5.1,48.0,762.0,2.7,4.2,28.7,0.0
2026-03-25T06:00:00,12.73,-1.933,0.2,4.0,53.3,762.1,2.8,3.9,28.3,0.0
2026-03-25T06:30:00,12.70,-2.056,0.2,4.4,53.8,762.2,3.5,4.6,26.4,0.0
2026-03-25T07:00:00,12.70,-1.474,0.2,4.3,52.3,762.1,3.6,5.4,11.4,0.0
2026-03-25T07:30:00,12.67,-1.514,0.2,3.8,55.6,762.4,3.0,4.6,24.3,0.0
2026-03-25T08:00:00,12.67,-1.605,0.2,3.7,53.2,762.4,3.0,4.3,7.8,0.0
2026-03-25T08:30:00,12.67,-1.079,0.2,2.8,58.2,762.7,3.1,4.1,30.4,0.0
2026-03-25T09:00:00,13.66,-0.824,0.0,5.0,47.6,762.8,3.6,5.3,6.7,0.0
2026-03-25T09:30:00,13.50,-1.079,0.0,5.0,49.7,762.9,4.1,5.2,11.9,0.0
2026-03-25T10:00:00,13.44,-0.703,0.0,7.3,43.1,762.9,3.0,4.0,25.7,0.0
2026-03-25T10:30:00,13.72,-0.031,-0.1,8.0,46.9,763.0,2.6,3.5,11.4,0.0
2026-03-25T11:00:00,13.57,-0.056,-0.1,10.1,34.2,763.0,2.2,3.8,354.8,0.0
2026-03-25T11:30:00,13.91,-0.016,-0.1,11.0,28.6,763.1,2.0,3.4,348.5,0.0
2026-03-25T12:00:00,13.44,0.234,-0.1,12.3,28.3,763.2,0.8,1.9,262.6,0.0
2026-03-25T12:30:00,13.50,0.819,0.1,13.3,24.8,763.3,0.7,1.6,42.0,0.0
2026-03-25T13:00:00,13.50,0.884,0.1,12.9,25.6,763.2,2.5,3.7,330.0,0.0
2026-03-25T13:30:00,13.47,1.456,0.1,13.2,27.6,763.2,2.8,4.4,314.6,0.0
2026-03-25T14:00:00,14.06,1.241,0.1,13.8,24.8,762.9,1.9,3.8,335.2,0.0
2026-03-25T14:30:00,13.47,1.154,0.1,14.6,26.7,762.7,1.1,2.8,310.5,0.0
2026-03-25T15:00:00,13.63,0.127,0.1,14.5,25.8,762.5,3.1,5.5,340.2,0.0
2026-03-25T15:30:00,13.50,0.092,0.1,15.0,24.3,762.4,1.5,3.2,248.5,0.0
2026-03-25T16:00:00,13.57,-0.112,0.1,15.4,24.3,762.3,1.2,3.1,296.5,0.0
2026-03-25T16:30:00,13.50,-0.798,0.2,14.8,27.2,762.2,2.6,5.2,326.4,0.0
2026-03-25T17:00:00,13.16,-0.747,0.1,14.2,24.7,762.3,2.2,5.3,123.6,0.0
2026-03-25T17:30:00,13.07,-1.251,0.1,12.7,29.5,762.2,2.6,4.8,330.1,0.0
2026-03-25T18:00:00,13.04,-1.110,0.1,11.5,44.3,762.4,2.1,3.9,202.7,0.0
2026-03-25T18:30:00,13.04,-1.647,0.1,10.5,54.1,762.5,1.0,2.0,211.8,0.0
2026-03-25T19:00:00,13.01,-1.084,0.1,10.2,50.3,762.5,0.5,1.5,305.2,0.0
2026-03-25T19:30:00,12.98,-1.478,0.1,9.8,46.9,762.7,0.8,1.6,341.6,0.0
2026-03-25T20:00:00,12.98,-1.194,0.1,9.0,52.6,762.7,1.8,2.5,10.3,0.0
2026-03-25T20:30:00,12.92,-1.750,0.1,8.8,56.7,762.7,1.9,3.3,22.9,0.0
2026-03-25T21:00:00,12.92,-1.478,0.1,8.4,57.8,762.9,2.1,3.3,21.4,0.0
2026-03-25T21:30:00,12.92,-1.202,0.1,8.9,50.0,763.0,1.6,3.0,12.2,0.0
2026-03-25T22:00:00,12.89,-1.002,0.1,9.1,41.3,763.1,1.6,2.5,26.6,0.0
2026-03-25T22:30:00,12.85,-0.907,0.2,9.4,38.0,763.1,2.6,4.1,355.8,0.0
2026-03-25T23:00:00,12.85,-0.865,0.2,8.0,49.4,763.0,2.7,5.7,8.4,0.0
2026-03-25T23:30:00,12.85,-1.457,0.2,8.4,40.1,762.9,2.0,3.5,15.0,0.0
2026-03-26T00:00:00,12.82,-0.927,0.2,8.9,37.4,762.8,1.3,2.8,352.5,0.0
2026-03-26T00:30:00,12.79,-1.033,0.2,8.0,42.5,762.7,2.0,3.8,25.5,0.0
2026-03-26T01:00:00,12.79,-1.303,0.1,8.0,42.3,762.4,1.4,2.8,30.0,0.0
2026-03-26T01:30:00,12.79,-0.538,0.2,7.9,44.6,762.4,2.0,3.3,42.1,0.0
2026-03-26T02:00:00,12.76,-1.441,0.2,7.1,47.6,762.3,2.3,4.4,42.8,0.0
2026-03-26T02:30:00,12.76,-1.454,0.2,7.1,46.5,762.2,1.8,4.1,12.3,0.0
2026-03-26T03:00:00,12.73,-1.344,0.2,6.7,45.0,761.9,2.1,4.9,15.7,0.0
2026-03-26T03:30:00,12.73,-0.746,0.2,7.8,38.6,761.8,1.9,3.6,7.9,0.0
2026-03-26T04:00:00,12.73,-1.240,0.1,8.6,36.6,761.6,1.7,3.2,58.1,0.0
2026-03-26T04:30:00,12.70,-0.955,0.2,8.1,42.0,761.4,1.9,4.1,258.2,0.0
2026-03-26T05:00:00,12.70,-1.024,0.2,7.4,44.1,761.2,2.1,4.4,238.9,0.0
2026-03-26T05:30:00,12.70,-1.390,0.2,6.3,50.4,761.4,2.4,4.9,242.8,0.0
2026-03-26T06:00:00,12.70,-1.047,0.2,6.5,55.2,761.4,1.2,2.5,74.6,0.0
2026-03-26T06:30:00,12.67,-1.040,0.2,6.4,58.1,761.6,1.6,3.2,40.6,0.0
2026-03-26T07:00:00,12.67,-1.039,0.2,6.2,54.6,761.8,1.3,3.0,27.1,0.0
2026-03-26T07:30:00,12.67,-0.774,0.2,6.2,56.4,761.9,1.7,3.2,31.9,0.0
2026-03-26T08:00:00,12.67,-0.792,0.2,6.7,51.3,761.9,1.0,3.0,32.7,0.0
2026-03-26T08:30:00,12.67,-1.118,0.2,7.5,45.1,762.0,2.0,3.9,24.6,0.0
2026-03-26T09:00:00,13.47,0.144,-0.1,8.7,44.7,762.2,1.6,3.3,24.4,0.0
2026-03-26T09:30:00,13.94,-0.197,-0.1,10.5,40.3,762.4,1.6,3.9,193.7,0.0
2026-03-26T10:00:00,14.15,0.237,-0.1,10.8,38.1,762.3,1.6,3.7,173.9,0.0
2026-03-26T10:30:00,13.57,0.672,-0.1,11.5,31.1,762.4,1.7,4.7,242.5,0.0
2026-03-26T11:00:00,13.47,1.207,-0.1,12.2,29.8,762.6,2.0,4.2,212.2,0.0
2026-03-26T11:30:00,13.44,1.748,-0.1,12.4,29.7,762.8,1.7,3.5,239.5,0.0
2026-03-26T12:00:00,13.50,2.118,-0.1,12.7,27.5,762.6,1.5,3.5,264.3,0.0
2026-03-26T12:30:00,13.50,2.233,0.0,13.5,26.2,762.5,3.9,6.7,312.4,0.0
2026-03-26T13:00:00,13.50,1.632,0.1,14.9,18.4,762.4,3.7,6.2,353.6,0.0
2026-03-26T13:30:00,14.28,1.763,0.1,14.8,20.0,762.4,3.0,6.5,353.9,0.0
2026-03-26T14:00:00,13.50,1.296,0.1,15.2,19.7,762.4,3.5,6.8,349.2,0.0
2026-03-26T14:30:00,13.50,1.170,0.1,15.6,19.5,762.2,5.2,8.4,8.8,0.0
2026-03-26T15:00:00,13.57,0.301,0.1,15.6,18.9,762.1,5.6,10.9,9.0,0.0
2026-03-26T15:30:00,13.57,0.082,0.1,15.4,17.5,762.1,6.0,11.6,356.7,0.0
2026-03-26T16:00:00,13.50,-0.147,0.1,15.3,17.8,762.1,5.3,9.3,0.0,0.0
2026-03-26T16:30:00,13.53,-0.385,0.2,15.2,21.0,762.0,4.7,9.5,355.2,0.0
2026-03-26T17:00:00,13.16,-0.040,0.1,13.7,23.4,762.1,2.1,4.1,317.3,0.0
2026-03-26T17:30:00,13.10,-0.375,0.1,13.3,22.8,762.0,2.7,5.9,320.0,0.0
2026-03-26T18:00:00,13.07,-0.817,0.1,12.7,21.4,762.1,2.2,6.7,319.5,0.0
2026-03-26T18:30:00,13.04,-0.699,0.1,12.4,24.3,762.0,1.7,3.3,308.2,0.0
2026-03-26T19:00:00,13.01,-1.424,0.1,11.5,30.4,762.2,1.1,2.6,288.6,0.0
2026-03-26T19:30:00,12.98,-1.118,0.1,10.9,48.2,762.3,1.3,3.1,222.5,0.0
2026-03-26T20:00:00,12.98,-0.495,0.1,10.1,38.4,762.3,2.8,4.4,347.1,0.0
2026-03-26T20:30:00,12.95,-1.076,0.1,10.2,34.9,762.5,2.3,3.0,346.5,0.0
2026-03-26T21:00:00,13.04,-0.632,0.2,9.5,39.8,762.6,2.4,3.2,24.1,0.0
2026-03-26T21:30:00,12.92,-0.784,0.1,10.1,31.0,762.7,2.4,4.5,26.5,0.0
2026-03-26T22:00:00,12.92,-0.623,0.2,9.3,34.2,762.7,2.3,3.4,32.2,0.0
2026-03-26T22:30:00,12.89,-0.342,0.2,8.9,39.9,762.7,2.4,4.0,26.5,0.0
2026-03-26T23:00:00,12.85,-0.543,0.2,9.8,29.1,762.7,3.7,6.2,339.6,0.0
2026-03-26T23:30:00,12.85,-0.733,0.2,10.2,28.9,762.7,2.1,4.4,334.6,0.0
2026-03-27T00:00:00,12.85,-0.461,0.2,9.5,30.4,762.7,1.8,3.9,337.3,0.0
2026-03-27T00:30:00,12.85,-0.334,0.2,9.0,34.0,762.6,2.2,4.1,356.1,0.0
2026-03-27T01:00:00,12.79,-0.581,0.2,8.9,34.9,762.5,3.6,5.8,355.0,0.0
2026-03-27T01:30:00,12.79,-0.211,0.2,9.3,31.9,762.4,2.1,4.3,7.2,0.0
2026-03-27T02:00:00,12.79,-0.825,0.2,9.2,28.3,762.5,1.3,2.4,38.3,0.0
2026-03-27T02:30:00,12.79,-0.842,0.2,9.0,32.3,762.4,1.3,2.5,30.8,0.0
2026-03-27T03:00:00,12.76,-0.149,0.2,8.8,33.0,762.1,0.9,2.1,24.2,0.0
2026-03-27T03:30:00,12.73,-0.293,0.2,8.9,35.0,762.0,1.6,3.0,13.9,0.0
2026-03-27T04:00:00,12.73,-0.591,0.2,7.0,43.4,761.9,2.5,3.4,35.9,0.0
2026-03-27T04:30:00,12.73,-0.652,0.2,6.5,42.5,761.8,2.3,3.7,16.5,0.0
2026-03-27T05:00:00,12.70,-0.352,0.2,5.8,46.0,761.8,2.6,3.3,35.1,0.0
2026-03-27T05:30:00,12.70,-0.347,0.2,5.2,51.1,761.9,2.7,3.6,24.5,0.0
2026-03-27T06:00:00,12.70,-0.900,0.2,6.2,41.2,761.9,2.9,3.9,36.7,0.0
2026-03-27T06:30:00,12.67,-0.619,0.2,7.1,41.1,762.2,1.2,2.3,56.2,0.0
2026-03-27T07:00:00,12.67,-0.283,0.2,5.7,46.0,762.6,2.5,3.8,37.8,0.0
2026-03-27T07:30:00,12.67,-0.653,0.2,5.4,45.3,762.6,2.8,4.1,4.5,0.0
2026-03-27T08:00:00,12.64,-0.683,0.2,3.9,55.4,762.8,3.1,4.2,16.8,0.0
2026-03-27T08:30:00,12.64,-0.536,0.2,5.6,46.7,762.7,2.8,4.8,42.0,0.0
2026-03-27T09:00:00,13.57,0.503,-0.1,9.2,30.4,762.9,2.2,4.7,40.6,0.0
2026-03-27T09:30:00,14.06,0.631,-0.1,9.8,33.4,763.2,1.6,2.7,22.1,0.0
2026-03-27T10:00:00,13.63,0.306,-0.1,11.1,26.2,763.3,1.3,3.0,45.8,0.0
2026-03-27T10:30:00,14.18,0.841,-0.1,11.5,27.8,763.4,1.4,3.7,30.6,0.0
2026-03-27T11:00:00,13.47,2.146,-0.1,12.7,23.4,763.5,0.9,2.2,324.5,0.0
2026-03-27T11:30:00,13.50,2.566,-0.1,13.2,24.7,763.6,1.1,2.4,145.2,0.0
2026-03-27T12:00:00,13.53,2.171,-0.1,13.5,20.8,763.7,2.0,4.0,211.7,0.0
2026-03-27T12:30:00,13.50,2.377,0.1,14.3,20.3,763.6,2.8,5.7,338.0,0.0
2026-03-27T13:00:00,13.50,3.065,0.1,14.7,19.4,763.5,1.7,4.9,250.4,0.0
2026-03-27T13:30:00,13.50,1.824,0.1,16.2,12.7,763.5,5.4,10.6,32.6,0.0
2026-03-27T14:00:00,14.18,0.749,0.0,16.1,17.1,763.1,5.7,11.5,19.2,0.0
2026-03-27T14:30:00,13.47,0.616,0.1,16.6,16.1,763.1,7.0,13.1,21.9,0.0
2026-03-27T15:00:00,13.57,0.283,0.1,17.4,12.7,763.0,4.4,8.5,31.2,0.0
2026-03-27T15:30:00,13.57,-0.054,0.1,17.1,14.9,763.0,5.4,8.3,26.0,0.0
2026-03-27T16:00:00,13.50,-0.285,0.1,17.8,14.8,762.8,4.9,9.8,32.3,0.0
2026-03-27T16:30:00,13.50,-0.428,0.2,17.1,13.7,762.9,4.0,8.1,166.8,0.0
2026-03-27T17:00:00,13.16,-0.007,0.1,15.1,24.1,763.1,3.1,6.2,240.2,0.0
2026-03-27T17:30:00,13.10,-0.504,0.1,14.5,21.3,763.0,2.2,4.9,302.3,0.0
2026-03-27T18:00:00,13.07,-0.859,0.1,14.7,21.2,763.0,2.6,4.3,339.1,0.0
2026-03-27T18:30:00,13.04,-0.574,0.1,13.8,21.3,763.0,2.2,6.3,237.9,0.0
2026-03-27T19:00:00,13.04,-0.798,0.1,12.6,43.0,763.2,2.3,4.6,197.6,0.0
2026-03-27T19:30:00,13.01,-0.455,0.1,11.0,56.2,763.2,1.7,3.2,187.6,0.0
2026-03-27T20:00:00,12.98,-0.807,0.1,10.8,55.6,763.2,0.9,1.8,36.2,0.0
2026-03-27T20:30:00,12.98,-0.245,0.1,10.4,50.9,763.2,2.3,4.2,14.4,0.0
2026-03-27T21:00:00,12.92,-0.660,0.1,11.0,38.3,763.3,1.3,2.3,44.9,0.0
2026-03-27T21:30:00,12.92,-0.182,0.1,10.5,40.3,763.4,2.1,5.0,17.8,0.0
2026-03-27T22:00:00,12.92,-0.041,0.1,10.0,42.4,763.4,2.0,3.7,31.2,0.0
2026-03-27T22:30:00,12.92,-0.294,0.1,9.2,43.2,763.2,2.5,3.4,21.6,0.0
2026-03-27T23:00:00,12.89,-0.538,0.1,9.2,43.1,763.3,2.3,4.1,20.9,0.0
2026-03-27T23:30:00,12.85,-0.460,0.1,9.7,33.3,763.2,2.2,3.9,24.1,0.0
2026-03-28T00:00:00,12.85,-0.423,0.1,9.9,34.9,763.2,2.3,3.9,30.7,0.0
2026-03-28T00:30:00,12.85,-0.727,0.1,8.8,41.9,763.1,2.1,4.8,37.7,0.0
2026-03-28T01:00:00,12.82,-0.489,0.1,10.2,29.5,763.1,2.1,4.3,35.5,0.0
2026-03-28T01:30:00,12.79,-0.435,0.1,9.5,30.4,762.9,2.8,4.2,38.6,0.0
2026-03-28T02:00:00,12.79,-0.036,0.1,10.3,26.8,762.7,1.7,3.3,11.7,0.0
2026-03-28T02:30:00,12.79,-0.231,0.1,11.4,24.7,762.6,1.3,2.9,78.3,0.0
2026-03-28T03:00:00,12.79,-0.343,0.1,11.5,25.5,762.6,2.5,4.1,65.0,0.0
2026-03-28T03:30:00,12.76,-0.660,0.1,11.7,24.0,762.6,1.9,3.0,15.5,0.0
2026-03-28T04:00:00,12.73,-0.297,0.1,10.7,28.2,762.2,1.9,4.6,315.3,0.0
2026-03-28T04:30:00,12.73,-0.473,0.1,12.0,23.1,762.1,3.7,6.7,323.8,0.0
2026-03-28T05:00:00,12.73,-0.875,0.1,11.4,26.5,762.0,3.1,5.6,353.9,0.0
2026-03-28T05:30:00,12.70,-0.460,0.1,12.9,21.3,762.1,3.5,6.8,332.4,0.0
2026-03-28T06:00:00,12.70,-0.340,0.1,11.2,25.6,762.1,3.1,6.6,29.3,0.0
2026-03-28T06:30:00,12.70,-0.082,0.1,13.1,19.3,762.2,4.4,10.5,1.2,0.0
2026-03-28T07:00:00,12.70,-0.006,0.1,13.3,17.3,761.9,5.9,12.1,26.1,0.0
2026-03-28T07:30:00,12.70,-0.227,0.0,13.8,17.0,761.9,7.9,13.2,30.5,0.0
2026-03-28T08:00:00,12.70,-0.081,0.1,12.3,21.9,762.3,2.4,4.9,328.6,0.0
2026-03-28T08:30:00,12.70,-0.148,0.1,12.6,19.7,762.4,5.6,11.6,11.5,0.0
2026-03-28T09:00:00,13.44,0.843,-0.2,12.6,25.0,763.1,2.1,5.7,237.5,0.0
2026-03-28T09:30:00,13.75,0.636,-0.1,13.7,21.2,763.4,1.9,5.6,181.6,0.0
2026-03-28T10:00:00,14.21,0.038,-0.1,13.7,23.8,763.8,3.5,7.8,354.8,0.0
2026-03-28T10:30:00,13.57,0.760,-0.1,14.0,24.6,764.0,4.6,8.5,0.2,0.0
2026-03-28T11:00:00,13.50,0.648,0.0,15.0,22.0,764.0,7.0,12.4,21.6,0.0
2026-03-28T11:30:00,13.97,0.236,0.0,15.6,20.5,764.1,8.3,12.8,28.2,0.0
2026-03-28T12:00:00,13.50,0.520,0.0,15.6,21.5,764.2,7.2,13.7,26.6,0.0
2026-03-28T12:30:00,13.47,1.183,0.0,16.0,18.9,764.5,7.5,12.5,24.8,0.0
2026-03-28T13:00:00,13.50,0.874,-0.1,16.7,19.9,764.6,8.7,14.3,20.6,0.0
2026-03-28T13:30:00,13.50,1.031,0.0,17.2,20.0,764.9,8.1,13.3,17.1,0.0
2026-03-28T14:00:00,13.60,0.929,0.0,17.3,17.9,764.8,7.2,13.3,17.2,0.0
2026-03-28T14:30:00,13.57,0.755,0.0,17.1,20.9,764.7,9.0,14.1,18.4,0.0
2026-03-28T15:00:00,13.94,0.248,0.0,17.4,18.6,764.6,9.5,15.7,18.2,0.0
2026-03-28T15:30:00,13.57,-0.021,0.0,17.9,20.2,764.6,9.2,16.2,22.3,0.0
2026-03-28T16:00:00,13.47,-0.210,0.1,18.0,16.3,764.3,9.9,15.9,17.6,0.0
2026-03-28T16:30:00,13.50,-0.541,-0.1,18.2,13.5,764.1,10.7,16.4,18.3,0.0
2026-03-28T17:00:00,13.16,-0.706,-0.1,17.4,19.1,764.3,10.2,17.2,20.3,0.0
2026-03-28T17:30:00,13.10,-0.434,0.0,16.6,20.7,764.1,8.7,14.4,13.3,0.0
2026-03-28T18:00:00,13.07,-0.566,0.1,16.4,20.3,764.3,6.9,12.6,12.7,0.0
2026-03-28T18:30:00,13.04,-1.129,0.1,14.3,36.5,764.5,3.3,5.8,192.3,0.0
2026-03-28T19:00:00,13.04,-0.395,0.1,12.5,46.9,764.6,2.3,4.3,198.2,0.0
2026-03-28T19:30:00,13.01,-0.586,0.2,11.7,51.5,764.7,0.7,1.5,314.3,0.0
2026-03-28T20:00:00,12.98,-0.727,0.1,12.2,45.7,764.7,0.5,0.9,131.3,0.0
2026-03-28T20:30:00,12.98,-1.208,0.1,11.3,56.7,764.7,1.3,4.3,173.7,0.0
2026-03-28T21:00:00,12.95,-1.297,0.1,10.3,62.3,765.2,1.9,3.0,205.4,0.0
2026-03-28T21:30:00,12.92,-0.563,0.1,10.7,54.5,765.2,2.0,3.6,18.0,0.0
2026-03-28T22:00:00,12.92,-0.797,0.1,11.2,38.6,765.2,1.3,3.5,25.6,0.0
2026-03-28T22:30:00,12.92,-0.641,0.1,11.5,34.9,765.2,1.3,2.1,48.8,0.0
2026-03-28T23:00:00,12.92,-0.868,0.1,11.0,35.4,765.1,1.8,2.7,10.4,0.0
2026-03-28T23:30:00,12.89,-0.675,0.1,9.6,44.3,765.0,2.5,3.6,22.1,0.0
2026-03-29T00:00:00,12.85,-0.554,0.1,9.5,44.6,765.0,2.1,3.6,48.3,0.0
2026-03-29T00:30:00,12.85,-0.643,0.1,9.1,43.1,765.1,2.8,4.3,6.8,0.0
2026-03-29T01:00:00,12.85,0.035,0.1,8.6,46.2,765.0,3.7,4.8,13.1,0.0
2026-03-29T01:30:00,12.82,-0.786,0.1,8.9,41.4,764.8,3.3,4.3,27.2,0.0
2026-03-29T02:00:00,12.79,-0.511,0.1,7.8,50.5,764.6,3.5,4.8,23.2,0.0
2026-03-29T02:30:00,12.79,-0.173,0.1,8.4,44.4,764.6,3.5,4.7,23.9,0.0
2026-03-29T03:00:00,12.79,-0.205,0.1,10.0,35.5,764.5,3.9,6.0,357.6,0.0
2026-03-29T03:30:00,12.76,-0.567,0.1,9.0,39.7,764.4,3.8,5.0,21.9,0.0
2026-03-29T04:00:00,12.73,-0.256,0.1,9.2,36.7,764.1,3.3,4.1,26.2,0.0
2026-03-29T04:30:00,12.73,-0.173,0.1,7.5,43.6,764.0,3.5,5.0,14.7,0.0
2026-03-29T05:00:00,12.73,-0.665,0.2,7.9,41.2,763.9,2.9,4.1,21.7,0.0
2026-03-29T05:30:00,12.70,-0.331,0.1,8.1,38.3,763.9,2.8,3.6,16.4,0.0
2026-03-29T06:00:00,12.70,-0.040,0.2,7.9,37.4,764.1,3.5,5.3,17.2,0.0
2026-03-29T06:30:00,12.67,-0.026,0.1,8.0,35.0,764.2,4.4,7.1,9.2,0.0
2026-03-29T07:00:00,12.67,-0.244,0.2,8.0,33.1,764.3,3.4,4.2,23.4,0.0
2026-03-29T07:30:00,12.67,-0.451,0.2,7.7,35.3,764.6,3.3,5.2,26.9,0.0
2026-03-29T08:00:00,12.67,-0.331,0.1,8.2,28.7,764.8,3.2,4.1,26.2,0.0
2026-03-29T08:30:00,12.67,-0.670,0.1,8.4,29.8,764.9,3.3,4.9,30.1,0.0
2026-03-29T09:00:00,13.60,0.748,0.0,8.0,34.9,765.3,3.2,3.6,24.4,0.0
2026-03-29T09:30:00,14.09,-0.194,-0.1,8.9,35.6,765.6,3.2,5.7,22.7,0.0
2026-03-29T10:00:00,13.53,-0.066,-0.1,11.3,27.9,765.7,3.7,5.2,20.5,0.0
2026-03-29T10:30:00,13.57,0.882,-0.1,13.6,25.4,765.8,2.2,5.0,7.8,0.0
2026-03-29T11:00:00,13.50,1.494,-0.1,15.9,16.5,765.8,2.1,3.3,20.2,0.0
2026-03-29T11:30:00,13.57,1.961,-0.1,17.2,18.8,766.0,0.9,3.1,16.3,0.0
2026-03-29T12:00:00,13.50,2.697,-0.1,18.1,13.5,766.1,1.5,2.6,9.4,0.0
2026-03-29T12:30:00,13.94,3.073,-0.1,17.7,15.5,766.0,2.0,3.4,254.4,0.0
2026-03-29T13:00:00,13.50,2.974,0.0,18.0,13.6,766.0,1.6,3.2,208.1,0.0
2026-03-29T13:30:00,13.50,2.969,0.0,17.1,18.5,765.9,2.7,4.8,207.0,0.0
2026-03-29T14:00:00,13.50,2.542,0.0,17.2,21.7,766.0,2.3,3.8,203.5,0.0
2026-03-29T14:30:00,13.50,1.666,0.1,17.5,22.5,766.0,2.9,5.2,204.4,0.0
2026-03-29T15:00:00,13.60,1.551,0.1,18.1,22.2,765.9,2.2,4.1,195.8,0.0
2026-03-29T15:30:00,13.50,1.159,0.0,19.2,22.1,765.9,1.0,3.0,237.2,0.0
2026-03-29T16:00:00,14.06,1.174,0.1,20.4,13.7,765.7,2.4,4.7,329.0,0.0
2026-03-29T16:30:00,13.50,0.464,0.1,20.1,12.6,765.6,3.9,6.0,340.6,0.0
2026-03-29T17:00:00,13.16,-0.017,0.0,19.0,14.2,765.4,3.6,6.6,332.2,0.0
2026-03-29T17:30:00,13.10,-0.421,0.1,18.1,17.0,765.5,1.0,4.6,340.8,0.0
2026-03-29T18:00:00,13.07,0.118,0.1,16.8,18.1,765.4,1.5,3.5,263.7,0.0
2026-03-29T18:30:00,13.07,-0.475,0.1,15.5,35.7,765.3,0.8,1.7,235.7,0.0
2026-03-29T19:00:00,13.04,-0.743,0.1,15.7,32.0,765.2,0.7,2.8,308.3,0.0
2026-03-29T19:30:00,13.04,0.288,0.1,15.8,20.0,765.2,2.8,5.6,6.3,0.0
2026-03-29T20:00:00,13.01,-0.144,0.1,13.4,26.2,765.3,2.5,3.5,20.6,0.0
2026-03-29T20:30:00,12.98,-0.154,0.1,13.1,25.2,765.4,3.0,4.0,19.0,0.0
2026-03-29T21:00:00,12.98,-0.104,0.1,12.7,27.8,765.5,2.6,3.7,28.9,0.0
2026-03-29T21:30:00,12.98,-0.072,0.1,11.5,33.9,765.5,3.4,4.0,21.3,0.0
2026-03-29T22:00:00,12.92,0.093,0.1,11.8,28.6,765.5,3.7,4.7,23.0,0.0
2026-03-29T22:30:00,12.92,-0.155,0.1,12.1,25.3,765.4,3.5,4.4,18.9,0.0
2026-03-29T23:00:00,12.92,0.209,0.1,12.9,22.4,765.4,3.1,4.0,38.5,0.0
2026-03-29T23:30:00,12.92,0.490,0.1,13.0,20.7,765.4,1.4,3.3,22.7,0.0
2026-03-30T00:00:00,12.89,0.397,0.2,10.2,33.2,765.3,2.9,3.5,22.8,0.0
2026-03-30T00:30:00,12.98,0.253,0.2,10.9,28.1,765.2,1.9,2.5,15.6,0.0
2026-03-30T01:00:00,12.85,0.224,0.1,9.2,32.9,765.1,2.8,4.0,31.6,0.0
2026-03-30T01:30:00,12.85,0.328,0.2,9.6,30.5,764.9,3.1,3.8,11.3,0.0
2026-03-30T02:00:00,12.79,-0.212,0.2,8.8,37.5,764.8,2.9,3.5,21.6,0.0
2026-03-30T02:30:00,12.79,0.107,0.2,9.1,34.5,764.7,3.1,3.9,28.6,0.0
2026-03-30T03:00:00,12.79,0.492,0.2,8.4,37.5,764.5,3.4,4.6,18.5,0.0
2026-03-30T03:30:00,12.79,0.110,0.2,9.3,31.8,764.3,3.1,3.9,17.4,0.0
2026-03-30T04:00:00,12.76,0.328,0.2,10.3,26.3,764.4,3.5,4.4,22.9,0.0
2026-03-30T04:30:00,12.73,0.311,0.2,9.4,31.6,764.2,3.3,4.3,31.8,0.0
2026-03-30T05:00:00,12.73,0.249,0.2,10.5,24.7,764.1,3.4,4.6,20.0,0.0
2026-03-30T05:30:00,12.73,0.250,0.2,9.5,27.5,764.1,3.3,4.4,23.9,0.0
2026-03-30T06:00:00,12.70,-0.095,0.2,9.9,25.8,764.1,4.3,5.7,13.3,0.0
2026-03-30T06:30:00,12.70,-0.095,0.2,9.2,28.3,764.2,4.3,5.7,7.1,0.0
2026-03-30T07:00:00,12.70,0.260,0.2,10.6,23.2,764.4,4.3,6.0,13.6,0.0
2026-03-30T07:30:00,12.67,0.046,0.2,9.3,28.6,764.5,4.4,6.2,10.3,0.0
2026-03-30T08:00:00,12.67,0.404,0.2,10.6,23.0,764.5,3.8,5.6,19.1,0.0
2026-03-30T08:30:00,12.67,-0.095,0.2,10.6,22.9,764.6,3.4,4.5,19.7,0.0
2026-03-30T09:00:00,13.60,1.352,0.0,10.8,22.8,764.8,3.9,5.5,20.7,0.0
2026-03-30T09:30:00,14.03,0.928,-0.1,11.9,25.2,764.7,4.9,6.4,5.6,0.0
2026-03-30T10:00:00,13.44,1.008,-0.1,13.1,22.5,764.9,5.3,6.8,7.8,0.0
2026-03-30T10:30:00,14.18,1.413,-0.1,15.2,20.2,765.1,4.9,6.6,13.4,0.0
2026-03-30T11:00:00,13.57,1.855,-0.1,16.3,19.2,765.2,4.3,6.5,24.0,0.0
2026-03-30T11:30:00,13.57,2.528,-0.1,18.1,17.0,765.2,3.3,4.9,8.6,0.0
2026-03-30T12:00:00,13.50,2.448,0.0,16.2,12.7,765.4,2.8,4.1,192.4,0.0
2026-03-30T12:30:00,13.50,2.983,0.0,16.9,11.4,765.4,2.4,4.1,199.7,0.0
2026-03-30T13:00:00,13.57,3.173,0.0,17.6,10.0,765.5,2.1,3.5,194.4,0.0
2026-03-30T13:30:00,13.50,3.657,0.1,17.9,10.0,765.4,2.4,3.8,194.9,0.0
2026-03-30T14:00:00,14.03,2.347,0.1,18.0,13.1,765.3,2.9,4.6,201.3,0.0
2026-03-30T14:30:00,13.50,2.358,0.1,18.8,12.2,765.0,2.4,4.1,201.9,0.0
2026-03-30T15:00:00,13.50,1.043,0.1,18.3,16.7,764.8,3.8,6.3,203.7,0.0
2026-03-30T15:30:00,13.57,0.897,0.1,18.1,17.7,764.8,3.4,5.2,201.9,0.0
2026-03-30T16:00:00,13.50,0.390,0.1,18.6,19.0,764.7,2.3,5.3,210.6,0.0
2026-03-30T16:30:00,13.57,0.447,0.1,18.0,25.2,764.6,4.6,6.3,201.7,0.0
2026-03-30T17:00:00,13.16,0.328,0.1,16.1,31.9,764.6,3.5,5.0,205.2,0.0
2026-03-30T17:30:00,13.10,-0.784,0.1,15.8,35.8,764.7,3.7,5.5,200.9,0.0
2026-03-30T18:00:00,13.07,0.104,0.1,15.2,40.7,764.8,2.7,3.9,192.9,0.0
2026-03-30T18:30:00,13.07,0.061,0.1,14.4,41.6,764.9,0.4,0.9,245.2,0.0
2026-03-30T19:00:00,13.04,-0.594,0.2,14.0,39.4,764.9,1.4,2.2,10.7,0.0
2026-03-30T19:30:00,13.04,-0.564,0.1,13.5,40.7,764.9,1.8,2.4,17.3,0.0
2026-03-30T20:00:00,13.01,0.084,0.1,13.1,35.3,764.9,1.8,2.5,24.8,0.0
2026-03-30T20:30:00,12.98,-0.141,0.2,11.5,40.6,764.7,3.1,3.8,14.0,0.0
2026-03-30T21:00:00,12.98,-0.071,0.2,11.7,41.1,764.9,1.9,2.8,27.7,0.0
2026-03-30T21:30:00,12.95,-0.004,0.2,11.2,40.7,764.9,2.6,3.6,10.4,0.0
2026-03-30T22:00:00,12.92,0.399,0.2,10.8,42.1,765.0,2.1,2.9,20.4,0.0
2026-03-30T22:30:00,12.92,-0.234,0.2,11.3,37.0,764.9,3.3,3.9,26.9,0.0
2026-03-30T23:00:00,12.92,0.365,0.2,10.5,35.1,764.7,3.3,5.1,18.9,0.0
2026-03-30T23:30:00,12.92,0.053,0.2,12.2,28.2,764.7,2.7,4.0,40.0,0.0
2026-03-31T00:00:00,12.89,0.087,0.2,11.5,27.7,764.6,3.4,4.5,20.4,0.0
2026-03-31T00:30:00,12.85,0.678,0.2,10.2,34.4,764.5,3.5,5.2,13.8,0.0
2026-03-31T01:00:00,12.85,-0.013,0.2,10.9,29.4,764.3,4.1,6.2,12.2,0.0
2026-03-31T01:30:00,12.85,0.218,0.2,11.5,24.7,764.4,3.2,5.0,28.7,0.0
2026-03-31T02:00:00,12.85,0.002,0.2,10.8,26.9,764.2,3.9,5.8,29.7,0.0
2026-03-31T02:30:00,12.79,0.267,0.2,11.2,25.0,764.1,4.0,5.7,26.2,0.0
2026-03-31T03:00:00,12.79,0.141,0.2,10.8,25.7,764.0,3.6,6.4,15.4,0.0
2026-03-31T03:30:00,12.79,0.377,0.2,9.8,29.9,763.8,4.3,6.4,12.8,0.0
2026-03-31T04:00:00,12.76,0.520,0.2,10.3,27.8,763.7,4.2,6.6,13.2,0.0
2026-03-31T04:30:00,12.73,0.310,0.2,10.5,25.6,763.4,4.4,6.6,18.3,0.0
2026-03-31T05:00:00,12.73,0.316,0.2,9.9,27.9,763.4,3.8,6.5,19.2,0.0
2026-03-31T05:30:00,12.73,0.441,0.2,9.9,26.8,763.1,4.9,6.0,13.8,0.0
2026-03-31T06:00:00,12.73,0.317,0.2,9.3,30.1,763.1,4.7,6.7,5.4,0.0
2026-03-31T06:30:00,12.70,0.305,0.2,10.3,25.7,763.1,3.5,5.7,27.4,0.0
2026-03-31T07:00:00,12.70,0.368,0.2,9.7,26.7,763.3,4.0,6.1,9.0,0.0
2026-03-31T07:30:00,12.70,0.597,0.2,10.0,24.0,763.3,3.1,5.3,14.5,0.0
2026-03-31T08:00:00,12.67,0.381,0.2,9.0,29.1,763.4,4.1,5.3,4.3,0.0
2026-03-31T08:30:00,12.67,0.347,0.2,9.3,25.9,763.6,3.2,4.9,18.6,0.0
2026-03-31T09:00:00,13.60,1.057,0.0,9.6,28.0,763.6,3.6,4.9,14.1,0.0
2026-03-31T09:30:00,14.06,0.819,0.0,11.4,20.7,763.9,3.3,5.6,17.0,0.0
2026-03-31T10:00:00,13.47,0.978,0.0,12.6,21.3,764.0,3.1,4.6,20.8,0.0
2026-03-31T10:30:00,13.50,1.486,0.0,13.6,23.5,763.9,4.2,6.3,8.1,0.0
2026-03-31T11:00:00,13.47,1.656,0.0,14.5,14.4,764.1,2.3,3.6,62.3,0.0
2026-03-31T11:30:00,13.78,2.684,-0.1,13.9,15.6,764.3,2.5,3.9,187.1,0.0
2026-03-31T12:00:00,13.57,2.431,0.0,14.8,16.9,764.5,2.3,3.8,193.5,0.0
2026-03-31T12:30:00,14.00,3.215,0.0,15.2,16.6,764.4,2.0,4.0,192.0,0.0
2026-03-31T13:00:00,13.50,3.155,0.1,15.4,15.8,764.4,2.3,4.0,198.6,0.0
2026-03-31T13:30:00,13.50,1.945,0.1,15.6,18.9,764.4,3.2,4.8,194.0,0.0
2026-03-31T14:00:00,13.60,1.999,0.1,15.4,19.2,764.5,4.2,6.0,196.1,0.0
2026-03-31T14:30:00,13.50,1.684,0.1,16.0,19.8,764.3,4.3,7.0,202.2,0.0
2026-03-31T15:00:00,14.00,1.319,0.1,16.1,19.5,764.1,3.6,5.9,202.1,0.0
2026-03-31T15:30:00,13.50,0.947,0.1,16.4,21.1,764.2,3.6,5.9,197.2,0.0
2026-03-31T16:00:00,13.81,0.424,0.1,16.2,21.0,764.1,4.0,7.0,204.8,0.0
2026-03-31T16:30:00,13.50,0.486,0.1,16.5,23.5,764.0,3.7,7.3,204.2,0.0
2026-03-31T17:00:00,13.16,0.563,0.1,15.2,25.2,764.1,3.9,5.6,211.5,0.0
2026-03-31T17:30:00,13.10,-0.162,0.1,14.9,28.6,764.1,4.2,6.0,203.9,0.0
2026-03-31T18:00:00,13.07,-0.402,0.2,14.3,30.3,764.2,3.7,5.1,201.5,0.0
2026-03-31T18:30:00,13.04,0.119,0.1,14.2,31.7,764.2,2.7,4.2,199.0,0.0
2026-03-31T19:00:00,13.04,-0.029,0.2,13.0,41.5,764.4,2.9,3.8,202.5,0.0
2026-03-31T19:30:00,13.01,-0.717,0.2,12.2,46.0,764.6,0.7,1.6,189.5,0.0
2026-03-31T20:00:00,12.98,-0.140,0.2,11.2,42.4,764.8,2.4,3.3,15.7,0.0
2026-03-31T20:30:00,12.98,-0.303,0.2,11.2,42.6,765.0,2.1,3.2,23.4,0.0
2026-03-31T21:00:00,12.98,0.466,0.2,10.4,44.6,764.9,2.6,3.5,14.2,0.0
2026-03-31T21:30:00,12.95,0.400,0.2,10.4,44.6,764.8,2.6,3.1,24.0,0.0
2026-03-31T22:00:00,12.92,0.284,0.2,10.6,41.9,764.7,2.4,3.4,29.5,0.0
2026-03-31T22:30:00,12.92,0.212,0.2,10.1,42.4,764.7,2.4,4.2,28.5,0.0
2026-03-31T23:00:00,12.92,0.141,0.2,10.2,38.3,764.7,1.4,2.5,20.7,0.0
2026-03-31T23:30:00,12.89,0.399,0.2,8.6,46.4,764.6,2.7,3.7,18.8,0.0
2026-04-01T00:00:00,12.85,-0.021,0.2,9.1,40.4,764.8,2.0,2.7,19.6,0.0
2026-04-01T00:30:00,12.85,0.220,0.2,8.5,43.4,764.4,3.1,4.3,20.5,0.0
2026-04-01T01:00:00,12.85,-0.089,0.2,9.5,34.6,764.2,2.9,4.0,15.3,0.0
2026-04-01T01:30:00,12.82,0.431,0.2,8.9,32.4,764.2,2.9,4.7,6.8,0.0
2026-04-01T02:00:00,12.79,0.069,0.2,8.7,31.0,764.1,3.8,5.6,25.0,0.0
2026-04-01T02:30:00,12.79,0.254,0.2,9.1,29.4,764.0,3.3,5.3,30.8,0.0
2026-04-01T03:00:00,12.79,0.147,0.2,9.0,30.4,763.7,3.8,5.0,12.0,0.0
2026-04-01T03:30:00,12.76,-0.019,0.2,9.3,27.5,763.4,3.9,6.7,7.8,0.0
2026-04-01T04:00:00,12.73,0.507,0.2,9.6,23.5,763.3,2.5,3.4,56.3,0.0
2026-04-01T04:30:00,12.73,0.353,0.2,8.1,29.0,763.4,2.3,3.3,13.7,0.0
2026-04-01T05:00:00,12.73,0.504,0.2,7.3,32.7,763.3,3.1,4.1,27.2,0.0
2026-04-01T05:30:00,12.70,0.682,0.2,9.3,23.7,763.3,2.7,3.9,51.1,0.0
2026-04-01T06:00:00,12.70,0.110,0.2,7.0,34.7,763.5,2.1,3.1,15.0,0.0
2026-04-01T06:30:00,12.67,0.271,0.3,7.5,35.4,763.5,2.8,4.0,20.6,0.0
2026-04-01T07:00:00,12.67,0.462,0.3,6.7,35.0,763.9,2.4,3.2,18.6,0.0
2026-04-01T07:30:00,12.67,0.161,0.3,6.2,38.3,764.0,3.1,4.1,24.0,0.0
2026-04-01T08:00:00,12.67,0.572,0.3,6.6,36.0,764.1,3.2,4.1,11.2,0.0
2026-04-01T08:30:00,12.67,0.124,0.3,6.1,38.6,764.2,2.8,3.9,14.0,0.0
2026-04-01T09:00:00,13.66,0.454,0.1,7.1,35.8,764.3,2.7,3.8,3.8,0.0
2026-04-01T09:30:00,14.15,0.875,0.1,8.9,32.2,764.5,3.0,4.1,18.0,0.0
2026-04-01T10:00:00,13.44,1.303,0.0,10.2,27.8,764.4,3.0,5.0,12.0,0.0
2026-04-01T10:30:00,13.44,1.957,0.0,12.0,21.7,764.8,1.7,2.7,168.6,0.0
2026-04-01T11:00:00,13.50,2.245,0.0,11.5,24.9,764.9,2.1,3.7,203.4,0.0
2026-04-01T11:30:00,13.47,2.271,0.0,11.8,27.7,764.9,2.2,4.0,183.4,0.0
2026-04-01T12:00:00,13.57,2.398,0.1,11.8,31.4,764.9,3.2,4.6,194.2,0.0
2026-04-01T12:30:00,13.50,2.445,0.1,12.1,29.5,764.9,2.0,4.1,197.8,0.0
2026-04-01T13:00:00,13.94,3.995,0.1,14.4,24.7,764.7,0.7,2.0,291.7,0.0
2026-04-01T13:30:00,13.50,3.010,0.2,13.8,22.7,764.8,3.7,5.6,202.5,0.0
2026-04-01T14:00:00,13.53,1.992,0.2,13.6,32.4,764.6,3.3,5.4,205.7,0.0
2026-04-01T14:30:00,13.50,1.600,0.2,13.8,36.0,764.7,2.7,4.9,200.1,0.0
2026-04-01T15:00:00,13.50,1.180,0.2,14.2,35.8,764.5,2.6,5.6,206.9,0.0
2026-04-01T15:30:00,13.66,0.813,0.2,14.0,40.0,764.3,3.7,5.5,205.8,0.0
2026-04-01T16:00:00,13.57,0.358,0.2,14.1,42.7,764.1,3.4,5.9,203.3,0.0
2026-04-01T16:30:00,14.06,0.225,0.3,14.0,48.3,764.1,4.5,7.0,202.8,0.0
2026-04-01T17:00:00,13.16,0.305,0.2,12.8,56.4,764.2,3.4,5.1,196.0,0.0
2026-04-01T17:30:00,13.10,-0.007,0.2,11.8,63.6,764.3,5.3,7.5,202.5,0.0
2026-04-01T18:00:00,13.07,-0.454,0.2,11.2,70.2,764.4,4.5,6.2,206.5,0.0
2026-04-01T18:30:00,13.04,-0.222,0.2,10.8,75.5,764.6,2.0,3.6,201.9,0.0
2026-04-01T19:00:00,13.04,-0.290,0.2,10.5,78.6,764.6,1.6,3.2,207.3,0.0
2026-04-01T19:30:00,12.98,-0.686,0.3,9.7,85.1,764.6,2.4,3.7,203.2,0.0
2026-04-01T20:00:00,12.98,-0.780,0.3,9.5,87.1,764.5,1.2,2.3,221.3,0.0
2026-04-01T20:30:00,12.98,-0.601,0.2,8.9,91.5,764.8,0.4,1.0,221.4,0.0
2026-04-01T21:00:00,12.95,-0.686,0.3,9.1,89.8,764.8,0.7,1.1,202.2,0.0
2026-04-01T21:30:00,12.92,-0.320,0.2,8.6,88.4,765.0,1.6,2.5,12.5,0.0
2026-04-01T22:00:00,12.92,-0.152,0.2,8.2,86.3,765.0,2.1,3.8,14.8,0.0
2026-04-01T22:30:00,12.92,-0.243,0.3,7.9,78.2,764.8,2.6,4.3,16.0,0.0
2026-04-01T23:00:00,12.89,-0.904,0.3,7.9,74.7,765.0,2.6,3.5,9.7,0.0
2026-04-01T23:30:00,12.85,-0.568,0.3,8.7,69.6,765.0,1.1,2.2,339.7,0.0
2026-04-02T00:00:00,12.85,-0.099,0.3,8.8,65.2,765.0,1.8,2.7,27.1,0.0
2026-04-02T00:30:00,12.85,-0.248,0.2,8.2,60.2,764.8,1.9,2.8,50.3,0.0
2026-04-02T01:00:00,12.82,-0.399,0.3,8.7,54.6,764.8,1.9,3.9,16.2,0.0
2026-04-02T01:30:00,12.79,-1.009,0.3,7.6,57.0,764.5,1.6,2.5,10.9,0.0
2026-04-02T02:00:00,12.79,-0.536,0.3,6.8,58.0,764.4,3.0,4.4,9.9,0.0
2026-04-02T02:30:00,12.79,-0.734,0.3,8.1,45.6,764.2,2.2,3.3,16.8,0.0
2026-04-02T03:00:00,12.73,-0.061,0.3,8.5,42.8,763.9,3.2,4.4,45.2,0.0
2026-04-02T03:30:00,12.73,-0.393,0.3,7.3,43.7,763.9,2.8,4.3,20.5,0.0
2026-04-02T04:00:00,12.73,0.066,0.3,7.8,37.8,763.6,2.7,3.4,16.1,0.0
2026-04-02T04:30:00,12.70,0.084,0.3,6.3,43.7,763.5,3.3,4.8,12.5,0.0
2026-04-02T05:00:00,12.70,-0.501,0.3,7.0,38.2,763.5,3.0,3.7,17.1,0.0
2026-04-02T05:30:00,12.67,0.041,0.3,6.1,44.9,763.5,3.3,4.4,19.4,0.0
2026-04-02T06:00:00,12.67,-0.121,0.3,5.9,45.4,763.4,3.3,4.6,12.0,0.0
2026-04-02T06:30:00,12.67,0.317,0.3,6.8,37.5,763.5,3.7,4.9,21.9,0.0
2026-04-02T07:00:00,12.64,0.104,0.3,7.0,38.1,763.7,3.4,4.5,18.3,0.0
2026-04-02T07:30:00,12.64,-0.451,0.3,6.1,41.4,763.5,4.0,5.9,21.1,0.0
2026-04-02T08:00:00,12.61,-0.673,0.3,6.9,35.4,763.7,3.5,4.8,9.8,0.0
2026-04-02T08:30:00,12.64,-0.058,0.3,7.7,31.4,763.7,3.9,4.8,9.5,0.0
2026-04-02T09:00:00,13.63,0.525,0.1,8.3,29.1,763.7,4.4,5.9,14.1,0.0
2026-04-02T09:30:00,14.12,-0.123,0.0,8.7,32.8,763.8,3.4,5.3,24.5,0.0
2026-04-02T10:00:00,13.44,0.708,0.1,10.6,22.8,763.9,4.4,6.4,13.4,0.0
2026-04-02T10:30:00,13.44,1.005,0.1,12.9,19.9,764.1,2.6,3.8,37.3,0.0
2026-04-02T11:00:00,13.97,1.725,0.1,14.0,18.7,764.1,2.7,4.3,18.7,0.0
2026-04-02T11:30:00,13.57,2.212,0.0,14.0,15.0,764.3,1.9,3.8,190.0,0.0
2026-04-02T12:00:00,13.50,2.239,0.0,13.7,16.2,764.3,1.7,3.9,213.3,0.0
2026-04-02T12:30:00,13.50,2.553,0.1,14.1,15.3,764.4,2.3,3.6,199.4,0.0
2026-04-02T13:00:00,13.47,2.759,0.2,14.3,20.4,764.2,2.6,4.0,200.3,0.0
2026-04-02T13:30:00,13.53,2.341,0.2,14.4,24.6,764.1,3.6,5.8,200.6,0.0
2026-04-02T14:00:00,13.50,2.098,0.2,14.3,29.2,764.2,2.9,5.6,203.6,0.0
2026-04-02T14:30:00,14.09,1.446,0.2,14.7,31.4,763.9,3.7,6.6,201.8,0.0
2026-04-02T15:00:00,13.50,1.494,0.2,15.0,33.2,763.9,3.2,6.7,201.0,0.0
2026-04-02T15:30:00,13.50,0.882,0.2,14.7,37.4,763.8,4.5,6.7,206.4,0.0
2026-04-02T16:00:00,13.50,0.428,0.2,14.8,38.7,763.8,4.8,7.4,201.9,0.0
2026-04-02T16:30:00,13.53,0.611,0.2,14.6,39.3,763.9,3.4,5.4,208.7,0.0
2026-04-02T17:00:00,13.16,0.008,0.2,13.8,43.0,763.8,3.2,5.7,209.7,0.0
2026-04-02T17:30:00,13.10,-0.201,0.2,13.1,47.3,763.8,3.3,5.4,199.3,0.0
2026-04-02T18:00:00,13.07,-0.536,0.2,12.4,49.5,763.9,3.0,5.7,200.6,0.0
2026-04-02T18:30:00,13.04,-0.639,0.2,11.7,53.2,764.0,2.5,4.2,199.7,0.0
2026-04-02T19:00:00,13.04,-0.427,0.2,11.2,57.6,764.1,3.5,4.8,196.8,0.0
2026-04-02T19:30:00,13.01,-0.470,0.2,10.4,60.6,764.4,3.4,5.0,195.2,0.0
2026-04-02T20:00:00,12.98,0.043,0.2,9.9,63.6,764.5,1.7,2.8,195.9,0.0
2026-04-02T20:30:00,12.98,-0.357,0.2,9.6,65.5,764.7,0.7,1.8,35.3,0.0
2026-04-02T21:00:00,12.95,-0.559,0.2,9.2,67.5,764.6,0.8,1.7,358.5,0.0
2026-04-02T21:30:00,12.92,-0.485,0.2,9.3,65.8,764.9,1.6,2.6,354.2,0.0
2026-04-02T22:00:00,12.92,-0.254,0.2,8.9,67.5,764.8,1.6,2.7,2.9,0.0
2026-04-02T22:30:00,12.92,-0.174,0.2,8.4,67.6,765.0,1.4,3.4,28.3,0.0
2026-04-02T23:00:00,12.92,-0.307,0.2,8.5,64.2,764.9,1.9,3.2,7.0,0.0
2026-04-02T23:30:00,12.89,-0.643,0.2,8.3,60.6,764.9,1.8,3.5,17.1,0.0
2026-04-03T00:00:00,12.85,-0.198,0.2,9.0,55.9,765.0,1.4,2.4,344.4,0.0
2026-04-03T00:30:00,12.85,-0.756,0.2,7.5,56.0,764.7,3.2,4.2,21.4,0.0
2026-04-03T01:00:00,12.82,-0.016,0.2,7.7,51.8,764.4,2.4,3.0,33.2,0.0
2026-04-03T01:30:00,12.79,-0.338,0.2,7.6,50.5,764.8,1.9,2.8,48.5,0.0
2026-04-03T02:00:00,12.79,-0.494,0.2,7.2,46.6,764.7,2.9,4.3,11.8,0.0
2026-04-03T02:30:00,12.79,0.388,0.2,7.8,37.3,764.7,2.2,3.5,32.5,0.0
2026-04-03T03:00:00,12.79,-0.182,0.2,6.5,44.0,764.3,4.5,5.8,1.4,0.0
2026-04-03T03:30:00,12.73,-0.116,0.2,8.2,33.6,764.1,3.1,4.2,19.4,0.0
2026-04-03T04:00:00,12.73,-0.486,0.2,7.8,32.5,763.8,2.8,3.9,8.0,0.0
2026-04-03T04:30:00,12.70,-0.475,0.2,6.5,39.2,763.6,3.0,4.0,27.0,0.0
2026-04-03T05:00:00,12.70,-0.092,0.2,6.6,35.0,763.5,3.9,5.3,15.0,0.0
2026-04-03T05:30:00,12.70,0.432,0.2,7.3,29.7,763.4,4.0,5.3,11.4,0.0
2026-04-03T06:00:00,12.67,0.022,0.2,7.0,32.3,763.4,3.5,5.4,22.9,0.0
2026-04-03T06:30:00,12.67,0.093,0.2,7.3,28.1,763.4,3.3,5.0,19.0,0.0
2026-04-03T07:00:00,12.64,-0.265,0.2,7.1,26.8,763.4,3.1,4.2,21.7,0.0
2026-04-03T07:30:00,12.64,0.011,0.3,5.8,33.5,763.5,2.8,3.7,35.3,0.0
2026-04-03T08:00:00,12.61,0.317,0.3,6.4,32.1,763.7,3.1,4.3,19.3,0.0
2026-04-03T08:30:00,12.61,0.210,0.2,6.5,31.2,763.9,2.3,3.6,6.9,0.0
2026-04-03T09:00:00,13.63,0.355,0.0,7.3,29.0,763.9,3.8,4.9,12.9,0.0
2026-04-03T09:30:00,14.15,0.417,0.0,8.7,27.1,764.0,4.1,5.6,7.6,0.0
2026-04-03T10:00:00,13.44,0.489,0.0,10.0,28.6,764.2,3.9,5.8,5.0,0.0
2026-04-03T10:30:00,13.44,1.103,0.0,11.7,22.4,764.2,3.2,4.3,16.6,0.0
2026-04-03T11:00:00,14.09,1.668,0.0,12.6,14.0,764.7,1.9,3.2,167.6,0.0
2026-04-03T11:30:00,13.44,2.481,0.0,13.1,13.7,765.1,1.8,3.4,205.0,0.0
2026-04-03T12:00:00,13.50,3.020,0.1,14.5,11.7,765.0,1.9,3.5,359.7,0.0
2026-04-03T12:30:00,13.50,2.766,0.1,14.7,13.5,765.0,1.8,4.0,192.0,0.0
2026-04-03T13:00:00,13.50,2.331,0.1,14.1,13.5,765.1,4.0,5.6,204.7,0.0
2026-04-03T13:30:00,13.53,2.902,0.1,14.7,15.0,764.9,2.0,3.1,204.1,0.0
2026-04-03T14:00:00,13.53,2.353,0.1,14.8,18.1,765.0,3.3,5.6,205.4,0.0
2026-04-03T14:30:00,14.00,2.422,0.1,16.0,17.0,764.6,1.6,4.3,207.4,0.0
2026-04-03T15:00:00,13.50,1.976,0.1,16.0,17.0,764.3,4.0,6.7,201.2,0.0
2026-04-03T15:30:00,13.50,1.118,0.1,16.1,17.8,764.4,4.6,8.0,200.2,0.0
2026-04-03T16:00:00,13.50,0.517,0.2,16.3,19.1,764.4,4.2,7.0,207.4,0.0
2026-04-03T16:30:00,13.57,0.391,0.2,15.7,20.6,764.6,4.8,7.1,201.8,0.0
2026-04-03T17:00:00,13.16,0.534,0.2,14.8,23.1,764.8,4.8,6.6,201.5,0.0
2026-04-03T17:30:00,13.10,-0.296,0.2,14.4,25.0,764.9,4.3,7.0,199.9,0.0
2026-04-03T18:00:00,13.07,-0.178,0.2,14.0,26.5,765.0,2.2,3.5,206.7,0.0
2026-04-03T18:30:00,13.04,-0.467,0.2,13.6,26.2,765.2,1.3,2.9,201.9,0.0
2026-04-03T19:00:00,13.04,-0.640,0.2,13.1,30.9,765.3,2.0,2.7,20.2,0.0
2026-04-03T19:30:00,13.01,-0.357,0.2,12.4,32.2,765.3,2.3,3.1,32.7,0.0
2026-04-03T20:00:00,12.98,0.147,0.2,11.7,33.6,765.4,2.4,3.2,22.3,0.0
2026-04-03T20:30:00,12.98,0.117,0.2,10.5,40.7,765.5,2.3,3.0,19.1,0.0
2026-04-03T21:00:00,12.98,0.047,0.2,10.3,38.5,765.7,2.3,3.3,20.3,0.0
2026-04-03T21:30:00,12.95,-0.067,0.2,10.0,38.1,765.6,3.2,4.3,17.8,0.0
2026-04-03T22:00:00,12.92,-0.298,0.2,10.2,34.0,765.6,2.8,3.8,16.3,0.0
2026-04-03T22:30:00,12.92,0.491,0.2,9.4,38.7,765.5,3.5,4.6,6.5,0.0
2026-04-03T23:00:00,12.92,0.396,0.2,9.9,33.1,765.4,3.5,5.3,9.9,0.0
2026-04-03T23:30:00,12.89,0.170,0.2,9.8,32.1,765.4,2.8,4.2,35.8,0.0
2026-04-04T00:00:00,12.85,0.400,0.2,8.9,37.0,765.3,3.3,4.2,19.9,0.0
2026-04-04T00:30:00,12.85,0.678,0.2,9.3,32.0,765.2,4.1,6.0,11.0,0.0
2026-04-04T01:00:00,12.85,0.371,0.2,9.5,32.0,765.1,4.1,5.4,13.8,0.0
2026-04-04T01:30:00,12.85,0.475,0.2,9.5,29.7,764.9,3.7,5.2,15.9,0.0
2026-04-04T02:00:00,12.82,0.221,0.2,10.0,28.8,764.7,3.5,4.9,25.1,0.0
2026-04-04T02:30:00,12.79,0.722,0.2,9.7,30.1,764.4,4.5,5.8,14.4,0.0
2026-04-04T03:00:00,12.79,0.507,0.2,10.1,27.0,764.3,3.7,5.1,13.0,0.0
2026-04-04T03:30:00,12.79,0.224,0.2,9.1,29.3,764.2,3.7,5.1,11.9,0.0
2026-04-04T04:00:00,12.76,0.706,0.2,9.7,26.2,763.9,3.9,5.7,15.3,0.0
2026-04-04T04:30:00,12.73,0.004,0.2,9.1,28.4,763.9,4.1,6.0,11.5,0.0
2026-04-04T05:00:00,12.73,0.051,0.2,8.6,31.5,763.8,4.2,5.9,11.2,0.0
2026-04-04T05:30:00,12.70,0.080,0.2,9.2,28.5,763.6,4.6,6.8,7.3,0.0
2026-04-04T06:00:00,12.70,0.856,0.2,8.9,29.9,763.7,4.6,6.9,7.4,0.0
2026-04-04T06:30:00,12.67,0.189,0.2,8.3,32.2,763.8,4.4,6.3,5.2,0.0
2026-04-04T07:00:00,12.67,0.595,0.2,8.6,30.3,763.9,5.1,6.8,9.3,0.0
2026-04-04T07:30:00,12.67,-0.162,0.2,8.8,29.4,764.1,3.8,5.8,8.2,0.0
2026-04-04T08:00:00,12.64,0.461,0.2,9.1,24.4,764.3,2.3,3.1,11.7,0.0
2026-04-04T08:30:00,12.67,0.656,0.2,8.8,26.6,764.4,4.1,5.7,19.2,0.0
2026-04-04T09:00:00,13.57,1.245,0.0,8.3,32.2,764.4,3.9,5.9,15.0,0.0
2026-04-04T09:30:00,14.03,0.461,0.0,9.6,28.0,764.5,4.6,6.3,13.4,0.0
2026-04-04T10:00:00,13.44,1.622,0.0,12.0,20.3,764.4,3.4,4.6,17.7,0.0
2026-04-04T10:30:00,13.47,1.632,0.0,13.8,19.0,764.6,2.4,3.6,36.5,0.0
2026-04-04T11:00:00,13.44,1.789,0.1,14.5,19.4,764.5,3.7,5.3,22.9,0.0
2026-04-04T11:30:00,13.57,1.870,0.0,15.8,18.5,764.6,3.6,5.2,18.6,0.0
2026-04-04T12:00:00,13.50,1.966,0.1,16.7,15.4,764.4,2.6,3.9,17.4,0.0
2026-04-04T12:30:00,14.24,4.122,0.0,17.4,9.7,764.3,1.3,3.0,208.7,0.0
2026-04-04T13:00:00,13.53,2.928,0.1,16.8,9.7,764.4,2.7,4.5,199.6,0.0
2026-04-04T13:30:00,13.50,2.593,0.1,17.2,11.0,764.2,3.4,5.0,195.9,0.0
2026-04-04T14:00:00,13.50,2.224,0.1,17.2,11.1,764.1,4.7,6.9,200.7,0.0
2026-04-04T14:30:00,13.50,1.549,0.2,17.2,13.8,764.0,5.3,7.2,199.4,0.0
2026-04-04T15:00:00,13.69,0.956,0.1,17.0,15.1,763.6,4.9,7.6,203.5,0.0
2026-04-04T15:30:00,13.50,0.585,0.1,16.9,15.5,763.5,5.1,7.5,205.6,0.0
2026-04-04T16:00:00,14.15,0.640,0.2,16.8,17.6,763.5,6.4,8.6,204.7,0.0
2026-04-04T16:30:00,13.50,0.479,0.2,16.7,18.1,763.5,5.3,7.8,197.4,0.0
2026-04-04T17:00:00,13.16,-0.054,0.1,15.1,22.7,763.5,3.7,7.4,202.4,0.0
2026-04-04T17:30:00,13.10,-0.227,0.2,14.8,22.8,763.4,4.1,6.6,204.4,0.0
2026-04-04T18:00:00,13.07,-0.177,0.2,14.5,24.0,763.5,4.8,7.1,201.2,0.0
2026-04-04T18:30:00,13.04,0.135,0.2,14.0,25.8,763.7,3.9,5.9,197.3,0.0
2026-04-04T19:00:00,13.04,0.067,0.2,12.8,28.7,763.8,0.9,2.0,212.4,0.0
2026-04-04T19:30:00,13.01,0.103,0.2,12.7,29.7,764.1,3.7,5.2,201.3,0.0
2026-04-04T20:00:00,12.98,0.043,0.2,12.3,32.2,764.5,2.8,4.6,185.8,0.0
2026-04-04T20:30:00,12.98,0.027,0.2,11.4,35.1,764.7,1.5,2.4,22.3,0.0
2026-04-04T21:00:00,12.98,-0.418,0.2,10.0,41.2,764.5,3.1,4.2,16.8,0.0
2026-04-04T21:30:00,12.95,-0.468,0.2,9.8,42.3,764.4,2.0,3.4,22.7,0.0
2026-04-04T22:00:00,12.92,0.197,0.2,9.1,42.3,764.4,2.9,3.8,12.5,0.0
2026-04-04T22:30:00,12.92,0.058,0.2,8.8,42.8,764.2,3.0,4.6,23.1,0.0
2026-04-04T23:00:00,12.92,0.641,0.2,8.9,40.5,764.2,3.7,5.4,20.7,0.0
2026-04-04T23:30:00,12.89,0.340,0.2,8.8,39.4,764.0,3.0,3.9,20.2,0.0
2026-04-05T00:00:00,12.85,0.574,0.2,9.2,34.5,763.8,3.5,4.5,12.8,0.0
2026-04-05T00:30:00,12.85,0.331,0.2,9.2,32.1,763.9,0.6,1.8,0.0,0.0
2026-04-05T01:00:00,12.85,-0.121,0.2,7.9,38.5,763.8,3.2,4.5,8.0,0.0
2026-04-05T01:30:00,12.85,0.300,0.2,7.6,38.2,763.6,3.9,6.1,13.1,0.0
2026-04-05T02:00:00,12.79,-0.242,0.3,7.8,37.2,763.3,3.4,4.8,18.0,0.0
2026-04-05T02:30:00,12.79,0.439,0.2,8.7,29.6,763.2,3.4,4.4,24.1,0.0
2026-04-05T03:00:00,12.79,0.855,0.2,8.6,31.3,762.8,2.2,3.5,27.6,0.0
2026-04-05T03:30:00,12.79,0.191,0.3,7.6,34.1,762.5,2.1,3.6,39.8,0.0
2026-04-05T04:00:00,12.73,0.544,0.3,7.6,31.3,762.3,1.9,3.5,27.9,0.0
2026-04-05T04:30:00,12.73,0.118,0.3,5.8,41.4,762.1,2.7,3.2,23.7,0.0
2026-04-05T05:00:00,12.73,0.335,0.3,6.8,37.3,761.8,2.4,3.3,10.2,0.0
2026-04-05T05:30:00,12.70,0.600,0.2,6.2,36.7,761.7,1.8,3.0,29.1,0.0
2026-04-05T06:00:00,12.67,0.429,0.3,6.7,38.2,761.7,1.7,2.9,30.6,0.0
2026-04-05T06:30:00,12.67,0.295,0.3,5.7,41.9,761.8,2.2,3.1,14.9,0.0
2026-04-05T07:00:00,12.67,0.079,0.3,5.5,43.5,762.0,2.3,3.6,33.9,0.0
2026-04-05T07:30:00,12.64,0.124,0.3,5.0,48.8,761.9,2.6,3.9,7.9,0.0
2026-04-05T08:00:00,12.61,0.332,0.2,5.0,51.3,761.9,2.3,3.2,358.8,0.0
2026-04-05T08:30:00,12.61,0.317,0.3,4.8,53.0,761.7,2.6,3.8,2.1,0.0
2026-04-05T09:00:00,13.63,0.650,0.1,6.1,50.0,761.8,1.9,3.4,47.2,0.0
2026-04-05T09:30:00,14.21,0.469,0.0,6.9,48.0,761.7,2.0,3.1,26.9,0.0
2026-04-05T10:00:00,13.53,1.246,0.1,8.9,39.8,761.7,1.3,2.7,59.9,0.0
2026-04-05T10:30:00,13.44,2.317,-0.1,9.3,39.4,761.7,1.4,2.4,200.5,0.0
2026-04-05T11:00:00,13.57,2.500,-0.1,9.7,38.9,761.9,1.9,3.2,199.3,0.0
2026-04-05T11:30:00,13.57,2.134,0.0,9.4,40.0,761.7,2.5,4.5,203.4,0.0
2026-04-05T12:00:00,13.47,2.198,0.1,9.6,41.7,761.8,3.1,4.8,194.7,0.0
2026-04-05T12:30:00,13.47,2.391,0.1,9.7,43.8,761.8,3.1,5.6,209.9,0.0
2026-04-05T13:00:00,13.84,2.839,0.1,10.1,43.4,761.6,3.3,4.9,201.8,0.0
2026-04-05T13:30:00,13.53,2.134,0.1,10.7,42.7,761.8,2.7,5.6,208.3,0.0
2026-04-05T14:00:00,13.50,1.825,0.1,10.9,43.9,761.6,3.3,5.6,198.6,0.0
2026-04-05T14:30:00,13.50,1.693,0.2,11.0,50.1,761.5,5.0,7.9,209.3,0.0
2026-04-05T15:00:00,13.44,1.155,0.2,10.8,53.8,761.4,5.7,9.2,201.6,0.0
2026-04-05T15:30:00,13.84,0.043,0.2,10.7,55.8,761.3,6.0,8.5,196.9,0.0
2026-04-05T16:00:00,13.44,0.797,0.3,10.1,59.0,761.2,4.7,7.0,202.7,0.0
2026-04-05T16:30:00,13.53,0.748,0.3,9.6,64.9,761.0,5.3,7.6,203.3,0.0
2026-04-05T17:00:00,13.38,-0.116,0.2,8.8,66.7,761.0,5.2,8.1,203.3,0.0
2026-04-05T17:30:00,13.26,-0.004,0.2,8.7,63.4,761.1,5.5,7.4,197.5,0.0
2026-04-05T18:00:00,13.19,0.041,0.2,8.2,63.1,761.0,4.6,6.6,201.6,0.0
2026-04-05T18:30:00,13.10,0.157,0.3,7.6,65.5,760.9,5.2,7.2,203.8,0.0
2026-04-05T19:00:00,13.04,0.328,0.2,7.0,68.2,761.0,3.7,5.4,205.2,0.0
2026-04-05T19:30:00,13.04,-0.296,0.2,6.9,69.3,760.9,0.6,1.5,209.3,0.0
2026-04-05T20:00:00,12.98,-0.200,0.2,6.7,70.1,760.9,3.0,4.2,195.1,0.0
2026-04-05T20:30:00,12.98,-0.220,0.2,5.8,73.8,761.1,1.8,4.0,200.1,0.0
2026-04-05T21:00:00,12.98,-0.686,0.2,5.5,79.3,761.3,2.6,4.5,182.5,0.0
2026-04-05T21:30:00,12.92,-0.243,0.2,5.4,80.5,761.4,0.4,1.1,0.0,0.0
2026-04-05T22:00:00,12.92,-0.178,0.3,5.4,83.4,761.5,2.3,3.4,189.2,0.0
2026-04-05T22:30:00,12.92,-0.620,0.3,5.2,83.3,761.5,0.8,1.3,322.7,0.0
2026-04-05T23:00:00,12.89,-0.474,0.2,5.3,82.0,761.4,1.6,2.2,19.6,0.0
2026-04-05T23:30:00,12.89,-0.563,0.2,5.6,80.2,761.4,1.9,2.8,21.5,0.0
2026-04-06T00:00:00,12.85,-0.095,0.3,5.8,77.5,761.3,1.2,2.2,65.9,0.0
2026-04-06T00:30:00,12.85,-0.334,0.2,5.4,74.3,761.2,1.7,2.2,3.3,0.0
2026-04-06T01:00:00,12.82,-0.424,0.3,5.6,80.5,761.1,1.2,2.6,193.9,0.0
2026-04-06T01:30:00,12.82,-0.747,0.2,5.3,82.9,761.1,1.0,2.4,177.9,0.0
2026-04-06T02:00:00,12.79,-0.619,0.3,4.3,78.0,761.3,1.7,3.0,24.0,0.0
2026-04-06T02:30:00,12.79,-0.460,0.2,4.4,78.1,761.4,2.1,3.8,0.4,0.0
2026-04-06T03:00:00,12.76,-1.011,0.3,4.1,78.5,761.2,1.9,2.8,23.4,0.0
2026-04-06T03:30:00,12.73,-0.603,0.2,4.2,73.0,761.0,2.2,3.2,25.0,0.0
2026-04-06T04:00:00,12.73,-1.019,0.2,4.2,71.7,761.0,1.9,2.8,29.1,0.0
2026-04-06T04:30:00,12.70,-0.007,0.3,3.9,72.3,760.9,2.8,4.1,20.8,0.0
2026-04-06T05:00:00,12.70,-0.752,0.3,3.9,68.7,760.5,3.0,3.9,8.1,0.0
2026-04-06T05:30:00,12.67,-0.063,0.2,4.0,66.4,760.3,2.1,2.9,20.6,0.0
2026-04-06T06:00:00,12.64,-0.723,0.3,4.7,71.3,760.7,2.2,4.1,193.5,0.0
2026-04-06T06:30:00,12.61,-0.368,0.3,3.5,74.3,760.9,2.4,3.5,27.3,0.0
2026-04-06T07:00:00,12.61,-0.106,0.3,3.3,72.3,760.9,1.8,2.8,352.6,0.0
2026-04-06T07:30:00,12.61,-0.311,0.3,3.2,68.2,761.0,3.3,4.3,3.4,0.0
2026-04-06T08:00:00,12.61,-0.316,0.3,4.7,62.2,761.0,2.3,3.3,22.1,0.0
2026-04-06T08:30:00,12.61,-0.770,0.3,3.4,63.1,761.0,3.5,5.2,4.1,0.0
2026-04-06T09:00:00,13.75,0.491,0.1,3.8,57.8,761.1,3.5,5.8,14.9,0.0
2026-04-06T09:30:00,13.41,0.282,0.0,5.2,51.7,761.3,2.0,3.1,12.4,0.0
2026-04-06T10:00:00,13.63,0.593,0.0,6.8,42.4,761.5,3.1,4.3,0.1,0.0
2026-04-06T10:30:00,13.53,1.183,0.1,8.9,31.5,761.8,1.9,2.8,20.6,0.0
2026-04-06T11:00:00,13.87,1.472,0.0,10.1,32.8,762.0,1.8,4.3,3.8,0.0
2026-04-06T11:30:00,13.44,1.944,0.1,8.2,41.3,762.1,2.1,3.3,174.9,0.0
2026-04-06T12:00:00,13.44,2.509,0.1,8.8,38.9,762.3,3.0,4.8,191.2,0.0
2026-04-06T12:30:00,13.50,2.291,0.1,9.3,37.0,762.4,3.6,5.2,199.0,0.0
2026-04-06T13:00:00,13.53,1.890,0.2,9.7,37.1,762.5,3.1,4.7,172.5,0.0
2026-04-06T13:30:00,14.28,1.930,0.1,10.1,36.1,762.6,2.7,5.3,202.8,0.0
2026-04-06T14:00:00,13.44,2.849,0.1,11.6,28.6,762.4,0.9,2.0,219.1,0.0
2026-04-06T14:30:00,13.50,2.149,0.2,11.6,27.8,762.3,3.3,5.6,203.0,0.0
2026-04-06T15:00:00,13.50,1.055,0.2,11.6,36.6,762.2,4.7,7.4,200.4,0.0
2026-04-06T15:30:00,13.47,0.406,0.2,11.8,37.6,762.2,5.7,8.1,202.8,0.0
2026-04-06T16:00:00,13.53,-0.090,0.2,11.4,42.4,762.3,6.4,8.8,199.2,0.0
2026-04-06T16:30:00,13.44,0.541,0.3,11.3,42.9,762.5,6.0,8.9,201.8,0.0
2026-04-06T17:00:00,13.13,0.132,0.2,10.7,46.5,762.6,4.8,7.1,199.8,0.0
2026-04-06T17:30:00,13.07,-0.550,0.2,10.3,49.1,762.8,4.3,6.6,195.1,0.0
2026-04-06T18:00:00,13.04,-0.528,0.2,9.8,53.3,763.0,3.7,5.3,198.8,0.0
2026-04-06T18:30:00,13.04,-0.485,0.2,9.4,56.1,763.2,2.9,4.5,197.8,0.0
2026-04-06T19:00:00,13.01,-0.288,0.2,8.9,59.0,763.5,2.4,3.9,176.7,0.0
2026-04-06T19:30:00,12.98,-0.074,0.2,8.3,61.3,763.6,0.5,1.2,249.9,0.0
2026-04-06T20:00:00,12.98,-0.069,0.2,7.9,60.3,763.7,1.4,1.8,3.8,0.0
2026-04-06T20:30:00,12.95,-1.017,0.2,7.7,60.3,764.0,0.9,1.3,23.9,0.0
2026-04-06T21:00:00,12.92,-0.504,0.2,7.5,64.4,764.3,0.7,1.4,0.0,0.0
2026-04-06T21:30:00,12.92,-0.852,0.2,6.8,61.8,764.5,2.4,3.1,19.7,0.0
2026-04-06T22:00:00,12.92,-0.368,0.2,7.3,54.4,764.7,2.9,4.1,14.9,0.0
2026-04-06T22:30:00,12.89,0.265,0.2,7.1,54.4,764.7,3.2,5.0,2.1,0.0
2026-04-06T23:00:00,12.98,-0.494,0.2,8.4,41.6,764.6,3.4,4.9,20.7,0.0
2026-04-06T23:30:00,12.85,-0.290,0.2,8.2,43.9,764.5,2.8,3.8,23.6,0.0
2026-04-07T00:00:00,12.85,-0.183,0.2,8.3,39.9,764.3,3.1,4.9,1.3,0.0
2026-04-07T00:30:00,12.79,-0.368,0.2,7.5,44.0,764.4,2.4,4.1,13.4,0.0
2026-04-07T01:00:00,12.79,-0.289,0.2,7.4,41.7,764.3,2.9,4.7,16.7,0.0
2026-04-07T01:30:00,12.79,-0.537,0.2,7.6,42.7,764.1,4.1,5.7,17.9,0.0
2026-04-07T02:00:00,12.76,0.331,0.2,7.8,38.3,764.2,3.3,5.1,16.0,0.0
2026-04-07T02:30:00,12.73,-0.595,0.2,7.3,41.2,764.1,3.3,4.7,10.9,0.0
2026-04-07T03:00:00,12.73,0.300,0.2,7.2,38.2,764.0,3.6,4.9,7.1,0.0
2026-04-07T03:30:00,12.70,-0.186,0.2,6.8,38.4,764.0,2.3,2.9,28.3,0.0
2026-04-07T04:00:00,12.70,0.152,0.2,6.6,40.3,763.9,3.9,5.0,13.7,0.0
2026-04-07T04:30:00,12.67,0.187,0.2,7.0,35.7,763.8,2.2,3.6,55.2,0.0
2026-04-07T05:00:00,12.67,-0.255,0.3,6.7,38.4,763.7,3.5,4.8,20.6,0.0
2026-04-07T05:30:00,12.64,-0.378,0.2,6.1,40.8,763.6,3.5,4.8,7.9,0.0
2026-04-07T06:00:00,12.61,0.017,0.3,6.8,37.0,763.7,2.5,4.4,25.4,0.0
2026-04-07T06:30:00,12.61,-0.069,0.3,6.6,39.2,763.7,3.5,4.8,7.2,0.0
2026-04-07T07:00:00,12.61,-0.169,0.2,6.4,37.1,763.7,3.5,4.9,10.7,0.0
2026-04-07T07:30:00,12.61,-0.234,0.2,6.2,39.3,763.9,3.9,5.6,10.3,0.0
2026-04-07T08:00:00,12.61,-0.437,0.2,6.9,36.4,763.6,4.0,5.7,11.7,0.0
2026-04-07T08:30:00,12.61,-0.119,0.2,7.6,32.4,763.7,3.8,5.1,1.5,0.0
2026-04-07T09:00:00,13.57,0.827,0.1,7.1,35.0,764.1,2.7,3.7,20.3,0.0
2026-04-07T09:30:00,13.97,0.714,0.0,7.8,34.0,764.2,2.5,3.9,22.6,0.0
2026-04-07T10:00:00,13.44,0.978,0.0,9.5,28.4,764.3,3.1,4.0,14.0,0.0
2026-04-07T10:30:00,14.03,0.725,0.1,10.6,29.2,764.4,3.5,4.8,13.6,0.0
2026-04-07T11:00:00,13.47,1.275,0.1,12.2,22.6,764.4,2.9,4.0,17.5,0.0
2026-04-07T11:30:00,13.57,1.757,0.1,13.3,20.2,764.4,2.3,3.9,11.2,0.0
2026-04-07T12:00:00,13.44,2.684,0.1,14.2,17.3,764.4,1.2,3.1,12.0,0.0
2026-04-07T12:30:00,13.57,2.350,0.1,13.5,17.6,764.3,3.0,4.0,200.8,0.0
2026-04-07T13:00:00,13.87,2.155,0.1,13.7,16.5,764.3,2.5,4.1,176.8,0.0
2026-04-07T13:30:00,13.47,1.573,0.1,14.2,16.8,764.1,4.1,5.9,197.0,0.0
2026-04-07T14:00:00,14.06,1.704,0.1,14.8,16.0,764.1,3.7,6.1,211.6,0.0
2026-04-07T14:30:00,13.50,1.820,0.2,14.8,16.0,763.8,4.0,6.2,200.5,0.0
2026-04-07T15:00:00,13.57,1.069,0.1,15.2,17.2,763.6,4.5,6.6,202.7,0.0
2026-04-07T15:30:00,13.50,0.684,0.2,15.0,19.3,763.4,5.8,8.3,200.7,0.0
2026-04-07T16:00:00,13.50,0.338,0.2,15.2,19.9,763.2,5.6,8.2,195.4,0.0
2026-04-07T16:30:00,14.06,0.357,0.3,14.4,23.6,763.4,5.5,10.0,196.7,0.0
2026-04-07T17:00:00,13.13,-0.132,0.2,13.9,25.3,763.5,5.3,7.7,199.0,0.0
2026-04-07T17:30:00,13.10,-0.079,0.2,13.4,28.1,763.7,5.2,7.0,199.6,0.0
2026-04-07T18:00:00,13.07,0.037,0.2,13.1,29.0,763.7,3.6,5.3,198.3,0.0
2026-04-07T18:30:00,13.04,-0.208,0.2,12.3,32.3,763.9,1.8,3.1,196.0,0.0
2026-04-07T19:00:00,13.04,-0.244,0.2,12.0,33.6,763.9,0.9,1.7,181.3,0.0
2026-04-07T19:30:00,13.01,-0.121,0.2,10.4,39.6,763.9,1.5,2.2,9.9,0.0
2026-04-07T20:00:00,12.98,-0.126,0.2,9.3,45.9,763.9,2.5,3.2,15.9,0.0
2026-04-07T20:30:00,12.98,-0.654,0.2,9.2,43.3,763.8,2.5,3.2,19.9,0.0
2026-04-07T21:00:00,12.95,-0.614,0.2,8.6,46.2,764.1,2.1,3.0,14.3,0.0
2026-04-07T21:30:00,12.92,-0.150,0.2,8.3,48.2,764.1,1.7,2.3,18.6,0.0
2026-04-07T22:00:00,12.92,-0.027,0.2,8.4,44.6,764.3,1.9,2.7,28.1,0.0
2026-04-07T22:30:00,12.92,0.204,0.2,7.6,47.5,764.2,2.8,3.9,21.7,0.0
2026-04-07T23:00:00,12.89,-0.011,0.2,7.4,43.0,764.4,2.7,3.4,23.7,0.0
2026-04-07T23:30:00,12.85,-0.168,0.2,7.6,38.9,764.4,2.7,3.6,22.1,0.0
2026-04-08T00:00:00,12.85,0.384,0.2,7.3,41.6,764.3,3.1,4.3,18.9,0.0
2026-04-08T00:30:00,12.85,-0.135,0.2,8.4,33.3,764.2,3.5,4.7,14.9,0.0
2026-04-08T01:00:00,12.85,0.132,0.2,7.5,35.5,764.1,3.5,4.8,15.4,0.0
2026-04-08T01:30:00,12.82,0.038,0.2,7.0,37.6,764.0,3.8,5.1,9.5,0.0
2026-04-08T02:00:00,12.79,-0.296,0.3,7.1,38.1,763.7,3.8,5.8,18.5,0.0
2026-04-08T02:30:00,12.79,0.706,0.3,6.9,37.6,763.6,3.0,4.4,26.6,0.0
2026-04-08T03:00:00,12.79,0.492,0.3,7.7,31.7,763.4,3.8,4.3,11.6,0.0
2026-04-08T03:30:00,12.76,0.630,0.2,7.2,34.3,763.4,3.2,4.1,19.8,0.0
2026-04-08T04:00:00,12.73,0.067,0.2,6.7,34.5,763.1,3.9,5.4,7.9,0.0
2026-04-08T04:30:00,12.73,0.098,0.2,8.0,28.8,762.9,2.8,3.8,25.6,0.0
2026-04-08T05:00:00,12.70,-0.025,0.2,7.3,31.3,762.9,3.3,4.2,21.6,0.0
2026-04-08T05:30:00,12.70,0.553,0.2,7.0,31.8,762.8,3.9,5.2,359.3,0.0
2026-04-08T06:00:00,12.67,0.430,0.2,6.5,33.4,762.8,3.7,5.4,357.8,0.0
2026-04-08T06:30:00,12.67,0.464,0.2,6.6,32.9,762.8,3.3,4.6,25.1,0.0
2026-04-08T07:00:00,12.64,-0.004,0.3,6.4,35.7,762.8,3.2,5.3,6.5,0.0
2026-04-08T07:30:00,12.61,0.174,0.3,6.8,35.3,762.7,3.5,5.3,9.3,0.0
2026-04-08T08:00:00,12.61,0.264,0.3,6.1,38.5,762.6,3.3,4.2,6.4,0.0
2026-04-08T08:30:00,12.61,0.717,0.3,6.5,32.9,762.6,2.8,3.6,29.0,0.0
2026-04-08T09:00:00,13.57,0.782,0.1,7.3,32.0,762.7,2.9,3.7,48.3,0.0
2026-04-08T09:30:00,14.06,0.158,0.1,8.9,27.0,762.8,2.1,2.5,47.5,0.0
2026-04-08T10:00:00,13.50,1.561,0.0,8.9,31.7,762.8,3.5,4.4,10.9,0.0
2026-04-08T10:30:00,13.47,1.503,0.1,11.3,24.1,762.8,3.1,4.9,7.8,0.0
2026-04-08T11:00:00,14.15,1.206,0.1,12.6,21.8,762.7,2.0,2.7,25.7,0.0
2026-04-08T11:30:00,13.57,2.460,-0.1,13.4,17.6,762.8,1.0,2.6,205.0,0.0
2026-04-08T12:00:00,13.50,3.052,0.1,12.8,20.4,762.7,2.4,5.3,199.8,0.0
2026-04-08T12:30:00,13.44,2.457,0.1,12.4,19.2,762.6,2.6,4.3,204.0,0.0
2026-04-08T13:00:00,13.47,2.567,0.1,12.6,20.3,762.5,2.1,3.7,207.5,0.0
2026-04-08T13:30:00,13.69,2.863,0.1,13.4,21.6,762.5,1.8,3.6,204.7,0.0
2026-04-08T14:00:00,13.50,2.267,0.1,13.8,20.5,762.2,1.9,4.6,201.7,0.0
2026-04-08T14:30:00,14.00,2.245,0.2,13.9,21.6,761.9,3.9,6.1,201.8,0.0
2026-04-08T15:00:00,13.50,0.795,0.2,13.9,22.9,761.9,3.3,5.4,204.1,0.0
2026-04-08T15:30:00,13.50,-0.058,0.2,13.8,24.5,761.8,3.4,5.3,199.7,0.0
2026-04-08T16:00:00,13.91,0.139,0.2,14.0,26.5,761.7,2.3,4.5,201.0,0.0
2026-04-08T16:30:00,13.50,0.572,0.3,14.1,28.2,761.8,3.9,6.6,203.0,0.0
2026-04-08T17:00:00,13.26,0.657,0.2,12.8,33.3,761.9,3.6,5.1,201.3,0.0
2026-04-08T17:30:00,13.26,-0.056,0.2,12.4,35.7,762.0,3.8,5.5,203.8,0.0
2026-04-08T18:00:00,13.19,0.246,0.2,11.6,38.7,762.1,3.1,4.7,201.0,0.0
2026-04-08T18:30:00,13.10,0.272,0.2,11.3,39.9,762.1,1.5,3.2,206.4,0.0
2026-04-08T19:00:00,13.04,-0.133,0.2,10.7,42.3,762.2,1.6,3.0,197.5,0.0
2026-04-08T19:30:00,13.04,-0.482,0.2,10.0,46.0,762.4,2.1,3.7,204.2,0.0
2026-04-08T20:00:00,13.01,-0.425,0.2,9.7,47.8,762.4,0.8,2.4,313.0,0.0
2026-04-08T20:30:00,12.98,-0.218,0.2,9.5,49.1,762.6,2.3,3.0,20.2,0.0
2026-04-08T21:00:00,12.98,-0.175,0.2,9.3,49.1,762.7,2.1,3.0,30.6,0.0
2026-04-08T21:30:00,12.98,0.080,0.2,8.4,48.7,762.6,2.3,3.7,24.7,0.0
2026-04-08T22:00:00,12.95,0.084,0.2,8.9,43.9,762.5,1.7,2.3,27.8,0.0
2026-04-08T22:30:00,12.92,-0.012,0.2,9.2,38.4,762.6,1.4,2.1,21.9,0.0
2026-04-08T23:00:00,12.92,0.280,0.2,8.7,41.4,762.6,2.3,3.0,14.1,0.0
2026-04-08T23:30:00,12.92,-0.361,0.2,7.5,43.2,762.6,2.5,3.2,26.0,0.0
2026-04-09T00:00:00,12.89,0.017,0.2,9.0,29.9,762.5,2.3,3.8,39.1,0.0
2026-04-09T00:30:00,12.85,0.288,0.3,6.9,44.9,762.6,2.9,3.7,21.3,0.0
2026-04-09T01:00:00,12.85,-0.194,0.3,7.2,38.6,762.5,3.5,4.6,9.1,0.0
2026-04-09T01:30:00,12.85,-0.109,0.3,6.9,42.6,762.6,2.4,3.2,31.9,0.0
2026-04-09T02:00:00,12.85,-0.152,0.2,6.5,41.3,762.4,4.2,5.6,7.3,0.0
2026-04-09T02:30:00,12.82,0.268,0.3,6.1,44.6,762.2,3.2,4.3,7.3,0.0
2026-04-09T03:00:00,12.79,0.265,0.3,6.9,38.4,762.0,2.8,3.6,36.2,0.0
2026-04-09T03:30:00,12.79,0.184,0.3,7.3,38.7,761.8,2.7,3.9,39.1,0.0
2026-04-09T04:00:00,12.79,0.222,0.3,6.3,42.3,761.5,3.0,3.8,12.7,0.0
2026-04-09T04:30:00,12.76,0.226,0.3,5.3,47.1,761.3,3.4,5.0,13.4,0.0
2026-04-09T05:00:00,12.73,0.388,0.3,5.3,42.5,761.1,3.3,4.7,20.4,0.0
2026-04-09T05:30:00,12.73,0.521,0.3,6.7,34.8,761.1,2.8,3.5,40.0,0.0
2026-04-09T06:00:00,12.70,0.522,0.3,6.1,35.2,761.2,2.2,3.0,11.6,0.0
2026-04-09T06:30:00,12.70,0.071,0.3,6.4,33.4,761.4,2.3,3.3,27.9,0.0
2026-04-09T07:00:00,12.67,0.079,0.3,5.7,37.2,761.6,2.7,3.8,43.0,0.0
2026-04-09T07:30:00,12.67,0.415,0.3,4.8,38.6,761.7,3.1,4.5,32.0,0.0
2026-04-09T08:00:00,12.64,-0.209,0.3,5.2,37.6,761.6,2.7,3.7,24.4,0.0
2026-04-09T08:30:00,12.61,0.449,0.3,5.2,38.3,761.6,3.1,4.0,37.5,0.0
2026-04-09T09:00:00,13.63,0.294,0.1,4.9,41.8,761.7,3.1,3.9,30.5,0.0
2026-04-09T09:30:00,13.50,-0.119,0.1,5.6,38.3,761.9,3.3,4.0,21.8,0.0
2026-04-09T10:00:00,13.53,1.035,0.1,9.0,27.7,762.1,3.2,4.4,8.7,0.0
2026-04-09T10:30:00,13.44,1.517,0.1,10.8,27.6,762.1,3.1,4.0,13.6,0.0
2026-04-09T11:00:00,13.57,1.750,0.1,12.8,16.8,762.3,2.1,3.1,26.2,0.0
2026-04-09T11:30:00,13.53,3.119,0.1,15.0,12.6,762.4,0.5,1.6,0.0,0.0
2026-04-09T12:00:00,13.47,3.607,0.0,14.2,14.5,762.4,2.4,3.9,204.2,0.0
2026-04-09T12:30:00,14.18,2.336,0.1,13.7,16.5,762.5,3.4,4.9,199.2,0.0
2026-04-09T13:00:00,13.44,1.678,0.1,13.4,20.9,762.6,3.7,5.7,192.5,0.0
2026-04-09T13:30:00,13.57,2.586,0.1,13.6,22.1,762.4,2.0,4.0,205.6,0.0
2026-04-09T14:00:00,13.50,2.239,0.1,14.5,20.4,762.3,1.8,3.6,213.5,0.0
2026-04-09T14:30:00,13.50,1.595,0.1,13.9,22.8,762.1,2.9,4.9,203.6,0.0
2026-04-09T15:00:00,13.66,2.281,0.2,15.7,17.1,761.9,2.2,5.0,205.6,0.0
2026-04-09T15:30:00,13.50,1.132,0.1,15.2,21.1,761.8,3.6,6.2,208.8,0.0
2026-04-09T16:00:00,14.18,0.437,0.2,15.6,22.7,761.7,4.0,6.5,214.0,0.0
2026-04-09T16:30:00,13.57,0.964,0.2,14.4,28.3,761.8,3.9,5.5,202.9,0.0
2026-04-09T17:00:00,13.13,0.330,0.2,13.7,29.5,761.9,3.2,5.0,198.4,0.0
2026-04-09T17:30:00,13.10,-0.187,0.2,13.0,33.6,761.9,3.6,5.3,197.4,0.0
2026-04-09T18:00:00,13.07,-0.148,0.2,12.3,38.2,762.0,1.9,3.3,201.8,0.0
2026-04-09T18:30:00,13.04,-0.449,0.2,11.5,42.2,762.2,1.4,3.0,209.4,0.0
2026-04-09T19:00:00,13.04,-0.138,0.2,11.3,41.4,762.2,0.7,1.1,265.5,0.0
2026-04-09T19:30:00,13.01,-0.435,0.2,11.6,40.7,762.1,2.3,3.1,20.7,0.0
2026-04-09T20:00:00,12.98,-0.337,0.2,11.8,29.0,762.2,1.2,2.6,359.1,0.0
2026-04-09T20:30:00,12.98,-0.095,0.2,10.2,37.6,762.4,2.1,3.3,25.7,0.0
2026-04-09T21:00:00,12.95,0.313,0.2,10.0,37.0,762.5,1.8,3.3,35.1,0.0
2026-04-09T21:30:00,12.92,0.227,0.2,9.9,34.9,762.5,2.3,3.7,18.4,0.0
2026-04-09T22:00:00,12.92,0.067,0.3,9.2,34.4,762.3,1.8,2.4,13.6,0.0
2026-04-09T22:30:00,12.92,-0.090,0.2,8.9,38.1,762.3,2.6,3.4,28.4,0.0
2026-04-09T23:00:00,12.92,-0.001,0.2,9.9,31.9,762.3,2.4,3.7,14.1,0.0
2026-04-09T23:30:00,12.89,0.226,0.3,9.8,29.8,762.3,2.5,4.0,30.3,0.0
2026-04-10T00:00:00,12.85,0.149,0.3,8.8,32.6,762.2,2.4,3.7,24.2,0.0
2026-04-10T00:30:00,12.85,0.180,0.2,8.7,29.3,762.0,2.9,3.8,46.5,0.0
2026-04-10T01:00:00,12.82,0.035,0.2,9.7,26.0,762.0,2.2,3.4,40.0,0.0
2026-04-10T01:30:00,12.79,0.705,0.3,7.7,36.6,762.0,3.1,3.9,26.2,0.0
2026-04-10T02:00:00,12.79,0.463,0.2,8.6,27.7,762.0,2.2,5.2,26.9,0.0
2026-04-10T02:30:00,12.79,0.222,0.3,9.6,25.3,761.9,2.7,4.1,53.9,0.0
2026-04-10T03:00:00,12.76,-0.045,0.3,7.9,29.0,761.9,2.0,3.4,34.9,0.0
2026-04-10T03:30:00,12.73,0.386,0.3,6.6,35.4,761.8,2.2,3.9,27.7,0.0
2026-04-10T04:00:00,12.73,0.833,0.3,7.8,26.8,761.6,2.4,3.4,31.0,0.0
2026-04-10T04:30:00,12.70,0.710,0.3,8.4,25.8,761.5,2.7,3.5,40.4,0.0
2026-04-10T05:00:00,12.70,0.465,0.3,6.5,31.9,761.3,2.8,4.7,17.7,0.0
2026-04-10T05:30:00,12.67,0.248,0.3,6.4,32.5,761.3,3.0,3.9,22.5,0.0
2026-04-10T06:00:00,12.67,0.251,0.3,7.3,27.8,761.2,3.6,5.1,13.4,0.0
2026-04-10T06:30:00,12.64,0.351,0.3,5.6,36.2,761.2,3.0,3.6,27.8,0.0
2026-04-10T07:00:00,12.61,0.258,0.3,6.1,34.6,761.2,3.2,4.1,27.4,0.0
2026-04-10T07:30:00,12.61,0.278,0.3,5.6,36.6,761.3,3.1,3.9,14.7,0.0
2026-04-10T08:00:00,12.61,-0.007,0.3,6.5,33.3,761.3,3.6,5.3,7.9,0.0
2026-04-10T08:30:00,12.61,0.546,0.3,6.2,34.6,761.2,4.0,5.7,0.3,0.0
2026-04-10T09:00:00,13.07,0.334,0.2,6.6,33.6,761.3,3.7,4.8,9.4,0.0
2026-04-10T09:30:00,14.03,1.250,0.1,8.0,30.0,761.3,4.2,5.3,9.0,0.0
2026-04-10T10:00:00,14.15,1.314,0.1,9.0,28.6,761.3,3.4,4.5,6.1,0.0
2026-04-10T10:30:00,13.53,1.700,0.1,11.2,24.5,761.4,1.7,2.4,23.1,0.0
2026-04-10T11:00:00,13.57,2.395,0.0,13.3,18.5,761.6,1.1,3.1,308.9,0.0
2026-04-10T11:30:00,13.50,2.634,0.1,13.0,15.0,761.4,2.0,3.1,185.1,0.0
2026-04-10T12:00:00,13.57,2.972,0.1,13.6,14.2,761.3,2.4,4.3,198.0,0.0
2026-04-10T12:30:00,13.75,2.654,0.2,13.6,14.7,761.2,3.3,5.4,196.6,0.0
2026-04-10T13:00:00,13.50,2.548,0.2,13.9,16.1,761.2,3.7,5.3,184.0,0.0
2026-04-10T13:30:00,13.78,1.885,0.2,14.0,17.6,761.3,3.6,5.3,186.5,0.0
2026-04-10T14:00:00,13.47,2.066,0.2,13.9,22.4,761.1,3.9,5.9,193.0,0.0
2026-04-10T14:30:00,13.50,1.527,0.2,13.8,25.5,761.3,4.6,7.2,199.0,0.0
2026-04-10T15:00:00,13.50,1.566,0.3,13.7,26.4,761.1,5.0,7.6,200.0,0.0
2026-04-10T15:30:00,13.47,1.499,0.3,13.4,30.5,760.9,5.1,6.7,204.3,0.0
2026-04-10T16:00:00,14.18,0.649,0.3,13.3,31.4,761.0,5.0,7.4,197.1,0.0
2026-04-10T16:30:00,13.53,0.276,0.3,12.7,36.0,761.1,5.1,7.0,197.8,0.0
2026-04-10T17:00:00,13.13,0.344,0.3,11.7,39.1,761.1,4.5,6.3,204.7,0.0
2026-04-10T17:30:00,13.16,-0.637,0.3,11.5,40.4,761.3,3.6,5.4,194.3,0.0
2026-04-10T18:00:00,13.10,-0.177,0.3,11.4,41.2,761.4,3.3,5.5,191.6,0.0
2026-04-10T18:30:00,13.10,-0.185,0.3,10.8,41.9,761.5,1.1,2.2,205.2,0.0
2026-04-10T19:00:00,13.04,0.118,0.3,10.8,42.4,761.9,0.6,1.0,230.3,0.0
2026-04-10T19:30:00,13.01,0.028,0.3,12.9,27.9,761.8,2.8,8.1,158.8,0.0
2026-04-10T20:00:00,13.01,0.321,0.3,10.1,45.5,762.0,1.8,3.8,204.7,0.0
2026-04-10T20:30:00,12.98,-0.282,0.3,10.7,41.5,761.9,1.0,1.8,321.7,0.0
2026-04-10T21:00:00,12.98,-0.112,0.3,11.2,39.6,761.6,1.9,4.3,293.1,0.0
2026-04-10T21:30:00,12.95,0.051,0.3,11.2,34.8,761.7,1.9,3.2,357.6,0.0
2026-04-10T22:00:00,12.92,0.544,0.3,10.9,35.2,761.6,1.3,2.0,38.6,0.0
2026-04-10T22:30:00,12.92,0.157,0.3,9.6,42.4,761.6,2.7,4.3,0.3,0.0
2026-04-10T23:00:00,12.92,0.034,0.3,10.0,44.7,761.6,0.7,1.3,326.6,0.0
2026-04-10T23:30:00,12.92,-0.091,0.3,8.9,46.7,761.4,1.8,2.3,23.6,0.0
2026-04-11T00:00:00,12.89,0.103,0.3,9.8,39.6,761.5,2.1,2.9,356.3,0.0
2026-04-11T00:30:00,12.85,0.239,0.3,9.6,38.6,761.5,2.0,2.7,17.1,0.0
2026-04-11T01:00:00,12.85,-0.327,0.3,9.7,38.4,761.2,2.2,2.7,13.6,0.0
2026-04-11T01:30:00,12.85,0.064,0.3,9.6,35.4,761.0,3.3,4.9,356.5,0.0
2026-04-11T02:00:00,12.82,0.008,0.3,9.0,42.6,760.8,1.3,2.6,346.4,0.0
2026-04-11T02:30:00,12.79,0.069,0.3,8.3,45.9,760.9,1.0,2.9,299.4,0.0
2026-04-11T03:00:00,12.79,-0.317,0.3,8.1,53.7,760.8,0.9,1.5,38.9,0.0
2026-04-11T03:30:00,12.79,0.168,0.3,7.6,45.3,760.8,1.6,2.2,29.2,0.0
2026-04-11T04:00:00,12.73,0.323,0.3,6.4,48.8,760.6,2.9,4.0,5.2,0.0
2026-04-11T04:30:00,12.73,0.128,0.3,6.4,48.1,760.5,3.3,5.2,13.1,0.0
2026-04-11T05:00:00,12.73,0.257,0.3,6.4,62.7,760.6,1.6,3.2,105.7,0.0
2026-04-11T05:30:00,12.70,0.069,0.3,6.5,63.0,760.6,1.4,2.0,28.0,0.0
2026-04-11T06:00:00,12.67,0.225,0.3,4.7,66.5,760.8,2.1,2.6,1.6,0.0
2026-04-11T06:30:00,12.67,0.167,0.3,4.7,59.4,761.1,1.5,2.2,34.6,0.0
2026-04-11T07:00:00,12.64,0.012,0.3,4.2,61.3,761.5,2.0,2.5,11.5,0.0
2026-04-11T07:30:00,12.61,-0.471,0.3,4.6,58.7,761.6,2.6,3.1,13.4,0.0
2026-04-11T08:00:00,12.61,-0.345,0.3,4.7,57.5,761.7,2.3,3.9,11.8,0.0
2026-04-11T08:30:00,12.61,0.268,0.3,4.8,59.3,761.8,1.9,2.9,24.5,0.0
2026-04-11T09:00:00,12.64,-0.345,0.3,4.5,58.8,762.0,2.8,3.5,21.4,0.0
2026-04-11T09:30:00,14.00,0.478,0.1,4.9,59.3,762.2,2.4,2.8,20.8,0.0
2026-04-11T10:00:00,13.44,0.901,0.1,7.2,45.8,762.5,2.5,3.5,14.0,0.0
2026-04-11T10:30:00,13.53,1.392,0.1,8.5,40.5,762.8,2.7,3.2,12.9,0.0
2026-04-11T11:00:00,13.47,1.776,0.1,10.1,36.0,762.9,1.4,3.2,10.3,0.0
2026-04-11T11:30:00,13.87,2.390,0.1,9.3,40.4,762.9,2.7,4.2,199.5,0.0
2026-04-11T12:00:00,13.50,2.744,0.2,9.7,40.7,762.9,2.5,4.0,186.1,0.0
2026-04-11T12:30:00,13.81,1.830,0.2,10.3,30.1,762.9,2.7,5.4,167.6,0.0
2026-04-11T13:00:00,13.47,2.142,0.2,10.9,26.4,762.9,2.6,4.2,189.6,0.0
2026-04-11T13:30:00,13.57,2.649,0.2,11.3,27.3,762.7,2.7,4.6,193.7,0.0
2026-04-11T14:00:00,13.57,1.634,0.3,11.7,22.8,762.7,3.9,5.4,199.4,0.0
2026-04-11T14:30:00,13.57,1.306,0.3,11.5,23.6,762.7,6.5,10.8,202.4,0.0
2026-04-11T15:00:00,14.15,0.864,0.3,11.2,28.5,762.6,7.1,8.9,200.3,0.0
2026-04-11T15:30:00,13.50,-0.214,0.3,10.1,36.7,762.7,7.3,9.0,202.2,0.0
2026-04-11T16:00:00,13.44,0.404,0.3,9.9,41.8,763.1,5.8,8.3,196.9,0.0
2026-04-11T16:30:00,13.47,0.368,0.4,9.5,48.2,763.2,3.8,6.2,196.3,0.0
2026-04-11T17:00:00,13.13,0.236,0.3,8.8,52.8,763.2,2.7,3.9,209.8,0.0
2026-04-11T17:30:00,13.07,-0.650,0.3,8.7,51.5,763.3,0.9,2.5,213.4,0.0
2026-04-11T18:00:00,13.04,-0.217,0.3,10.1,38.8,763.4,2.4,3.9,16.8,0.0
2026-04-11T18:30:00,13.04,-0.642,0.3,10.2,32.6,763.2,2.4,4.4,315.0,0.0
2026-04-11T19:00:00,12.98,-0.706,0.3,10.4,27.1,763.1,3.0,5.5,316.7,0.0
2026-04-11T19:30:00,12.98,-0.206,0.3,10.9,21.6,763.1,2.9,5.0,153.0,0.0
2026-04-11T20:00:00,12.98,0.341,0.3,10.1,22.5,763.2,1.8,3.4,325.5,0.0
2026-04-11T20:30:00,12.92,-0.044,0.3,10.1,18.5,763.4,0.6,2.2,0.0,0.0
2026-04-11T21:00:00,12.92,-0.434,0.3,9.7,21.1,763.3,3.6,5.5,330.1,0.0
2026-04-11T21:30:00,12.92,0.200,0.3,9.5,19.9,763.3,1.7,2.9,337.7,0.0
2026-04-11T22:00:00,12.92,0.204,0.3,9.9,17.8,763.2,1.4,2.5,4.9,0.0
2026-04-11T22:30:00,12.89,-0.504,0.3,9.2,19.8,763.4,0.8,1.4,307.3,0.0
2026-04-11T23:00:00,12.85,0.420,0.3,9.5,19.8,763.3,1.5,2.9,22.1,0.0
2026-04-11T23:30:00,12.85,-0.062,0.3,8.8,21.9,763.1,2.1,5.1,6.9,0.0
2026-04-12T00:00:00,12.85,-0.140,0.3,8.3,24.1,763.2,1.2,2.7,91.7,0.0
2026-04-12T00:30:00,12.79,0.376,0.3,8.2,23.2,763.1,0.9,1.9,12.6,0.0
2026-04-12T01:00:00,12.79,-0.414,0.3,8.9,19.7,763.0,2.0,3.7,331.2,0.0
2026-04-12T01:30:00,12.79,-0.198,0.3,8.0,21.2,762.9,0.9,2.9,22.7,0.0
2026-04-12T02:00:00,12.79,0.310,0.3,8.3,19.1,762.7,1.5,3.5,10.6,0.0
2026-04-12T02:30:00,12.73,-0.322,0.3,8.6,19.0,762.7,2.2,3.3,56.6,0.0
2026-04-12T03:00:00,12.73,-0.418,0.3,8.1,20.2,762.7,2.4,3.2,22.7,0.0
2026-04-12T03:30:00,12.70,0.368,0.3,7.1,25.5,762.7,2.3,5.1,10.2,0.0
2026-04-12T04:00:00,12.70,0.168,0.3,7.0,24.2,762.6,2.4,3.4,18.1,0.0
2026-04-12T04:30:00,12.67,0.094,0.3,7.4,22.2,762.5,2.1,2.6,21.7,0.0
2026-04-12T05:00:00,12.67,0.047,0.3,8.4,20.7,762.3,2.0,3.4,28.9,0.0
2026-04-12T05:30:00,12.61,0.195,0.3,7.7,24.3,762.2,1.9,3.6,22.2,0.0
2026-04-12T06:00:00,12.61,0.436,0.3,7.1,23.1,762.3,2.5,3.5,43.0,0.0
2026-04-12T06:30:00,12.61,-0.003,0.3,6.4,26.9,762.2,2.9,4.4,28.5,0.0
2026-04-12T07:00:00,12.61,0.154,0.3,6.3,24.2,762.3,2.8,3.9,35.2,0.0
2026-04-12T07:30:00,12.61,0.082,0.3,7.6,19.3,762.5,2.4,3.8,57.0,0.0
2026-04-12T08:00:00,12.61,0.201,0.3,7.4,21.0,762.3,3.1,5.2,45.2,0.0
2026-04-12T08:30:00,12.61,0.160,0.3,7.7,20.5,762.4,3.6,6.1,348.1,0.0
2026-04-12T09:00:00,12.61,0.527,0.3,8.5,19.3,762.6,2.7,5.0,356.4,0.0
2026-04-12T09:30:00,13.87,1.331,0.1,10.4,16.6,762.7,3.3,5.7,337.1,0.0
2026-04-12T10:00:00,13.57,1.527,0.1,11.7,15.8,762.8,3.3,6.3,344.4,0.0
2026-04-12T10:30:00,13.44,1.227,0.0,13.1,13.1,762.7,3.5,5.8,346.9,0.0
2026-04-12T11:00:00,13.57,1.162,0.1,14.8,8.7,762.8,5.2,8.0,22.2,0.0
2026-04-12T11:30:00,13.57,1.154,0.1,15.4,7.6,762.8,5.2,12.1,30.3,0.0
2026-04-12T12:00:00,13.50,1.181,0.1,15.6,8.3,762.6,7.0,11.7,18.8,0.0
2026-04-12T12:30:00,13.63,1.026,0.2,15.2,7.3,762.6,7.3,12.5,22.6,0.0
2026-04-12T13:00:00,13.47,0.774,0.1,16.1,7.0,762.6,6.5,11.7,23.9,0.0
2026-04-12T13:30:00,13.94,1.595,0.0,16.5,7.5,762.5,7.5,11.2,23.0,0.0
2026-04-12T14:00:00,13.50,0.461,0.1,16.2,7.7,762.5,6.9,10.5,28.4,0.0
2026-04-12T14:30:00,13.81,0.178,0.1,15.8,10.7,762.2,7.6,12.3,22.5,0.0
2026-04-12T15:00:00,13.78,0.056,0.1,16.0,10.5,761.9,5.6,10.1,24.2,0.0
2026-04-12T15:30:00,13.53,0.461,0.1,16.0,10.4,761.8,6.3,9.8,24.0,0.0
2026-04-12T16:00:00,13.75,0.921,0.2,12.8,23.6,762.0,3.0,5.9,195.0,0.0
2026-04-12T16:30:00,13.69,0.470,0.2,13.2,22.2,761.9,2.9,5.0,194.3,0.0
2026-04-12T17:00:00,13.44,0.028,0.2,13.8,15.9,761.7,2.9,7.2,166.7,0.0
2026-04-12T17:30:00,13.32,0.377,0.2,12.2,27.3,762.0,3.2,5.9,155.9,0.0
2026-04-12T18:00:00,13.19,0.313,0.2,12.2,18.4,761.8,2.3,5.2,202.6,0.0
2026-04-12T18:30:00,13.13,0.351,0.2,10.2,33.9,762.0,3.4,5.9,197.7,0.0
2026-04-12T19:00:00,13.07,-0.348,0.2,10.4,33.9,761.9,1.3,2.4,166.9,0.0
2026-04-12T19:30:00,13.04,0.194,0.2,11.4,22.0,762.0,1.4,3.3,127.8,0.0
2026-04-12T20:00:00,13.04,-0.534,0.2,11.4,19.4,762.0,1.6,2.7,152.4,0.0
2026-04-12T20:30:00,13.01,0.382,0.3,10.5,22.5,762.1,0.7,2.1,206.6,0.0
2026-04-12T21:00:00,12.98,-0.312,0.3,11.2,19.6,762.2,1.5,3.7,171.1,0.0
2026-04-12T21:30:00,12.98,-0.048,0.3,10.8,21.6,762.1,1.9,4.3,228.9,0.0
2026-04-12T22:00:00,12.98,0.331,0.2,10.9,19.5,762.1,1.4,4.8,172.1,0.0
2026-04-12T22:30:00,12.95,-0.306,0.2,10.7,18.3,762.1,1.3,2.6,44.7,0.0
2026-04-12T23:00:00,12.92,0.114,0.2,10.7,19.1,762.0,1.0,2.4,340.8,0.0
2026-04-12T23:30:00,12.92,-0.196,0.2,10.1,17.9,761.8,1.2,2.6,15.5,0.0
2026-04-13T00:00:00,12.92,0.087,0.3,10.2,20.2,761.8,1.0,2.1,0.0,0.0
2026-04-13T00:30:00,12.92,-0.248,0.3,10.2,17.9,761.7,1.0,2.0,10.3,0.0
2026-04-13T01:00:00,12.92,-0.079,0.2,10.1,18.3,761.5,1.2,2.8,45.6,0.0
2026-04-13T01:30:00,12.89,0.220,0.3,9.1,24.7,761.5,1.3,2.3,37.0,0.0
2026-04-13T02:00:00,12.85,0.153,0.3,9.6,20.2,761.5,0.9,2.1,0.0,0.0
2026-04-13T02:30:00,12.85,0.033,0.2,9.0,21.5,761.2,1.0,2.2,69.1,0.0
2026-04-13T03:00:00,12.85,-0.332,0.3,8.5,25.2,761.2,0.7,2.0,0.0,0.0
2026-04-13T03:30:00,12.85,0.474,0.3,7.4,28.4,761.3,2.3,3.0,21.9,0.0
2026-04-13T04:00:00,12.79,-0.248,0.3,8.3,26.5,761.0,2.2,3.7,35.6,0.0
2026-04-13T04:30:00,12.79,0.366,0.3,7.1,30.7,760.8,2.3,3.9,31.1,0.0
2026-04-13T05:00:00,12.79,0.053,0.3,7.2,30.3,760.7,1.9,4.2,32.7,0.0
2026-04-13T05:30:00,12.79,0.305,0.2,8.5,21.4,760.3,2.7,4.9,57.4,0.0
2026-04-13T06:00:00,12.76,0.238,0.3,7.4,24.4,760.2,1.3,2.2,31.8,0.0
2026-04-13T06:30:00,12.73,0.051,0.3,9.0,20.0,760.3,2.0,3.9,58.9,0.0
2026-04-13T07:00:00,12.73,-0.333,0.3,8.7,20.3,760.6,0.9,1.8,53.3,0.0
2026-04-13T07:30:00,12.73,0.356,0.3,6.9,27.6,761.0,1.7,4.0,32.1,0.0
2026-04-13T08:00:00,12.70,0.238,0.3,6.1,29.9,761.1,2.4,3.2,25.7,0.0
2026-04-13T08:30:00,12.67,0.119,0.3,6.4,29.3,761.0,2.0,3.6,14.7,0.0
2026-04-13T09:00:00,12.67,0.465,0.3,5.9,32.4,761.0,2.7,3.3,28.5,0.0
2026-04-13T09:30:00,14.00,1.333,0.1,6.5,29.1,761.2,2.9,3.9,32.9,0.0
2026-04-13T10:00:00,13.50,1.421,0.1,8.5,28.0,761.5,2.7,4.5,6.9,0.0
2026-04-13T10:30:00,13.53,1.544,0.1,10.2,28.1,761.7,2.6,3.8,10.0,0.0
2026-04-13T11:00:00,13.44,1.688,0.1,12.2,24.0,761.6,1.9,3.5,14.6,0.0
2026-04-13T11:30:00,13.50,2.387,0.1,13.5,16.3,761.6,1.6,2.8,327.5,0.0
2026-04-13T12:00:00,13.47,3.045,0.1,12.4,17.1,761.6,2.9,4.8,195.4,0.0
2026-04-13T12:30:00,13.81,2.697,0.1,12.8,16.5,761.8,1.4,3.1,186.7,0.0
2026-04-13T13:00:00,13.53,3.761,0.2,13.2,16.5,761.6,3.1,4.5,204.1,0.0
2026-04-13T13:30:00,13.60,2.707,0.2,13.3,16.5,761.6,3.5,5.1,203.6,0.0
2026-04-13T14:00:00,13.50,1.927,0.2,13.5,17.6,761.4,3.3,5.0,202.4,0.0
2026-04-13T14:30:00,13.47,2.284,0.2,14.0,19.3,761.2,2.6,4.3,206.8,0.0
2026-04-13T15:00:00,13.57,1.292,0.2,14.3,19.0,760.9,2.2,3.9,203.9,0.0
2026-04-13T15:30:00,13.57,0.680,0.2,14.8,20.1,760.8,3.5,6.8,207.9,0.0
2026-04-13T16:00:00,14.12,1.137,0.2,14.5,21.8,760.7,3.0,5.2,201.4,0.0
2026-04-13T16:30:00,13.57,0.563,0.3,14.5,22.3,760.6,3.0,4.8,200.6,0.0
2026-04-13T17:00:00,13.13,0.030,0.2,13.9,23.7,760.4,1.5,2.8,190.5,0.0
2026-04-13T17:30:00,13.10,-0.123,0.2,13.3,26.9,760.5,2.4,4.1,192.9,0.0
2026-04-13T18:00:00,13.07,-0.045,0.3,12.3,29.3,760.5,1.6,3.0,210.1,0.0
2026-04-13T18:30:00,13.04,-0.145,0.3,11.4,30.3,760.5,1.0,2.2,229.6,0.0
2026-04-13T19:00:00,13.01,-0.579,0.3,11.4,31.8,760.3,0.7,2.1,259.8,0.0
2026-04-13T19:30:00,12.98,-0.797,0.3,11.5,30.4,760.3,0.8,2.0,139.2,0.0
2026-04-13T20:00:00,12.98,-0.488,0.3,11.2,32.2,760.2,1.3,2.6,270.7,0.0
2026-04-13T20:30:00,12.95,-0.074,0.3,10.2,35.7,760.5,1.2,2.9,305.2,0.0
2026-04-13T21:00:00,12.95,-0.042,0.3,10.1,35.1,760.4,1.6,2.6,21.5,0.0
2026-04-13T21:30:00,12.92,-0.165,0.3,10.1,34.2,760.6,1.4,3.8,187.1,0.0
2026-04-13T22:00:00,12.92,-0.142,0.3,9.5,39.3,760.6,2.3,3.9,23.0,0.0
2026-04-13T22:30:00,12.92,-0.155,0.3,8.7,41.9,760.6,1.1,3.1,17.9,0.0
2026-04-13T23:00:00,12.89,0.095,0.3,8.5,40.7,760.6,2.0,3.3,38.5,0.0
2026-04-13T23:30:00,12.98,-0.111,0.3,8.9,37.3,760.8,0.9,2.1,16.3,0.0
2026-04-14T00:00:00,12.85,0.065,0.3,8.4,38.6,760.7,2.4,3.7,18.4,0.0
2026-04-14T00:30:00,12.85,0.390,0.3,8.3,34.9,760.7,1.8,2.7,7.9,0.0
2026-04-14T01:00:00,12.79,-0.017,0.3,7.7,35.8,760.7,2.0,2.8,25.0,0.0
2026-04-14T01:30:00,12.79,0.049,0.3,7.8,34.6,760.6,2.2,3.1,32.9,0.0
2026-04-14T02:00:00,12.79,-0.227,0.3,7.4,37.0,760.5,1.6,2.9,34.7,0.0
2026-04-14T02:30:00,12.76,-0.031,0.3,6.7,40.5,760.3,2.9,4.3,25.9,0.0
2026-04-14T03:00:00,12.73,0.132,0.3,8.2,33.8,760.4,2.4,3.7,28.9,0.0
2026-04-14T03:30:00,12.73,0.618,0.3,9.3,27.5,760.1,2.0,3.8,68.1,0.0
2026-04-14T04:00:00,12.70,0.729,0.3,7.6,33.8,760.3,1.2,3.1,0.0,0.0
2026-04-14T04:30:00,12.70,-0.210,0.3,6.0,42.2,760.2,2.0,3.5,23.5,0.0
2026-04-14T05:00:00,12.67,0.436,0.3,7.5,37.0,760.1,1.7,3.3,92.8,0.0
2026-04-14T05:30:00,12.67,-0.032,0.2,7.2,41.0,760.4,1.6,2.9,125.5,0.0
2026-04-14T06:00:00,12.64,0.194,0.3,6.0,45.5,760.2,2.2,3.9,25.7,0.0
2026-04-14T06:30:00,12.64,0.590,0.3,5.7,45.8,760.4,1.4,2.7,335.5,0.0
2026-04-14T07:00:00,12.61,-0.384,0.3,5.2,49.7,760.9,1.1,2.4,56.5,0.0
2026-04-14T07:30:00,12.61,-0.610,0.3,4.9,51.9,761.2,1.7,3.2,21.0,0.0
2026-04-14T08:00:00,12.61,0.328,0.3,4.5,54.0,761.3,1.4,2.3,7.4,0.0
2026-04-14T08:30:00,12.61,-0.121,0.3,3.8,59.1,761.5,1.8,3.1,9.2,0.0
2026-04-14T09:00:00,12.64,-0.229,0.3,4.4,56.2,761.6,1.8,2.7,341.9,0.0
2026-04-14T09:30:00,12.61,-0.387,0.3,4.5,53.6,762.2,1.9,2.9,25.1,0.0
2026-04-14T10:00:00,12.73,0.363,0.3,4.4,55.3,762.5,2.5,3.9,26.4,0.0
2026-04-14T10:30:00,13.19,1.054,0.2,4.9,54.7,763.1,1.9,3.5,202.1,0.0
2026-04-14T11:00:00,12.98,0.337,0.3,5.4,53.1,763.2,2.1,4.1,349.8,0.0
2026-04-14T11:30:00,13.41,1.499,0.2,7.7,43.5,763.2,1.3,2.0,23.5,0.0
2026-04-14T12:00:00,13.44,2.613,0.2,9.4,39.7,763.4,0.7,2.5,2.4,0.0
2026-04-14T12:30:00,13.57,2.960,0.2,10.3,33.5,763.1,1.2,2.7,350.9,0.0
2026-04-14T13:00:00,13.47,2.880,0.3,9.4,37.6,763.2,3.5,6.1,200.2,0.0
2026-04-14T13:30:00,14.24,1.682,0.2,9.2,39.6,763.4,2.9,5.2,204.6,0.0
2026-04-14T14:00:00,13.44,1.644,0.3,9.2,40.3,763.3,3.5,6.0,204.7,0.0
2026-04-14T14:30:00,13.44,1.626,0.3,9.0,48.4,763.3,4.5,8.0,204.4,0.0
2026-04-14T15:00:00,13.57,1.204,0.2,9.1,50.8,763.0,1.7,3.6,232.5,0.0
2026-04-14T15:30:00,13.44,0.800,0.3,8.9,55.1,763.1,4.2,6.0,201.9,0.0
2026-04-14T16:00:00,13.44,0.455,0.3,8.4,59.3,763.4,3.7,5.6,183.5,0.0
2026-04-14T16:30:00,13.23,-0.147,0.3,7.6,68.0,763.5,2.9,5.0,214.2,0.0
2026-04-14T17:00:00,13.19,-0.014,0.3,7.8,68.8,763.6,2.2,3.8,199.8,0.0
2026-04-14T17:30:00,13.13,-0.343,0.3,7.3,73.8,763.9,4.4,6.0,196.5,0.0
2026-04-14T18:00:00,13.07,-0.261,0.3,7.5,71.0,764.1,3.4,4.9,196.0,0.0
2026-04-14T18:30:00,13.04,-0.638,0.2,7.7,69.3,764.2,0.4,1.4,0.0,0.0
2026-04-14T19:00:00,12.98,-0.188,0.2,8.1,65.8,764.0,0.7,1.5,24.9,0.0
2026-04-14T19:30:00,12.98,-0.404,0.3,7.6,68.4,764.1,1.9,3.4,188.3,0.0
2026-04-14T20:00:00,12.95,0.002,0.3,7.5,66.7,764.4,0.4,1.2,198.2,0.0
2026-04-14T20:30:00,12.92,-0.394,0.2,7.5,69.3,764.3,2.3,3.6,25.2,0.0
2026-04-14T21:00:00,12.92,-0.909,0.3,7.4,63.6,764.1,2.6,3.5,353.8,0.0
2026-04-14T21:30:00,12.92,-0.076,0.2,8.3,50.3,764.1,1.2,2.6,80.6,0.0
2026-04-14T22:00:00,12.89,0.025,0.3,6.4,53.9,764.3,1.9,2.4,31.7,0.0
2026-04-14T22:30:00,12.85,-0.548,0.3,6.3,45.4,764.5,1.5,2.0,5.1,0.0
2026-04-14T23:00:00,12.85,-0.486,0.3,6.5,45.7,764.6,1.1,2.3,344.0,0.0
2026-04-14T23:30:00,12.79,-0.262,0.3,5.1,56.8,764.6,2.8,3.6,20.2,0.0
2026-04-15T00:00:00,12.79,-0.376,0.3,5.0,50.2,764.3,2.2,2.9,19.9,0.0
2026-04-15T00:30:00,12.79,-0.003,0.3,6.4,39.1,764.2,2.1,3.0,46.8,0.0
2026-04-15T01:00:00,12.76,-0.524,0.3,5.4,36.4,763.8,3.3,4.1,13.5,0.0
2026-04-15T01:30:00,12.73,0.032,0.3,6.3,33.4,764.0,0.8,1.6,0.0,0.0
2026-04-15T02:00:00,12.70,-0.394,0.3,5.1,44.9,764.3,2.2,3.2,37.8,0.0
2026-04-15T02:30:00,12.70,0.097,0.3,5.1,37.8,764.1,3.1,4.1,4.1,0.0
2026-04-15T03:00:00,12.67,-0.397,0.3,5.1,37.7,763.9,2.8,3.8,13.8,0.0
2026-04-15T03:30:00,12.64,-0.632,0.3,6.4,27.4,763.5,2.3,3.2,47.6,0.0
2026-04-15T04:00:00,12.61,0.009,0.3,6.0,31.5,763.4,1.8,2.8,9.6,0.0
2026-04-15T04:30:00,12.61,-0.129,0.3,5.4,35.3,763.3,2.5,3.1,37.7,0.0
2026-04-15T05:00:00,12.61,-0.114,0.3,4.5,41.8,763.1,2.5,3.4,17.4,0.0
2026-04-15T05:30:00,12.61,0.044,0.3,4.8,38.2,763.1,1.9,2.8,19.7,0.0
2026-04-15T06:00:00,12.61,-0.087,0.3,7.5,24.7,763.2,2.6,3.3,59.3,0.0
2026-04-15T06:30:00,12.58,0.197,0.3,5.8,31.2,763.0,2.3,3.5,41.4,0.0
2026-04-15T07:00:00,12.55,0.313,0.3,4.2,41.8,763.0,3.4,4.3,10.7,0.0
2026-04-15T07:30:00,12.55,0.324,0.3,5.9,33.0,762.9,2.9,3.6,19.3,0.0
2026-04-15T08:00:00,12.55,-0.261,0.3,5.2,35.4,763.1,3.0,3.8,26.6,0.0
2026-04-15T08:30:00,12.55,0.251,0.3,4.5,39.8,763.1,2.9,3.5,16.8,0.0
2026-04-15T09:00:00,12.55,-0.296,0.3,6.5,32.1,763.2,4.1,5.9,0.5,0.0
2026-04-15T09:30:00,13.78,1.301,0.1,6.4,34.2,763.4,3.1,5.0,9.0,0.0
2026-04-15T10:00:00,13.53,0.354,0.1,7.7,32.3,763.5,3.0,4.2,23.1,0.0
2026-04-15T10:30:00,13.53,1.306,0.1,9.4,29.0,763.6,2.3,3.1,21.1,0.0
2026-04-15T11:00:00,13.81,1.250,0.1,11.3,21.0,763.7,2.7,3.5,11.4,0.0
2026-04-15T11:30:00,13.44,1.746,0.1,12.2,19.0,763.5,2.1,3.4,7.4,0.0
2026-04-15T12:00:00,13.44,2.946,0.1,13.3,16.0,763.6,1.3,3.1,10.8,0.0
2026-04-15T12:30:00,13.50,2.762,0.1,12.8,14.3,763.5,2.5,4.3,202.5,0.0
2026-04-15T13:00:00,13.57,3.028,0.1,13.6,13.0,763.4,2.5,4.1,199.4,0.0
2026-04-15T13:30:00,13.53,2.893,0.2,13.6,14.1,763.3,2.8,4.4,201.2,0.0
2026-04-15T14:00:00,14.06,0.908,0.2,13.0,14.1,763.1,2.7,3.9,194.3,0.0
2026-04-15T14:30:00,13.57,0.560,0.2,13.3,14.6,763.1,2.1,3.5,191.2,0.0
2026-04-15T15:00:00,13.44,0.702,0.2,13.7,17.2,762.8,1.8,3.3,211.0,0.0
2026-04-15T15:30:00,13.57,0.783,0.2,14.0,16.8,762.7,3.6,5.9,199.0,0.0
2026-04-15T16:00:00,13.50,0.915,0.2,14.3,18.5,762.7,3.0,4.8,197.3,0.0
2026-04-15T16:30:00,13.53,0.723,0.2,13.8,19.1,762.8,3.5,5.8,192.0,0.0
2026-04-15T17:00:00,13.10,-0.292,0.2,12.9,20.0,762.9,4.1,6.5,198.5,0.0
2026-04-15T17:30:00,13.07,-0.173,0.2,12.6,22.2,763.0,2.5,3.9,196.1,0.0
2026-04-15T18:00:00,13.04,-0.069,0.2,12.1,23.0,762.8,2.6,3.9,196.1,0.0
2026-04-15T18:30:00,13.04,-0.033,0.2,11.8,22.1,762.9,2.6,3.6,193.1,0.0
2026-04-15T19:00:00,13.01,-0.021,0.2,11.3,23.8,763.1,2.6,3.4,198.1,0.0
2026-04-15T19:30:00,12.98,0.038,0.2,10.6,25.8,763.2,1.1,2.1,206.1,0.0
2026-04-15T20:00:00,12.98,0.070,0.3,10.3,27.9,763.4,1.2,2.7,202.2,0.0
2026-04-15T20:30:00,12.92,-0.264,0.2,9.4,33.8,763.5,1.4,2.4,22.2,0.0
2026-04-15T21:00:00,12.92,-0.430,0.3,8.7,37.8,763.4,2.2,3.7,3.9,0.0
2026-04-15T21:30:00,12.92,-0.282,0.3,8.1,39.1,763.5,2.9,4.3,16.0,0.0
2026-04-15T22:00:00,12.92,-0.271,0.2,8.6,38.4,763.2,3.8,4.9,26.7,0.0
2026-04-15T22:30:00,12.89,-0.401,0.2,8.9,35.3,763.3,2.3,3.1,15.1,0.0
2026-04-15T23:00:00,12.85,0.437,0.3,8.2,41.6,763.4,2.9,4.5,13.2,0.0
2026-04-15T23:30:00,12.85,0.122,0.3,7.2,46.3,763.5,1.9,3.3,15.8,0.0
2026-04-16T00:00:00,12.85,0.124,0.3,7.9,43.6,763.3,2.4,3.5,7.7,0.0
2026-04-16T00:30:00,12.82,-0.243,0.3,6.5,51.0,763.3,2.6,3.4,24.2,0.0
2026-04-16T01:00:00,12.82,0.250,0.3,7.0,48.6,763.1,3.0,3.6,19.0,0.0
2026-04-16T01:30:00,12.79,0.551,0.3,6.4,51.6,762.9,2.8,3.9,26.5,0.0
2026-04-16T02:00:00,12.79,0.157,0.3,6.1,52.8,762.8,3.7,4.9,17.4,0.0
2026-04-16T02:30:00,12.79,0.110,0.3,6.5,49.5,762.6,3.0,4.2,7.8,0.0
2026-04-16T03:00:00,12.76,0.189,0.2,7.6,43.4,762.4,2.9,3.6,32.4,0.0
2026-04-16T03:30:00,12.73,-0.172,0.3,6.2,49.4,762.1,3.3,4.0,12.5,0.0
2026-04-16T04:00:00,12.73,-0.205,0.3,6.3,48.6,761.9,3.0,3.7,22.2,0.0
2026-04-16T04:30:00,12.70,0.403,0.3,6.7,46.0,761.6,3.5,4.8,23.0,0.0
2026-04-16T05:00:00,12.70,0.436,0.3,6.3,47.0,761.4,2.5,3.4,15.8,0.0
2026-04-16T05:30:00,12.67,0.203,0.3,8.4,38.5,761.4,1.6,2.6,11.3,0.0
2026-04-16T06:00:00,12.67,0.212,0.3,4.9,54.7,761.4,3.4,4.3,12.4,0.0
2026-04-16T06:30:00,12.64,0.002,0.3,6.8,44.5,761.4,2.7,4.0,27.7,0.0
2026-04-16T07:00:00,12.61,0.208,0.3,6.8,44.3,761.8,2.0,2.7,43.4,0.0
2026-04-16T07:30:00,12.61,-0.256,0.3,7.5,40.9,761.7,1.7,3.0,16.5,0.0
2026-04-16T08:00:00,12.61,0.425,0.3,6.1,46.0,761.9,2.4,3.4,7.3,0.0
2026-04-16T08:30:00,12.61,0.377,0.3,7.6,39.3,762.0,1.0,1.9,51.9,0.0
2026-04-16T09:00:00,12.64,0.414,0.3,6.8,45.9,762.2,1.7,4.0,41.5,0.0
2026-04-16T09:30:00,12.61,-0.022,0.3,7.3,42.5,762.2,3.0,4.6,40.4,0.0
2026-04-16T10:00:00,12.61,0.430,0.3,6.3,50.0,762.4,2.3,4.0,22.2,0.0
2026-04-16T10:30:00,13.44,1.811,0.0,9.4,38.6,762.5,0.9,1.8,4.1,0.0
2026-04-16T11:00:00,13.50,1.549,0.1,10.6,36.5,762.6,1.6,2.6,352.8,0.0
2026-04-16T11:30:00,13.53,1.632,0.1,11.7,32.2,762.5,2.3,3.5,354.1,0.0
2026-04-16T12:00:00,14.24,2.910,0.2,12.6,30.3,762.4,2.4,4.5,15.3,0.0
2026-04-16T12:30:00,13.57,2.514,0.2,11.9,29.9,762.3,3.2,4.3,202.1,0.0
2026-04-16T13:00:00,13.50,2.349,0.2,13.5,27.3,762.1,1.0,2.3,70.8,0.0
2026-04-16T13:30:00,13.50,2.614,0.2,13.9,24.7,761.7,1.8,5.1,172.2,0.0
2026-04-16T14:00:00,13.47,2.085,0.2,14.8,22.7,761.5,5.2,9.9,13.8,0.0
2026-04-16T14:30:00,14.24,0.649,0.3,14.7,25.8,761.4,6.1,11.4,199.8,0.0
2026-04-16T15:00:00,13.35,0.144,0.3,13.9,27.2,761.4,4.9,12.1,216.9,0.0
2026-04-16T15:30:00,13.44,0.365,0.3,12.9,30.1,761.6,4.3,10.9,210.7,0.0
2026-04-16T16:00:00,13.38,0.340,0.3,11.5,40.6,761.9,3.8,7.4,172.5,0.0
2026-04-16T16:30:00,13.32,0.157,0.3,11.3,38.8,761.7,3.0,5.1,200.9,0.0
2026-04-16T17:00:00,13.16,0.268,0.3,11.6,37.2,761.7,4.6,6.8,203.9,0.0
2026-04-16T17:30:00,13.10,-0.290,0.3,11.3,37.1,761.6,3.2,5.6,192.4,0.0
2026-04-16T18:00:00,13.04,0.049,0.4,10.3,41.2,762.0,4.1,6.3,205.5,0.0
2026-04-16T18:30:00,13.04,0.108,0.3,9.3,45.8,762.2,5.0,7.3,186.9,0.0
2026-04-16T19:00:00,12.98,0.008,0.3,8.5,50.0,762.6,2.5,5.3,166.4,0.0
2026-04-16T19:30:00,12.98,-0.256,0.4,8.0,53.0,762.9,3.3,4.9,163.7,0.0
2026-04-16T20:00:00,12.95,0.059,0.3,7.3,57.2,763.2,1.6,3.4,212.6,0.0
2026-04-16T20:30:00,12.92,-0.285,0.3,8.6,45.9,762.7,2.8,6.1,314.8,0.0
2026-04-16T21:00:00,12.92,-0.199,0.3,9.5,40.0,762.4,2.3,6.2,10.3,0.0
2026-04-16T21:30:00,12.92,0.139,0.4,7.1,58.5,762.8,3.6,6.7,178.6,0.0
2026-04-16T22:00:00,12.92,0.144,0.3,6.8,58.7,763.3,0.7,1.8,0.0,0.0
2026-04-16T22:30:00,12.85,-0.088,0.3,8.3,45.3,763.0,3.1,6.2,11.8,0.0
2026-04-16T23:00:00,12.85,-0.027,0.3,8.4,45.9,762.9,1.6,3.5,298.8,0.0
2026-04-16T23:30:00,12.85,-0.127,0.3,8.9,44.0,762.1,2.1,3.5,13.5,0.0
2026-04-17T00:00:00,12.85,0.451,0.3,8.8,47.0,762.1,1.7,2.8,46.7,0.0
2026-04-17T00:30:00,12.82,0.327,0.4,6.6,52.9,762.2,2.1,4.8,221.8,0.0
2026-04-17T01:00:00,12.79,0.364,0.3,7.1,44.7,762.8,2.4,4.8,138.3,0.0
2026-04-17T01:30:00,12.79,0.210,0.3,6.7,47.3,762.1,1.2,2.2,340.6,0.0
2026-04-17T02:00:00,12.79,0.057,0.3,6.9,52.5,762.2,2.6,6.4,349.8,0.0
2026-04-17T02:30:00,12.76,0.162,0.3,6.5,59.1,762.4,5.8,9.1,351.7,0.0
2026-04-17T03:00:00,12.73,-0.522,0.3,6.3,59.3,762.5,2.3,4.4,311.2,0.0
2026-04-17T03:30:00,12.73,0.442,0.3,5.3,67.9,762.6,1.8,4.6,233.2,0.3
2026-04-17T04:00:00,12.70,0.869,0.4,4.7,76.3,762.6,1.1,2.1,72.8,0.4
2026-04-17T04:30:00,12.67,0.714,0.3,3.9,81.9,762.4,4.4,5.9,14.9,0.5
2026-04-17T05:00:00,12.67,0.536,0.3,4.4,81.1,762.3,3.1,4.7,25.5,0.2
2026-04-17T05:30:00,12.64,0.672,0.3,4.4,80.1,762.4,4.6,8.3,21.4,0.3
2026-04-17T06:00:00,12.61,0.888,0.3,4.6,78.2,762.8,2.3,3.8,310.0,0.3
2026-04-17T06:30:00,12.61,0.656,0.3,4.2,83.2,763.3,3.3,4.7,20.3,0.3
2026-04-17T07:00:00,12.61,0.676,0.3,3.8,84.9,763.2,3.4,5.3,27.4,1.0
2026-04-17T07:30:00,12.58,0.679,0.3,3.8,85.7,762.8,3.1,4.9,13.8,0.2
2026-04-17T08:00:00,12.55,0.235,0.3,4.4,80.9,762.6,3.2,4.9,359.4,0.0
2026-04-17T08:30:00,12.55,0.239,0.3,4.5,80.7,762.3,3.7,5.2,15.5,0.0
2026-04-17T09:00:00,12.55,0.164,0.3,5.4,69.9,762.6,2.7,4.1,333.5,0.0
2026-04-17T09:30:00,12.61,0.074,0.3,5.9,71.1,762.7,2.7,4.1,44.1,0.0
2026-04-17T10:00:00,13.57,-0.224,0.2,6.4,69.7,762.6,1.9,3.1,27.7,0.0
2026-04-17T10:30:00,13.32,0.151,0.2,7.6,59.2,762.8,2.0,3.0,329.0,0.0
2026-04-17T11:00:00,13.44,0.540,0.1,8.7,56.2,762.8,2.0,4.3,6.0,0.0
2026-04-17T11:30:00,13.19,0.019,0.2,8.8,47.9,762.7,1.4,3.3,54.9,0.0
2026-04-17T12:00:00,13.26,-0.268,0.2,9.9,39.7,762.6,2.7,4.8,47.0,0.0
2026-04-17T12:30:00,13.78,0.019,0.2,10.0,40.6,762.5,1.6,3.9,325.1,0.0
2026-04-17T13:00:00,13.29,0.303,0.2,10.4,37.6,762.5,3.0,6.0,20.3,0.0
2026-04-17T13:30:00,13.19,0.061,0.2,10.3,42.0,762.3,5.9,9.1,22.7,0.0
2026-04-17T14:00:00,13.19,-0.569,0.2,10.6,41.0,762.5,2.7,7.9,24.4,0.0
2026-04-17T14:30:00,13.26,-0.264,0.2,10.6,40.0,762.2,5.9,9.9,19.6,0.0
2026-04-17T15:00:00,13.26,-0.642,0.2,10.8,37.6,761.8,7.1,13.4,22.0,0.0
2026-04-17T15:30:00,13.19,-0.644,0.1,10.8,38.6,761.5,8.6,13.5,25.1,0.0
2026-04-17T16:00:00,13.10,-0.420,0.1,10.8,35.0,761.3,8.7,12.7,25.5,0.0
2026-04-17T16:30:00,13.10,-0.249,0.1,11.1,34.3,761.2,6.8,10.8,30.1,0.0
2026-04-17T17:00:00,13.04,-0.461,0.1,11.0,33.1,761.3,7.3,11.4,24.1,0.0
2026-04-17T17:30:00,13.01,-0.470,0.1,11.0,35.9,761.1,2.3,6.1,31.6,0.0
2026-04-17T18:00:00,12.95,-0.161,0.1,11.0,33.0,761.1,4.2,7.5,21.7,0.0
2026-04-17T18:30:00,12.92,-0.637,0.1,11.0,31.8,761.0,2.3,6.6,179.9,0.0
2026-04-17T19:00:00,12.89,-0.285,0.1,10.2,39.4,761.1,3.7,9.0,234.5,0.0
2026-04-17T19:30:00,12.85,-0.297,0.2,8.6,56.9,761.0,3.4,4.7,193.8,0.0
2026-04-17T20:00:00,12.82,-0.953,0.2,7.7,63.5,761.2,3.6,4.7,201.2,0.0
2026-04-17T20:30:00,12.79,-0.706,0.2,7.3,67.4,761.5,1.1,2.1,334.3,0.0
2026-04-17T21:00:00,12.76,-0.854,0.2,7.7,67.2,761.3,1.9,3.4,8.0,0.0
2026-04-17T21:30:00,12.73,-0.807,0.2,8.1,57.8,761.3,2.3,3.4,320.3,0.0
2026-04-17T22:00:00,12.70,-1.327,0.2,7.3,71.0,761.4,1.2,2.2,328.7,0.0
2026-04-17T22:30:00,12.67,-0.707,0.2,7.4,64.6,761.4,1.0,2.0,320.6,0.0
2026-04-17T23:00:00,12.64,-1.050,0.2,7.6,59.9,761.2,2.0,2.9,30.0,0.0
2026-04-17T23:30:00,12.61,-0.553,0.2,7.9,56.7,760.9,2.5,3.3,15.7,0.0
2026-04-18T00:00:00,12.61,-1.168,0.2,8.9,48.6,760.8,2.0,4.8,260.3,0.0
2026-04-18T00:30:00,12.61,-1.500,0.2,8.6,52.0,760.8,1.2,2.9,321.9,0.0
2026-04-18T01:00:00,12.61,-1.459,0.1,9.7,40.6,760.5,2.0,5.0,134.2,0.0
2026-04-18T01:30:00,12.61,-0.992,0.1,8.7,51.8,760.1,2.3,4.4,169.3,0.0
2026-04-18T02:00:00,12.58,-1.000,0.2,8.9,48.1,760.2,3.7,6.7,167.1,0.0
2026-04-18T02:30:00,12.58,-0.916,0.2,7.6,57.5,760.3,1.6,3.1,3.7,0.0
2026-04-18T03:00:00,12.55,-1.350,0.2,7.2,60.4,760.4,1.2,2.6,168.9,0.0
2026-04-18T03:30:00,12.55,-1.165,0.2,7.4,58.4,760.0,0.6,1.9,322.0,0.0
2026-04-18T04:00:00,12.55,-1.101,0.2,6.7,66.2,759.7,1.1,2.3,28.7,0.0
2026-04-18T04:30:00,12.55,-1.143,0.2,7.3,60.2,759.9,1.7,2.8,198.7,0.0
2026-04-18T05:00:00,12.55,-0.725,0.2,6.7,70.2,759.8,1.2,2.9,0.0,0.0
2026-04-18T05:30:00,12.55,-0.428,0.3,6.5,69.0,759.6,1.7,2.8,29.1,0.3
2026-04-18T06:00:00,12.55,-0.675,0.3,6.8,63.7,759.6,1.2,3.2,18.1,0.5
2026-04-18T06:30:00,12.52,-0.207,0.3,6.2,63.6,759.6,1.4,4.3,307.7,0.2
2026-04-18T07:00:00,12.48,-0.434,0.3,4.4,96.9,759.7,0.8,1.6,241.0,0.5
2026-04-18T07:30:00,12.48,0.027,0.3,4.4,94.8,760.2,1.1,2.0,260.7,0.4
2026-04-18T08:00:00,12.48,-0.326,0.4,4.7,88.6,760.5,2.3,4.0,31.6,0.4
2026-04-18T08:30:00,12.48,-0.048,0.3,4.5,85.0,760.4,3.7,5.6,15.2,0.5
2026-04-18T09:00:00,12.48,-0.008,0.3,4.4,96.0,760.3,2.8,5.5,196.1,0.1
2026-04-18T09:30:00,12.48,-0.202,0.3,4.1,95.6,760.8,1.8,3.0,212.1,0.0
2026-04-18T10:00:00,12.48,-0.208,0.4,4.5,90.2,761.2,1.8,3.1,39.1,0.4
2026-04-18T10:30:00,12.48,-0.006,0.4,4.0,84.7,761.1,0.9,1.7,38.0,0.7
2026-04-18T11:00:00,12.48,-0.317,0.3,4.0,88.1,761.1,3.0,4.4,17.0,0.1
2026-04-18T11:30:00,12.48,-0.669,0.3,4.3,85.2,761.1,3.2,5.7,19.9,0.1
2026-04-18T12:00:00,12.48,-0.169,0.3,4.6,83.5,761.3,2.1,4.5,10.6,0.1
2026-04-18T12:30:00,12.48,-0.600,0.3,4.9,79.6,761.2,2.7,5.1,27.0,0.0
2026-04-18T13:00:00,12.48,-0.867,0.3,4.3,95.5,761.3,1.2,2.6,194.1,0.0
2026-04-18T13:30:00,12.55,-0.397,0.2,5.0,92.3,761.2,1.3,3.5,211.4,0.1
2026-04-18T14:00:00,12.52,-0.367,0.2,4.4,98.5,761.2,2.8,4.3,203.4,0.0
2026-04-18T14:30:00,12.48,-0.195,0.2,4.5,97.3,761.0,0.7,1.6,176.7,0.0
2026-04-18T15:00:00,12.55,-0.704,0.2,5.0,93.5,760.8,0.7,1.6,29.6,0.0
2026-04-18T15:30:00,12.48,-0.256,0.2,4.8,97.8,760.6,1.3,2.2,192.1,0.1
2026-04-18T16:00:00,12.45,-0.347,0.2,4.9,97.0,760.6,1.0,2.3,0.0,0.0
2026-04-18T16:30:00,12.42,0.097,0.3,4.5,99.5,760.5,0.6,1.5,222.1,0.0
2026-04-18T17:00:00,12.42,-0.840,0.3,5.1,94.7,760.6,2.1,3.0,8.0,0.2
2026-04-18T17:30:00,12.42,-0.189,0.3,5.3,91.2,760.4,1.0,2.0,28.1,0.1
2026-04-18T18:00:00,12.42,-0.281,0.3,5.0,97.5,760.4,1.4,2.7,185.6,0.1
2026-04-18T18:30:00,12.42,-0.497,0.3,5.5,88.5,760.3,1.9,3.3,1.2,0.0
2026-04-18T19:00:00,12.42,-0.756,0.2,5.0,96.9,760.3,1.2,3.4,91.6,0.0
2026-04-18T19:30:00,12.42,-0.609,0.2,5.8,76.1,760.5,0.5,3.4,32.7,0.1
2026-04-18T20:00:00,12.42,-0.962,0.2,5.0,92.3,760.8,0.5,3.4,193.8,0.0
2026-04-18T20:30:00,12.39,-0.883,0.3,4.3,99.4,761.2,1.2,2.0,25.5,0.0
2026-04-18T21:00:00,12.36,-0.464,0.3,4.3,92.7,761.1,3.0,4.1,10.3,0.1
2026-04-18T21:30:00,12.36,-0.816,0.3,5.3,79.4,761.2,1.9,3.1,40.0,0.1
2026-04-18T22:00:00,12.36,-0.710,0.3,5.4,73.7,761.4,1.9,4.3,4.0,0.1
2026-04-18T22:30:00,12.36,-0.941,0.2,6.0,55.2,761.4,6.4,10.7,351.5,0.0
2026-04-18T23:00:00,12.36,-0.702,0.3,5.7,61.5,761.5,2.5,5.2,331.9,0.0
2026-04-18T23:30:00,12.36,-0.918,0.3,5.7,65.6,761.6,1.3,2.8,141.7,0.0
2026-04-19T00:00:00,12.36,-0.882,0.3,4.5,78.4,761.3,1.7,2.7,19.8,0.0
2026-04-19T00:30:00,12.36,-0.637,0.3,4.7,77.2,761.4,2.7,4.6,16.1,0.1
2026-04-19T01:00:00,12.33,-0.706,0.3,4.3,80.2,761.4,1.5,2.2,5.2,0.2
2026-04-19T01:30:00,12.33,-0.779,0.4,4.2,82.9,761.4,1.6,2.8,55.9,0.2
2026-04-19T02:00:00,12.33,-0.639,0.4,3.6,86.9,761.4,3.4,5.6,27.3,0.4
2026-04-19T02:30:00,12.30,-0.777,0.8,3.3,88.4,761.2,3.3,4.4,9.7,0.5
2026-04-19T03:00:00,12.30,-0.395,0.8,3.3,90.1,761.1,4.0,4.9,14.0,0.2
2026-04-19T03:30:00,12.30,-0.095,0.4,3.8,86.8,760.9,3.9,6.6,25.7,0.6
2026-04-19T04:00:00,12.30,-0.378,0.3,3.9,86.5,760.6,3.4,4.9,14.6,0.2
2026-04-19T04:30:00,12.30,-0.792,0.3,4.1,87.9,760.6,1.5,2.1,36.6,0.1
2026-04-19T05:00:00,12.30,-0.221,0.8,4.4,82.6,760.3,1.2,2.4,28.5,0.4
2026-04-19T05:30:00,12.30,-0.531,0.3,4.0,85.6,760.0,3.2,5.3,0.0,0.1
2026-04-19T06:00:00,12.30,-0.150,0.4,4.4,82.1,759.9,2.1,2.9,42.7,0.2
2026-04-19T06:30:00,12.30,-0.573,0.3,4.5,82.3,760.0,1.9,2.6,47.7,0.2
2026-04-19T07:00:00,12.27,-0.376,0.3,4.3,83.2,760.3,3.2,4.4,16.4,0.2
2026-04-19T07:30:00,12.27,-0.647,0.3,3.7,77.6,760.7,9.0,14.8,355.5,0.1
2026-04-19T08:00:00,12.24,-0.812,0.4,3.5,81.5,760.7,5.2,9.3,333.3,0.5
2026-04-19T08:30:00,12.24,-0.681,0.4,3.5,83.8,760.8,3.8,5.4,9.0,0.4
2026-04-19T09:00:00,12.24,-1.004,0.4,3.4,81.8,760.9,3.0,6.8,320.8,0.4
2026-04-19T09:30:00,12.24,-0.208,0.3,3.9,79.8,761.5,1.3,2.7,132.0,0.0
2026-04-19T10:00:00,12.24,-0.839,0.3,4.0,73.7,761.2,1.4,3.9,305.5,0.2
2026-04-19T10:30:00,12.24,-1.321,0.3,3.9,80.8,761.0,3.8,7.8,16.3,0.2
2026-04-19T11:00:00,12.30,-0.537,0.3,3.7,82.9,761.0,3.4,5.9,14.7,0.4
2026-04-19T11:30:00,12.30,-0.170,0.3,4.4,75.0,760.6,2.3,4.1,4.5,0.1
2026-04-19T12:00:00,12.30,-1.126,0.3,5.2,70.7,760.4,1.5,2.5,36.0,0.0
2026-04-19T12:30:00,12.30,-1.295,0.3,5.6,73.3,760.7,1.1,2.3,48.3,0.0
2026-04-19T13:00:00,12.27,-0.510,0.3,5.8,67.6,760.6,2.2,3.4,36.1,0.0
2026-04-19T13:30:00,12.27,-0.767,0.3,5.3,73.0,760.6,0.8,2.0,345.7,0.0
2026-04-19T14:00:00,12.24,-1.578,0.2,5.9,71.6,760.3,1.4,2.4,332.6,0.0
2026-04-19T14:30:00,12.27,-1.388,0.2,6.0,71.1,760.1,0.7,1.8,104.1,0.0
2026-04-19T15:00:00,12.27,-0.651,0.2,5.8,75.4,760.1,1.1,2.7,184.2,0.0
2026-04-19T15:30:00,12.24,-1.392,0.2,6.3,72.3,759.8,1.0,2.5,312.7,0.0
2026-04-19T16:00:00,12.24,-0.982,0.3,6.3,74.2,759.8,1.3,2.1,20.2,0.0
2026-04-19T16:30:00,12.24,-1.294,0.2,5.2,91.2,759.8,1.4,3.9,240.3,0.0
2026-04-19T17:00:00,12.21,-1.523,0.2,6.1,74.2,760.0,1.5,4.5,319.5,0.0
2026-04-19T17:30:00,12.21,-0.865,0.3,6.0,73.1,760.1,1.5,3.3,59.1,0.1
2026-04-19T18:00:00,12.21,-1.205,0.3,5.5,75.9,760.0,2.0,4.2,353.7,0.2
2026-04-19T18:30:00,12.21,-1.123,0.3,4.5,82.4,760.0,3.7,6.4,23.3,0.2
2026-04-19T19:00:00,12.18,-0.863,0.3,4.9,78.5,760.1,3.8,5.4,36.4,0.0
2026-04-19T19:30:00,12.18,-0.512,0.3,5.2,79.1,759.9,1.3,4.2,184.8,0.2
2026-04-19T20:00:00,12.18,-0.902,0.3,4.6,89.2,760.2,1.6,2.9,338.8,0.0
2026-04-19T20:30:00,12.18,-0.814,0.3,4.2,97.4,760.4,0.8,1.7,198.3,0.2
2026-04-19T21:00:00,12.18,-0.590,0.4,4.5,95.0,760.8,1.4,2.9,232.8,0.4
2026-04-19T21:30:00,12.14,-0.675,0.8,4.5,76.5,760.8,1.2,2.1,32.8,0.4
2026-04-19T22:00:00,12.14,-0.576,0.8,4.3,79.6,760.5,1.5,3.5,24.6,0.4
2026-04-19T22:30:00,12.11,-0.447,0.8,4.0,83.7,760.4,0.8,2.4,355.0,0.0
2026-04-19T23:00:00,12.11,-0.867,0.7,4.3,80.7,760.5,1.3,2.4,4.3,0.1
2026-04-19T23:30:00,12.11,-0.890,0.8,3.9,83.1,760.5,0.9,2.2,245.2,0.2
2026-04-20T00:00:00,12.11,-0.999,0.6,3.0,86.6,760.1,1.1,3.8,319.1,1.3
2026-04-20T00:30:00,12.11,-0.210,0.6,2.1,93.0,760.3,2.5,4.4,306.8,3.1
2026-04-20T01:00:00,12.11,0.014,0.7,1.4,97.2,760.2,1.2,3.0,245.9,2.0
2026-04-20T01:30:00,12.11,1.846,0.9,0.9,98.8,760.5,5.5,9.5,206.1,2.0
2026-04-20T02:00:00,12.08,4.831,1.0,0.4,99.0,760.7,7.2,11.7,193.3,0.7
2026-04-20T02:30:00,12.18,8.362,1.8,0.1,99.3,761.1,999.9,999.9,999.9,0.0
2026-04-20T03:00:00,12.05,13.338,3.0,0.0,99.4,760.9,999.9,999.9,999.9,0.0
2026-04-20T03:30:00,12.05,18.419,2.1,-0.2,98.9,761.1,999.9,999.9,999.9,0.0
2026-04-20T04:00:00,12.05,22.551,3.4,-0.7,97.9,761.1,999.9,999.9,999.9,0.0
2026-04-20T04:30:00,12.05,26.372,6.1,-1.4,98.0,761.3,999.9,999.9,999.9,0.0
2026-04-20T05:00:00,12.05,30.087,14.3,-1.6,97.5,761.0,999.9,999.9,999.9,0.0
2026-04-20T05:30:00,12.05,33.107,13.2,-1.5,97.8,761.0,999.9,999.9,999.9,0.0
2026-04-20T06:00:00,11.99,37.113,20.9,-1.3,98.0,761.2,999.9,999.9,999.9,0.0
2026-04-20T06:30:00,11.99,41.942,27.7,-1.1,97.8,761.6,999.9,999.9,999.9,0.0
2026-04-20T07:00:00,11.99,50.323,32.6,-1.1,98.0,761.3,999.9,999.9,999.9,0.0
2026-04-20T07:30:00,11.99,52.279,33.0,-1.7,96.7,761.4,999.9,999.9,999.9,0.0
2026-04-20T08:00:00,11.99,52.430,32.5,-1.8,97.4,761.6,999.9,999.9,999.9,0.0
2026-04-20T08:30:00,11.99,55.816,38.2,-1.7,97.5,760.8,999.9,999.9,999.9,0.0
2026-04-20T09:00:00,11.99,56.413,37.5,-1.4,97.8,761.1,999.9,999.9,999.9,0.0
2026-04-20T09:30:00,11.96,56.623,36.8,-1.0,97.5,761.0,999.9,999.9,999.9,0.0
2026-04-20T10:00:00,11.99,57.837,34.7,-1.0,97.4,760.9,999.9,999.9,999.9,0.0
2026-04-20T10:30:00,11.93,60.070,33.6,-0.8,97.1,760.9,999.9,999.9,999.9,0.0
2026-04-20T11:00:00,11.93,61.035,41.2,-0.5,97.5,760.8,999.9,999.9,999.9,0.0
2026-04-20T11:30:00,11.93,60.152,39.1,-0.2,97.0,761.0,999.9,999.9,999.9,0.0
2026-04-20T12:00:00,11.93,60.943,36.5,-0.5,97.2,760.6,999.9,999.9,999.9,0.0
2026-04-20T12:30:00,12.11,61.083,36.9,-0.1,97.3,760.7,999.9,999.9,999.9,0.0
2026-04-20T13:00:00,12.36,60.453,36.0,0.2,96.6,760.8,999.9,999.9,999.9,0.1
2026-04-20T13:30:00,12.48,60.177,36.6,0.6,95.3,760.8,999.9,999.9,999.9,0.0
2026-04-20T14:00:00,12.61,60.194,37.4,0.4,97.0,761.0,999.9,999.9,999.9,0.0
2026-04-20T14:30:00,12.61,59.784,37.5,0.4,97.5,761.1,999.9,999.9,999.9,0.0
2026-04-20T15:00:00,12.61,59.197,36.7,0.1,98.8,761.0,999.9,999.9,999.9,0.0
2026-04-20T15:30:00,12.73,59.279,35.2,0.3,98.3,761.0,999.9,999.9,999.9,0.0
2026-04-20T16:00:00,12.55,58.890,35.4,0.3,99.5,761.2,0.6,2.4,284.2,0.0
2026-04-20T16:30:00,12.55,59.106,37.0,0.5,99.5,761.4,0.5,2.0,0.0,0.0
2026-04-20T17:00:00,12.55,58.987,36.8,0.4,97.5,761.6,1.5,4.0,7.4,2.9
2026-04-20T17:30:00,12.55,57.588,36.4,0.5,99.7,761.8,0.7,1.4,130.3,9.9
2026-04-20T18:00:00,12.48,57.230,35.3,0.1,99.9,761.8,2.1,4.0,82.7,0.9
2026-04-20T18:30:00,12.36,57.147,34.1,-0.1,100.0,762.1,1.4,2.6,14.9,0.4
2026-04-20T19:00:00,12.30,56.953,33.0,-1.1,98.7,762.0,2.2,3.2,354.5,0.1
2026-04-20T19:30:00,12.24,57.618,33.8,-1.2,100.0,762.5,1.0,2.7,309.4,0.0
2026-04-20T20:00:00,12.21,58.386,28.4,-2.8,99.0,762.7,4.1,5.9,0.5,0.0
2026-04-20T20:30:00,12.18,59.114,25.7,-4.5,96.3,762.9,2.9,4.1,7.3,0.0
2026-04-20T21:00:00,12.14,59.399,25.5,-5.6,85.6,763.0,3.1,3.9,19.4,0.0
2026-04-20T21:30:00,12.11,59.823,32.3,-4.0,67.5,763.1,3.2,4.4,8.2,0.0
2026-04-20T22:00:00,12.11,59.501,33.0,-4.2,65.0,763.2,3.3,5.0,16.3,0.0
2026-04-20T22:30:00,12.05,59.568,33.1,-4.7,65.1,763.3,3.7,5.0,8.5,0.0
2026-04-20T23:00:00,12.05,59.459,33.8,-2.8,55.2,763.2,3.1,5.1,19.7,0.0
2026-04-20T23:30:00,11.99,59.185,32.9,-2.6,52.8,763.4,3.2,4.1,23.1,0.0
2026-04-21T00:00:00,11.99,59.865,33.3,-3.1,54.4,763.4,3.0,4.3,34.3,0.0
2026-04-21T00:30:00,11.99,59.160,33.1,-4.2,57.9,763.4,3.9,5.7,17.9,0.0
2026-04-21T01:00:00,11.93,59.598,33.3,-1.7,45.6,763.4,3.2,4.6,41.3,0.0
2026-04-21T01:30:00,11.93,60.183,33.7,-0.1,38.9,763.4,3.1,4.8,19.3,0.0
2026-04-21T02:00:00,11.93,60.154,33.8,1.2,37.2,763.2,2.6,5.5,71.1,0.0
2026-04-21T02:30:00,11.93,60.381,36.3,-0.5,43.9,763.2,3.8,6.6,4.7,0.0
2026-04-21T03:00:00,11.93,61.391,31.1,-1.7,50.3,762.8,3.4,5.1,29.6,0.0
2026-04-21T03:30:00,11.93,61.674,31.5,-1.1,51.4,762.8,3.2,4.7,32.0,0.0
2026-04-21T04:00:00,11.87,61.480,31.4,-1.2,52.2,762.8,3.3,4.7,41.9,0.0
2026-04-21T04:30:00,11.87,62.435,30.8,-1.7,56.2,762.5,3.0,4.0,31.5,0.0
2026-04-21T05:00:00,11.87,62.282,31.0,-2.0,58.1,762.3,3.7,4.5,30.0,0.0
2026-04-21T05:30:00,11.87,62.410,30.6,-1.5,59.6,762.4,3.3,4.1,18.1,0.0
2026-04-21T06:00:00,11.87,62.792,30.5,-1.9,63.0,762.5,3.2,5.0,14.4,0.0
2026-04-21T06:30:00,11.87,63.290,30.8,-0.9,57.3,762.6,3.4,4.7,6.7,0.0
2026-04-21T07:00:00,11.87,63.281,30.2,-1.5,60.6,762.8,3.1,3.8,30.0,0.0
2026-04-21T07:30:00,11.87,63.915,29.9,1.7,50.7,762.7,3.0,4.3,17.7,0.0
2026-04-21T08:00:00,11.87,63.802,30.9,-0.7,58.8,762.4,3.6,4.5,21.8,0.0
2026-04-21T08:30:00,11.87,64.567,32.6,0.8,54.6,762.6,3.1,4.4,20.8,0.0
2026-04-21T09:00:00,11.87,64.409,31.8,1.2,53.9,762.9,3.9,5.5,9.4,0.0
2026-04-21T09:30:00,12.55,63.883,31.5,0.8,52.8,763.1,3.0,3.8,9.2,0.0
2026-04-21T10:00:00,13.04,64.670,30.7,3.0,46.8,763.4,4.0,5.3,352.1,0.0
2026-04-21T10:30:00,13.13,64.002,30.3,2.2,54.2,763.3,3.2,4.1,16.3,0.0
2026-04-21T11:00:00,13.10,63.519,30.2,3.9,52.2,763.3,3.8,5.2,2.0,0.7
2026-04-21T11:30:00,13.26,63.340,29.7,4.0,54.9,763.4,2.7,4.3,26.3,1.6
2026-04-21T12:00:00,13.32,64.031,30.5,5.1,52.2,763.3,3.4,4.8,346.6,0.2
2026-04-21T12:30:00,13.44,64.237,31.1,5.3,53.4,763.4,2.8,4.6,353.4,0.0
2026-04-21T13:00:00,13.53,64.509,31.3,5.2,56.9,763.3,3.2,4.6,7.0,0.0
2026-04-21T13:30:00,13.66,64.864,30.3,5.7,54.3,763.3,3.2,4.8,357.4,0.0
2026-04-21T14:00:00,13.81,65.277,29.3,5.2,58.6,763.0,2.9,4.7,12.2,0.0
2026-04-21T14:30:00,13.94,64.818,27.3,6.8,48.1,762.9,2.4,3.3,10.3,0.0
2026-04-21T15:00:00,13.84,64.272,29.0,5.4,57.3,762.7,2.9,4.7,12.5,0.0
2026-04-21T15:30:00,13.72,64.234,28.0,7.0,45.1,762.7,2.1,3.3,1.1,0.0
2026-04-21T16:00:00,13.84,64.705,26.7,9.1,30.0,762.7,3.8,8.6,95.3,0.0
2026-04-21T16:30:00,13.16,64.055,26.9,8.7,33.5,762.9,2.7,6.5,117.4,0.0
2026-04-21T17:00:00,13.07,64.253,27.0,7.7,38.8,762.9,3.8,7.1,82.3,0.0
2026-04-21T17:30:00,13.04,64.189,26.4,7.9,45.8,763.2,1.7,4.4,212.8,0.0
2026-04-21T18:00:00,13.04,63.546,26.2,6.2,49.3,763.7,1.6,2.4,19.6,0.0
2026-04-21T18:30:00,12.98,63.403,25.8,4.9,60.3,763.8,1.3,2.2,22.3,0.0
2026-04-21T19:00:00,12.92,63.647,25.8,3.8,63.3,763.8,1.5,3.3,43.0,0.0
2026-04-21T19:30:00,12.92,63.154,26.0,2.5,70.0,763.9,1.9,2.8,17.1,0.0
2026-04-21T20:00:00,12.85,63.778,25.9,2.4,69.5,764.2,2.4,3.3,17.9,0.0
2026-04-21T20:30:00,12.85,64.694,26.0,2.6,68.2,764.2,2.2,3.0,36.6,0.0
2026-04-21T21:00:00,12.82,64.088,26.0,2.9,66.7,764.2,2.4,3.5,44.0,0.0
2026-04-21T21:30:00,12.79,64.717,25.9,1.6,70.3,764.3,2.9,3.8,19.1,0.0
2026-04-21T22:00:00,12.79,64.584,25.8,2.6,65.9,764.0,1.8,2.8,40.9,0.0
2026-04-21T22:30:00,12.79,64.088,25.7,2.3,67.4,763.8,2.4,3.7,34.8,0.0
2026-04-21T23:00:00,12.76,64.942,25.5,1.9,68.3,763.9,3.1,4.5,33.4,0.0
2026-04-21T23:30:00,12.73,64.870,25.5,0.7,72.2,763.9,2.6,3.5,28.9,0.0
2026-04-22T00:00:00,12.73,65.149,25.5,2.0,64.7,764.0,2.5,3.9,48.7,0.0
2026-04-22T00:30:00,12.73,66.010,25.1,2.7,64.1,764.0,1.8,2.8,42.4,0.0
2026-04-22T01:00:00,12.70,65.917,25.2,3.9,59.0,764.2,2.3,3.2,69.9,0.0
2026-04-22T01:30:00,12.70,66.375,25.2,1.7,67.4,764.0,1.9,3.1,20.3,0.0
2026-04-22T02:00:00,12.70,67.078,24.7,1.2,67.6,764.3,1.6,3.0,5.4,0.0
2026-04-22T02:30:00,12.67,66.915,24.5,-0.4,72.7,764.3,2.7,4.0,27.8,0.0
2026-04-22T03:00:00,12.67,66.870,24.6,0.2,70.5,764.3,2.3,3.2,35.4,0.0
2026-04-22T03:30:00,12.64,66.405,23.9,1.4,66.9,764.4,2.3,3.9,44.6,0.0
2026-04-22T04:00:00,12.64,66.692,23.5,-0.1,71.5,764.4,3.3,3.9,30.5,0.0
2026-04-22T04:30:00,12.61,66.351,23.4,0.0,71.4,764.5,2.6,3.7,24.3,0.0
2026-04-22T05:00:00,12.61,65.764,22.5,0.7,71.0,764.4,2.8,4.3,4.0,0.0
2026-04-22T05:30:00,12.61,66.066,22.1,-0.1,75.7,764.3,3.1,5.1,20.0,0.0
2026-04-22T06:00:00,12.61,66.106,21.7,2.0,65.0,764.4,2.4,4.0,10.0,0.0
2026-04-22T06:30:00,12.61,66.161,21.4,0.0,74.0,764.5,3.0,3.8,28.1,0.0
2026-04-22T07:00:00,12.61,65.999,21.0,0.9,70.5,764.4,3.1,4.9,19.3,0.0
2026-04-22T07:30:00,12.61,66.214,20.3,1.9,63.1,764.5,1.4,3.1,27.6,0.0
2026-04-22T08:00:00,12.58,66.050,19.5,2.2,59.7,765.0,1.3,2.3,13.0,0.0
2026-04-22T08:30:00,12.61,66.554,17.3,0.8,65.1,765.4,1.2,3.2,24.3,0.0
2026-04-22T09:00:00,12.64,66.530,15.8,0.0,69.7,765.5,3.3,4.7,5.1,0.0
2026-04-22T09:30:00,13.19,66.358,21.0,-0.3,67.3,765.9,2.7,3.3,12.5,0.0
2026-04-22T10:00:00,13.47,66.455,20.9,2.1,56.4,766.4,2.8,3.7,47.3,0.0
2026-04-22T10:30:00,14.24,66.271,17.0,1.3,61.5,766.2,3.2,4.2,18.2,0.0
2026-04-22T11:00:00,13.53,65.871,23.6,4.2,46.4,766.3,1.9,2.7,35.2,0.0
2026-04-22T11:30:00,13.41,67.035,26.6,6.0,42.9,766.4,0.6,1.5,41.9,0.0
2026-04-22T12:00:00,13.44,67.275,20.5,4.0,53.1,766.6,2.3,3.6,20.2,0.0
2026-04-22T12:30:00,13.50,67.365,22.7,4.6,50.2,766.5,2.7,3.3,23.5,0.0
2026-04-22T13:00:00,13.44,68.402,26.3,5.6,44.7,766.5,2.1,3.4,52.2,0.0
2026-04-22T13:30:00,13.44,67.385,22.5,4.6,56.1,766.6,2.9,3.8,16.1,0.0
2026-04-22T14:00:00,13.63,65.342,21.0,5.8,38.4,766.3,2.9,4.2,7.1,0.0
2026-04-22T14:30:00,13.44,63.195,21.0,5.2,46.5,766.1,2.7,3.3,19.2,0.0
2026-04-22T15:00:00,13.44,59.072,21.8,4.6,54.6,766.0,2.9,4.2,19.4,0.0
2026-04-22T15:30:00,13.53,55.689,20.0,7.0,33.9,766.0,2.1,3.9,19.9,0.0
2026-04-22T16:00:00,13.44,54.465,17.6,6.7,38.7,766.0,2.0,4.1,26.7,0.0
2026-04-22T16:30:00,13.13,53.915,18.9,4.1,54.2,766.1,2.5,3.5,29.3,0.0
2026-04-22T17:00:00,13.04,53.130,17.3,4.0,48.8,766.1,2.1,2.8,29.6,0.0
2026-04-22T17:30:00,12.98,53.074,15.9,2.8,53.3,766.0,2.9,3.7,22.9,0.0
2026-04-22T18:00:00,12.92,52.633,16.6,2.8,50.6,766.0,3.1,4.2,30.9,0.0
2026-04-22T18:30:00,12.92,52.364,14.6,3.7,44.5,766.0,2.6,3.6,43.4,0.0
2026-04-22T19:00:00,12.85,51.842,12.6,2.7,47.1,766.0,2.9,4.0,11.6,0.0
2026-04-22T19:30:00,12.85,51.705,18.1,3.0,46.8,766.2,3.0,4.2,20.5,0.0
2026-04-22T20:00:00,12.82,52.342,15.8,2.6,48.1,766.2,3.2,4.3,17.8,0.0
2026-04-22T20:30:00,12.79,51.880,15.3,3.0,46.2,766.2,3.4,4.6,13.1,0.0
2026-04-22T21:00:00,12.79,52.223,14.4,1.3,51.7,766.3,3.2,4.3,18.8,0.0
2026-04-22T21:30:00,12.79,51.779,13.6,2.6,45.2,766.3,4.1,5.5,11.5,0.0
2026-04-22T22:00:00,12.73,51.323,13.5,2.9,44.2,766.1,4.2,5.5,1.1,0.0
2026-04-22T22:30:00,12.73,51.386,12.8,2.9,40.9,766.2,4.0,5.1,10.0,0.0
2026-04-22T23:00:00,12.73,51.638,12.3,2.0,43.6,766.1,4.1,5.8,5.2,0.0
2026-04-22T23:30:00,12.70,51.712,12.6,1.7,44.4,766.1,4.2,5.6,4.3,0.0
2026-04-23T00:00:00,12.70,51.534,12.7,0.7,47.1,766.0,4.2,6.3,10.7,0.0
2026-04-23T00:30:00,12.67,51.861,13.0,1.1,42.1,765.8,3.5,4.4,14.7,0.0
2026-04-23T01:00:00,12.67,51.595,12.5,1.4,41.5,765.5,4.7,6.6,6.1,0.0
2026-04-23T01:30:00,12.76,50.290,12.4,1.1,42.2,765.3,4.6,6.1,5.9,0.0
2026-04-23T02:00:00,12.67,50.500,12.6,2.0,37.2,765.3,4.3,6.4,10.3,0.0
2026-04-23T02:30:00,12.64,50.001,13.0,1.0,39.6,765.2,3.8,4.9,20.0,0.0
2026-04-23T03:00:00,12.61,49.628,13.2,1.3,37.6,764.9,3.8,5.6,6.4,0.0
2026-04-23T03:30:00,12.61,49.409,13.4,-0.6,46.2,764.7,4.0,5.8,15.7,0.0
2026-04-23T04:00:00,12.61,49.211,13.3,1.9,34.6,764.6,3.9,5.6,11.3,0.0
2026-04-23T04:30:00,12.61,49.421,13.5,0.6,39.0,764.4,4.1,5.5,24.4,0.0
2026-04-23T05:00:00,12.61,50.069,13.3,0.6,36.4,764.3,4.2,5.6,14.2,0.0
2026-04-23T05:30:00,12.61,50.193,12.9,1.8,32.2,764.2,4.3,5.5,0.0,0.0
2026-04-23T06:00:00,12.58,52.308,12.5,-0.2,38.7,764.2,2.6,4.0,30.3,0.0
2026-04-23T06:30:00,12.55,52.820,12.3,-1.0,42.4,764.2,3.9,5.5,17.9,0.0
2026-04-23T07:00:00,12.55,54.236,12.5,1.3,32.5,764.3,3.4,4.7,45.8,0.0
2026-04-23T07:30:00,12.55,54.876,12.5,1.1,31.0,764.5,3.1,4.0,40.7,0.0
2026-04-23T08:00:00,12.55,57.489,12.6,-0.5,38.0,764.6,3.4,4.2,28.7,0.0
2026-04-23T08:30:00,12.55,58.642,12.5,-1.6,43.4,764.8,4.0,5.3,10.8,0.0
2026-04-23T09:00:00,12.55,59.880,12.5,-1.0,41.3,765.0,3.8,5.1,20.5,0.0
2026-04-23T09:30:00,13.32,58.434,12.2,0.3,37.6,765.1,4.2,5.8,14.8,0.0
2026-04-23T10:00:00,13.81,55.443,12.2,0.8,41.5,765.3,4.2,5.6,13.6,0.0
2026-04-23T10:30:00,13.38,52.562,11.3,2.4,39.0,765.4,3.7,4.7,17.1,0.0
2026-04-23T11:00:00,13.38,52.449,9.3,4.9,32.0,765.3,3.2,4.4,25.1,0.0
2026-04-23T11:30:00,13.38,57.306,12.0,5.1,38.5,765.3,2.9,4.4,8.9,0.0
2026-04-23T12:00:00,13.44,61.091,13.2,7.4,28.1,765.3,2.1,3.5,56.6,0.0
2026-04-23T12:30:00,13.63,59.392,13.2,7.8,31.8,765.2,1.8,3.1,39.2,0.0
2026-04-23T13:00:00,13.44,56.524,15.1,8.1,25.3,765.4,1.9,3.1,52.3,0.0
2026-04-23T13:30:00,13.44,54.629,14.2,7.1,38.3,765.3,2.3,4.0,337.5,0.0
2026-04-23T14:00:00,13.50,52.963,13.6,6.3,42.2,765.2,2.9,4.0,10.8,0.0
2026-04-23T14:30:00,13.44,50.451,15.1,8.5,30.5,764.9,1.8,3.5,51.4,0.0
2026-04-23T15:00:00,13.57,49.163,14.3,8.5,29.9,764.7,2.1,2.9,44.1,0.0
2026-04-23T15:30:00,13.57,47.373,12.8,8.0,34.3,764.6,1.7,2.8,21.7,0.0
2026-04-23T16:00:00,13.91,45.619,11.6,7.2,34.5,764.6,2.3,4.6,355.7,0.0
2026-04-23T16:30:00,13.10,44.566,11.3,6.1,41.1,764.6,1.9,3.1,4.1,0.0
2026-04-23T17:00:00,13.01,43.300,10.7,5.1,43.8,764.7,2.4,3.1,14.4,0.0
2026-04-23T17:30:00,12.98,42.917,11.1,5.0,40.7,764.8,2.2,3.1,26.4,0.0
2026-04-23T18:00:00,12.92,42.425,10.8,4.2,46.8,764.9,2.6,3.4,25.2,0.0
2026-04-23T18:30:00,12.92,42.211,10.5,3.8,48.8,765.0,3.2,4.0,5.2,0.0
2026-04-23T19:00:00,12.85,42.669,10.3,3.6,49.5,764.9,3.1,3.8,27.9,0.0
2026-04-23T19:30:00,12.85,43.125,10.0,2.8,48.1,764.9,2.7,3.3,41.8,0.0
2026-04-23T20:00:00,12.95,44.305,9.7,2.2,49.7,765.1,3.1,3.8,27.7,0.0
2026-04-23T20:30:00,12.79,44.138,9.5,2.0,46.7,765.2,3.2,3.9,36.3,0.0
2026-04-23T21:00:00,12.79,45.249,9.4,1.7,47.3,765.4,2.9,4.1,35.9,0.0
2026-04-23T21:30:00,12.76,45.651,9.4,1.9,44.7,765.5,3.5,4.8,16.7,0.0
2026-04-23T22:00:00,12.73,46.115,9.4,2.2,42.1,765.5,3.3,4.9,29.1,0.0
2026-04-23T22:30:00,12.73,46.412,9.5,3.1,35.8,765.4,3.6,5.5,9.9,0.0
2026-04-23T23:00:00,12.73,46.737,9.4,1.3,43.1,765.3,3.5,4.4,38.8,0.0
2026-04-23T23:30:00,12.70,46.335,9.2,2.4,34.9,765.4,3.4,4.5,43.9,0.0
2026-04-24T00:00:00,12.70,46.246,9.3,1.6,38.1,765.2,3.7,5.7,6.7,0.0
2026-04-24T00:30:00,12.67,46.216,9.1,0.2,42.8,765.2,3.9,5.2,23.7,0.0
2026-04-24T01:00:00,12.67,45.792,9.1,1.4,36.7,765.0,3.8,5.6,19.7,0.0
2026-04-24T01:30:00,12.64,45.587,9.0,1.4,34.2,764.9,3.7,5.4,24.5,0.0
2026-04-24T02:00:00,12.61,44.862,8.2,0.2,39.7,764.7,3.5,4.7,27.5,0.0
2026-04-24T02:30:00,12.61,43.434,7.5,-0.7,45.0,764.6,3.9,4.9,20.5,0.0
2026-04-24T03:00:00,12.61,41.172,6.0,-0.3,43.4,764.7,3.3,4.3,42.5,0.0
2026-04-24T03:30:00,12.61,39.252,4.9,-0.6,41.9,764.7,3.1,3.7,29.6,0.0
2026-04-24T04:00:00,12.61,37.341,3.2,0.4,36.8,764.4,3.3,4.3,36.5,0.0
2026-04-24T04:30:00,12.58,34.543,3.1,-0.2,41.5,764.4,3.3,4.2,39.2,0.0
2026-04-24T05:00:00,12.58,31.576,3.4,-0.4,40.2,764.1,4.1,6.4,21.5,0.0
2026-04-24T05:30:00,12.55,28.352,3.5,-1.0,42.5,764.1,3.2,4.4,37.1,0.0
2026-04-24T06:00:00,12.55,24.603,3.8,-0.6,43.2,764.0,3.3,4.3,23.8,0.0
2026-04-24T06:30:00,12.55,19.799,3.8,1.7,32.8,764.3,2.9,3.6,46.4,0.0
2026-04-24T07:00:00,12.55,14.206,4.0,-1.3,47.1,764.4,3.3,4.5,27.7,0.0
2026-04-24T07:30:00,12.55,9.575,4.5,0.0,40.6,764.2,2.8,4.9,30.4,0.0
2026-04-24T08:00:00,12.55,5.931,5.9,-0.9,44.6,764.4,4.0,5.4,23.3,0.0
2026-04-24T08:30:00,12.55,3.020,6.8,0.2,43.3,764.5,3.1,4.1,35.3,0.0
2026-04-24T09:00:00,12.55,3.255,7.6,0.5,44.2,764.6,2.6,3.7,18.2,0.0
2026-04-24T09:30:00,13.13,3.184,7.3,0.5,42.4,765.2,1.6,4.1,45.5,0.0
2026-04-24T10:00:00,13.44,2.751,8.2,1.1,44.0,765.1,3.2,4.2,16.7,0.0
2026-04-24T10:30:00,13.44,-2.947,8.3,0.9,52.2,765.2,3.2,4.7,26.2,0.0
2026-04-24T11:00:00,13.44,-3.033,8.3,2.7,52.0,765.3,2.8,3.4,30.5,0.0
2026-04-24T11:30:00,13.60,-7.482,9.4,5.5,36.4,765.1,2.0,3.4,49.2,0.0
2026-04-24T12:00:00,13.44,-3.795,10.1,6.1,34.2,765.4,1.7,3.1,179.5,0.0
2026-04-24T12:30:00,13.47,13.425,10.6,6.8,37.2,765.4,1.1,2.1,195.2,0.0
2026-04-24T13:00:00,13.44,22.676,10.6,6.8,33.8,765.4,1.6,2.8,220.8,0.0
2026-04-24T13:30:00,13.44,28.907,9.3,6.7,40.4,765.3,1.3,2.1,358.4,0.0
2026-04-24T14:00:00,13.57,33.505,11.6,6.3,36.4,765.1,1.7,3.0,12.4,0.0
2026-04-24T14:30:00,13.47,36.368,9.0,6.8,40.8,764.8,1.9,4.1,199.2,0.0
2026-04-24T15:00:00,14.12,0,9.7,6.8,40.9,764.9,1.5,3.1,227.7,0.0
2026-04-24T15:30:00,13.50,38.146,11.9,7.4,42.4,764.7,0.9,2.0,263.0,0.0
2026-04-24T16:00:00,13.44,36.375,7.2,6.9,40.2,764.8,1.1,2.4,227.2,0.0
2026-04-24T16:30:00,13.29,35.486,8.3,5.7,50.3,764.9,1.5,2.6,332.8,0.0
2026-04-24T17:00:00,13.10,34.141,8.2,4.9,51.2,764.8,0.9,2.6,353.8,0.0
2026-04-24T17:30:00,13.01,33.305,7.1,3.9,54.4,764.8,1.0,1.6,25.5,0.0
2026-04-24T18:00:00,12.95,33.881,4.2,2.6,60.6,764.9,2.1,3.4,32.1,0.0
2026-04-24T18:30:00,12.92,33.679,2.4,2.4,60.9,764.9,2.3,2.9,25.9,0.0
2026-04-24T19:00:00,12.89,34.305,2.5,1.9,59.5,764.9,2.2,2.9,27.4,0.0
2026-04-24T19:30:00,12.85,33.965,5.3,1.9,54.8,764.9,1.8,2.5,13.4,0.0
2026-04-24T20:00:00,12.85,35.122,5.1,1.6,55.2,765.0,1.7,2.9,9.8,0.0
2026-04-24T20:30:00,12.79,35.866,4.0,0.2,59.9,765.1,3.0,4.2,17.2,0.0
2026-04-24T21:00:00,12.79,36.698,3.2,1.0,55.6,765.1,2.5,3.6,35.7,0.0
2026-04-24T21:30:00,12.79,36.917,4.1,0.3,55.2,765.0,3.3,4.2,8.6,0.0
2026-04-24T22:00:00,12.76,36.558,4.1,-0.5,58.1,765.3,2.6,3.2,32.6,0.0
2026-04-24T22:30:00,12.73,34.851,4.2,-0.2,53.9,765.2,2.7,3.5,22.9,0.0
2026-04-24T23:00:00,12.73,31.230,4.2,1.5,45.8,765.2,2.3,2.9,62.9,0.0
2026-04-24T23:30:00,12.70,27.302,4.2,-1.0,54.3,765.3,2.7,3.3,27.4,0.0
2026-04-25T00:00:00,12.70,20.858,4.2,-1.1,53.0,765.3,3.7,5.1,11.3,0.0
2026-04-25T00:30:00,12.70,15.185,4.1,0.6,41.8,764.9,3.2,5.8,11.2,0.0
2026-04-25T01:00:00,12.67,10.640,4.1,0.2,41.2,764.9,2.7,4.2,34.0,0.0
2026-04-25T01:30:00,12.67,6.015,4.2,-1.1,45.2,764.7,3.0,3.8,20.7,0.0
2026-04-25T02:00:00,12.61,4.242,4.2,-0.4,42.5,764.7,3.1,3.9,22.6,0.0
2026-04-25T02:30:00,12.61,3.107,4.6,-0.7,42.5,764.6,3.4,4.7,13.6,0.0
2026-04-25T03:00:00,12.61,4.422,4.7,0.3,35.6,764.3,4.0,6.1,4.3,0.0
2026-04-25T03:30:00,12.61,5.768,4.6,0.0,36.2,764.2,3.2,4.8,10.0,0.0
2026-04-25T04:00:00,12.61,5.913,4.4,-0.7,38.3,764.1,3.5,4.9,8.9,0.0
2026-04-25T04:30:00,12.58,8.155,4.3,-1.0,41.3,763.9,3.0,4.2,10.4,0.0
2026-04-25T05:00:00,12.55,8.720,3.9,-0.1,35.1,763.8,3.3,4.5,15.4,0.0
2026-04-25T05:30:00,12.55,10.250,3.9,-1.6,41.8,763.8,2.5,3.8,25.9,0.0
2026-04-25T06:00:00,12.55,11.576,3.9,-0.5,38.5,763.8,2.9,3.9,21.9,0.0
2026-04-25T06:30:00,12.55,11.400,3.7,-1.0,40.6,763.9,2.8,3.6,27.5,0.0
2026-04-25T07:00:00,12.55,12.900,3.7,-1.2,42.0,764.0,2.6,3.7,23.4,0.0
2026-04-25T07:30:00,12.55,12.454,3.6,-0.7,40.0,764.1,3.1,4.3,29.5,0.0
2026-04-25T08:00:00,12.55,12.413,3.5,0.4,35.6,764.1,4.2,5.8,344.0,0.0
2026-04-25T08:30:00,12.52,14.139,3.5,-1.0,42.4,764.3,2.9,3.7,16.1,0.0
2026-04-25T09:00:00,12.55,13.769,3.4,-1.3,45.4,764.3,3.5,4.8,10.0,0.0
2026-04-25T09:30:00,12.79,14.531,3.4,-0.4,41.4,764.4,4.1,5.5,2.6,0.0
2026-04-25T10:00:00,13.44,13.049,3.2,1.9,38.1,764.9,3.0,4.2,8.4,0.0
2026-04-25T10:30:00,13.44,9.384,10.6,2.6,38.0,764.8,3.8,5.3,354.2,0.0
2026-04-25T11:00:00,13.38,6.900,10.1,3.5,35.9,764.8,2.1,3.1,359.4,0.0
2026-04-25T11:30:00,13.87,11.337,10.6,4.4,37.8,764.9,1.8,2.5,34.1,0.0
2026-04-25T12:00:00,13.38,19.660,9.8,5.9,30.2,765.0,1.0,1.6,33.4,0.0
2026-04-25T12:30:00,13.38,27.258,6.1,5.5,33.9,764.8,2.4,3.0,7.3,0.0
2026-04-25T13:00:00,13.41,30.402,7.2,6.7,33.4,764.8,1.4,2.9,356.8,0.0
2026-04-25T13:30:00,13.44,31.470,6.1,7.5,27.7,764.7,0.8,1.5,332.3,0.0
2026-04-25T14:00:00,13.50,31.307,8.0,8.4,24.7,764.6,0.8,1.8,48.9,0.0
2026-04-25T14:30:00,13.57,29.284,7.6,7.5,24.1,764.4,2.0,5.1,340.8,0.0
2026-04-25T15:00:00,13.84,27.765,5.9,8.0,25.7,764.2,1.8,4.8,327.1,0.0
2026-04-25T15:30:00,13.57,25.293,6.1,7.4,30.2,764.0,2.7,5.3,208.2,0.0
2026-04-25T16:00:00,13.53,23.925,5.4,7.7,28.6,764.3,1.7,4.5,204.0,0.0
2026-04-25T16:30:00,13.07,23.567,3.0,6.2,33.4,764.2,1.4,3.9,242.9,0.0
2026-04-25T17:00:00,13.01,22.813,1.2,6.1,35.0,764.3,2.8,5.4,190.1,0.0
2026-04-25T17:30:00,12.98,24.658,7.9,5.7,36.8,764.6,3.4,5.3,174.7,0.0
2026-04-25T18:00:00,12.92,24.713,6.9,3.9,46.1,764.7,1.5,3.2,335.1,0.0
2026-04-25T18:30:00,12.92,25.989,6.3,3.2,47.7,764.4,2.3,3.6,17.3,0.0
2026-04-25T19:00:00,12.85,25.387,6.1,2.8,48.1,764.4,1.8,2.8,29.3,0.0
2026-04-25T19:30:00,12.85,23.953,6.9,2.8,47.0,764.6,1.1,1.7,4.5,0.0
2026-04-25T20:00:00,12.82,22.004,2.4,1.2,58.0,764.7,2.2,3.0,18.0,0.0
2026-04-25T20:30:00,12.79,21.755,0.9,1.2,57.7,765.2,1.7,2.5,32.6,0.0
2026-04-25T21:00:00,12.79,20.313,-1.1,0.3,60.7,765.3,2.2,2.9,42.8,0.0
2026-04-25T21:30:00,12.76,18.489,-1.4,0.6,55.4,765.4,2.7,3.5,27.2,0.0
2026-04-25T22:00:00,12.73,17.056,-0.1,1.2,51.8,765.4,1.9,3.0,50.2,0.0
2026-04-25T22:30:00,12.73,14.673,-1.4,0.5,53.9,765.5,2.2,3.0,46.3,0.0
2026-04-25T23:00:00,12.73,14.504,-1.5,-0.1,56.4,765.6,2.7,3.5,26.3,0.0
2026-04-25T23:30:00,12.70,14.550,-1.6,0.9,49.1,765.6,4.0,6.6,357.8,0.0
2026-04-26T00:00:00,12.70,15.808,-0.6,0.4,52.2,765.6,2.7,3.9,24.9,0.0
2026-04-26T00:30:00,12.67,17.672,-1.4,-0.3,53.0,765.6,2.7,3.5,23.0,0.0
2026-04-26T01:00:00,12.67,17.931,-1.4,0.0,50.5,765.6,2.3,3.1,29.9,0.0
2026-04-26T01:30:00,12.64,18.772,8.4,-0.2,50.4,765.5,3.6,5.1,9.3,0.0
2026-04-26T02:00:00,12.61,20.111,8.7,-0.2,50.5,765.2,3.0,4.6,11.7,0.0
2026-04-26T02:30:00,12.61,21.413,9.8,0.8,43.4,765.2,3.2,4.1,10.2,0.0
2026-04-26T03:00:00,12.61,22.000,9.8,0.6,41.1,765.1,2.3,3.4,36.9,0.0
2026-04-26T03:30:00,12.58,23.548,10.1,0.6,41.2,764.8,2.7,4.1,33.2,0.0
2026-04-26T04:00:00,12.58,24.604,-1.2,0.2,40.5,764.7,3.4,4.3,0.2,0.0
2026-04-26T04:30:00,12.55,25.398,-1.1,1.1,35.6,764.6,3.4,4.4,1.2,0.0
2026-04-26T05:00:00,12.55,26.130,-0.4,-1.0,46.1,764.4,3.0,3.6,18.3,0.0
2026-04-26T05:30:00,12.55,25.634,-0.2,-0.9,47.9,764.3,3.3,5.5,12.7,0.0
2026-04-26T06:00:00,12.55,26.425,0.0,0.0,40.6,764.1,3.1,4.7,15.7,0.0
2026-04-26T06:30:00,12.55,27.650,0.5,-0.6,44.1,764.4,3.1,4.3,15.5,0.0
2026-04-26T07:00:00,12.55,28.330,0.9,-1.4,45.4,764.5,2.8,3.4,25.0,0.0
2026-04-26T07:30:00,12.52,27.975,1.6,0.2,36.0,764.5,3.5,4.7,11.9,0.0
2026-04-26T08:00:00,12.48,28.100,1.7,-0.6,40.1,764.4,3.3,4.8,7.2,0.0
2026-04-26T08:30:00,12.48,27.955,1.9,-0.3,38.6,764.3,3.7,5.2,7.5,0.0
2026-04-26T09:00:00,12.52,28.218,1.6,-0.2,37.6,764.2,3.4,5.4,2.8,0.0
2026-04-26T09:30:00,12.55,27.607,1.1,0.7,31.3,764.4,3.5,5.4,12.4,0.0
2026-04-26T10:00:00,13.50,23.525,1.7,2.7,28.3,764.6,3.8,5.1,14.8,0.0
2026-04-26T10:30:00,13.50,19.978,2.1,3.6,29.4,764.6,3.0,4.3,6.1,0.0
2026-04-26T11:00:00,13.53,30.485,3.3,5.2,35.4,764.7,2.4,3.7,47.7,0.0
2026-04-26T11:30:00,13.53,39.696,0.1,6.0,33.5,764.9,2.0,2.9,45.7,0.0
2026-04-26T12:00:00,13.69,36.137,4.3,6.6,27.3,764.8,2.3,3.1,19.8,0.0
2026-04-26T12:30:00,13.44,30.439,4.9,7.4,19.9,764.7,2.0,2.7,0.2,0.0
2026-04-26T13:00:00,13.44,23.719,6.1,8.7,24.6,764.7,1.4,2.4,14.4,0.0
2026-04-26T13:30:00,13.57,20.912,-0.1,8.4,20.8,764.6,1.1,1.8,209.0,0.0
2026-04-26T14:00:00,13.57,18.472,0.1,8.7,18.3,764.4,1.6,2.5,213.9,0.0
2026-04-26T14:30:00,13.50,16.851,0.1,8.7,22.4,764.3,1.5,2.4,229.9,0.0
2026-04-26T15:00:00,13.47,14.432,0.1,8.7,21.2,764.2,1.2,2.9,219.2,0.0
2026-04-26T15:30:00,13.78,12.702,0.1,8.9,21.4,764.2,1.0,2.0,242.9,0.0
2026-04-26T16:00:00,13.57,10.368,0.1,8.8,22.5,763.9,0.8,2.6,282.2,0.0
2026-04-26T16:30:00,13.07,9.783,0.3,6.1,32.2,763.9,1.8,2.9,328.9,0.0
2026-04-26T17:00:00,12.98,9.652,0.3,5.6,34.4,763.8,1.6,2.2,9.9,0.0
2026-04-26T17:30:00,12.95,10.423,0.3,4.9,35.7,763.9,2.3,3.3,17.1,0.0
2026-04-26T18:00:00,12.92,11.104,0.2,4.6,37.9,763.9,2.6,3.7,13.7,0.0
2026-04-26T18:30:00,12.92,11.108,0.3,3.3,49.4,764.0,1.8,2.7,23.3,0.0
2026-04-26T19:00:00,12.85,10.465,0.3,3.9,43.9,764.0,1.7,2.4,24.1,0.0
2026-04-26T19:30:00,12.85,10.627,0.3,3.1,48.5,764.1,1.8,3.4,31.4,0.0
2026-04-26T20:00:00,12.82,10.808,0.3,2.3,51.0,764.1,3.1,3.7,19.1,0.0
2026-04-26T20:30:00,12.79,10.902,0.3,3.0,43.0,764.1,3.5,5.7,10.3,0.0
2026-04-26T21:00:00,12.79,10.567,0.3,3.0,40.8,764.1,3.0,4.4,10.2,0.0
2026-04-26T21:30:00,12.79,10.981,0.3,2.4,43.8,764.4,2.7,3.5,2.2,0.0
2026-04-26T22:00:00,12.76,11.430,0.3,2.3,43.4,764.7,2.1,3.0,29.1,0.0
2026-04-26T22:30:00,12.73,11.269,0.3,2.5,40.9,764.9,3.1,5.7,358.3,0.0
2026-04-26T23:00:00,12.73,11.676,0.3,1.9,45.5,765.0,2.7,3.9,27.0,0.0
2026-04-26T23:30:00,12.70,11.777,0.3,2.4,38.3,764.9,4.0,5.8,359.1,0.0
2026-04-27T00:00:00,12.70,11.921,0.3,3.3,35.9,764.6,4.3,6.7,353.0,0.0
2026-04-27T00:30:00,12.67,12.412,0.3,2.7,35.1,764.7,3.3,5.1,6.5,0.0
2026-04-27T01:00:00,12.67,12.337,0.3,2.1,37.3,764.7,3.6,5.2,12.0,0.0
2026-04-27T01:30:00,12.64,12.610,0.3,2.4,33.7,764.6,4.7,6.3,355.0,0.0
2026-04-27T02:00:00,12.61,12.776,0.3,2.8,32.6,764.7,3.4,4.7,20.6,0.0
2026-04-27T02:30:00,12.61,12.967,0.3,1.9,37.3,764.6,4.6,6.3,1.2,0.0
2026-04-27T03:00:00,12.61,12.722,0.4,3.1,30.0,764.5,4.0,6.0,355.3,0.0
2026-04-27T03:30:00,12.61,12.017,0.4,3.3,29.9,764.4,4.6,6.0,353.0,0.0
2026-04-27T04:00:00,12.61,12.478,0.4,1.8,36.3,764.2,4.7,6.7,359.0,0.0
2026-04-27T04:30:00,12.55,11.986,0.4,2.0,35.9,764.0,4.0,5.7,8.0,0.0
2026-04-27T05:00:00,12.55,12.137,0.4,1.2,41.5,763.7,4.8,6.7,4.3,0.0
2026-04-27T05:30:00,12.55,11.662,0.4,2.5,32.7,763.8,4.3,6.4,0.1,0.0
2026-04-27T06:00:00,12.55,12.238,0.4,2.2,34.5,763.7,4.8,7.1,358.3,0.0
2026-04-27T06:30:00,12.55,11.539,0.4,1.8,38.6,763.8,4.2,7.1,3.3,0.0
2026-04-27T07:00:00,12.55,12.131,0.4,2.2,33.9,763.8,4.4,6.1,1.7,0.0
2026-04-27T07:30:00,12.55,10.929,0.4,3.1,30.8,763.8,4.8,7.1,0.1,0.0
2026-04-27T08:00:00,12.52,11.547,0.4,2.3,34.2,763.8,4.3,5.9,353.7,0.0
2026-04-27T08:30:00,12.52,11.597,0.4,3.6,27.6,763.8,3.9,5.8,356.4,0.0
2026-04-27T09:00:00,12.52,10.796,0.5,2.6,32.6,764.0,4.1,5.9,354.4,0.0
2026-04-27T09:30:00,12.55,11.148,0.5,3.6,27.3,764.2,3.5,5.4,3.0,0.0
2026-04-27T10:00:00,13.44,10.545,0.3,4.1,29.6,764.2,4.6,6.3,356.9,0.0
2026-04-27T10:30:00,14.24,10.406,0.2,4.4,32.4,764.3,3.7,5.2,8.6,0.0
2026-04-27T11:00:00,13.50,8.789,0.2,6.4,28.5,764.3,3.4,4.9,3.0,0.0
2026-04-27T11:30:00,13.50,7.033,0.2,7.1,25.6,764.4,2.0,2.7,23.6,0.0
2026-04-27T12:00:00,13.44,4.986,0.2,9.3,27.4,764.5,0.3,1.1,0.0,0.0
2026-04-27T12:30:00,13.57,2.349,0.2,9.0,18.4,764.5,1.1,1.8,0.0,0.0
2026-04-27T13:00:00,13.50,0.441,0.2,8.1,26.0,764.4,2.0,3.4,316.8,0.0
2026-04-27T13:30:00,13.38,-0.624,0.3,7.9,21.1,764.3,1.7,3.2,335.3,0.0
2026-04-27T14:00:00,13.44,-1.015,0.3,8.7,18.1,764.1,1.6,3.8,177.1,0.0
2026-04-27T14:30:00,13.38,-1.158,0.3,8.5,18.4,764.0,1.1,2.4,207.0,0.0
2026-04-27T15:00:00,13.19,-1.963,0.3,8.0,20.3,763.8,2.1,3.8,171.5,0.0
2026-04-27T15:30:00,13.07,-1.952,0.3,7.3,23.4,764.3,3.9,5.5,200.5,0.0
2026-04-27T16:00:00,13.10,-1.487,0.3,7.5,36.0,764.4,1.3,6.2,0.0,0.0
2026-04-27T16:30:00,13.04,-1.306,0.3,6.1,45.0,764.3,3.6,7.7,332.6,0.0
2026-04-27T17:00:00,12.98,-1.653,0.3,6.7,42.9,763.9,2.7,6.0,5.5,0.0
2026-04-27T17:30:00,12.92,-1.823,0.3,5.9,50.4,763.6,2.3,3.3,9.7,0.0
2026-04-27T18:00:00,12.92,-1.712,0.4,5.9,52.2,764.0,7.8,12.0,200.1,0.0
2026-04-27T18:30:00,12.85,-1.743,0.3,4.9,61.3,764.4,3.1,5.3,335.5,0.0
2026-04-27T19:00:00,12.85,-1.914,0.4,5.1,51.9,764.2,4.0,8.0,217.3,0.0
2026-04-27T19:30:00,12.82,-1.589,0.3,3.6,70.7,764.1,3.4,5.7,350.0,0.0
2026-04-27T20:00:00,12.79,-1.772,0.3,3.8,69.5,764.2,4.0,5.4,24.0,0.0
2026-04-27T20:30:00,12.79,-1.503,0.3,2.9,76.5,763.9,3.4,4.9,33.3,0.0
2026-04-27T21:00:00,12.79,-1.999,0.3,2.6,80.0,764.3,2.0,3.0,13.7,0.0
2026-04-27T21:30:00,12.73,-1.866,0.5,2.0,82.9,764.6,3.4,5.7,43.6,0.0
2026-04-27T22:00:00,12.73,-0.750,0.8,0.6,94.2,764.5,2.5,3.5,27.1,0.2
2026-04-27T22:30:00,12.70,0.167,0.7,0.3,96.3,764.3,2.7,3.5,10.6,0.1
2026-04-27T23:00:00,12.70,0.194,-0.6,0.3,97.1,764.5,1.4,1.8,353.1,0.0
2026-04-27T23:30:00,12.67,1.024,0.1,0.3,97.7,764.5,0.5,1.0,38.8,0.0
2026-04-28T00:00:00,12.64,2.753,0.5,0.2,98.4,764.5,0.9,1.7,20.1,0.1
2026-04-28T00:30:00,12.61,3.797,0.1,0.2,98.7,764.4,2.6,3.8,9.8,0.0
2026-04-28T01:00:00,12.61,3.262,1.6,0.5,96.9,764.2,0.9,1.6,30.9,0.1
2026-04-28T01:30:00,12.61,4.476,1.1,0.4,97.6,763.9,2.3,3.2,8.2,0.1
2026-04-28T02:00:00,12.58,4.773,0.9,0.7,96.4,763.5,2.7,3.6,359.6,0.2
2026-04-28T02:30:00,12.55,4.442,0.3,0.9,95.4,763.7,1.3,2.2,15.4,0.1
2026-04-28T03:00:00,12.55,4.187,0.2,1.0,93.7,763.3,1.9,3.0,25.9,0.3
2026-04-28T03:30:00,12.55,4.421,0.1,1.3,92.0,763.5,1.5,2.5,38.2,0.3
2026-04-28T04:00:00,12.55,4.335,0.9,1.5,91.5,763.5,2.6,3.8,35.4,0.4
2026-04-28T04:30:00,12.55,4.608,1.1,1.9,88.5,763.4,2.4,4.3,352.4,0.6
2026-04-28T05:00:00,12.52,3.886,0.3,2.0,86.3,763.3,1.5,2.6,55.8,0.5
2026-04-28T05:30:00,12.48,3.962,0.5,2.3,84.3,763.3,1.9,2.7,82.6,0.4
2026-04-28T06:00:00,12.48,3.657,0.5,1.6,85.6,763.3,2.5,3.5,8.9,0.1
2026-04-28T06:30:00,12.48,4.248,0.2,1.7,83.0,763.4,3.0,4.2,18.9,0.2
2026-04-28T07:00:00,12.48,4.049,0.1,1.9,78.1,763.3,2.9,4.2,353.5,0.1
2026-04-28T07:30:00,12.48,4.282,0.2,2.7,74.9,763.5,2.3,4.4,349.7,0.1
2026-04-28T08:00:00,12.48,4.153,0.2,1.7,74.7,763.5,2.7,4.3,359.7,0.0
2026-04-28T08:30:00,12.48,4.691,0.1,1.8,74.0,763.5,2.6,3.8,13.9,0.0
2026-04-28T09:00:00,12.48,4.065,0.3,1.8,72.4,763.8,1.8,2.7,20.3,0.0
2026-04-28T09:30:00,12.48,3.746,0.3,1.6,70.8,763.9,2.2,3.2,29.3,0.0
2026-04-28T10:00:00,13.38,4.575,0.2,3.4,65.4,763.7,2.9,4.2,9.3,0.5
2026-04-28T10:30:00,13.38,3.636,0.1,4.2,64.5,763.8,1.4,2.0,16.0,0.9
2026-04-28T11:00:00,13.38,3.840,0.2,5.3,58.6,763.7,1.6,2.5,18.7,0.0
2026-04-28T11:30:00,13.50,1.560,0.1,5.1,57.7,764.1,1.7,2.6,15.6,0.0
2026-04-28T12:00:00,13.63,-0.339,0.3,5.2,58.9,764.3,3.3,4.3,358.7,0.0
2026-04-28T12:30:00,13.57,-0.067,0.3,5.9,58.7,764.5,4.0,5.4,8.4,0.0
2026-04-28T13:00:00,13.44,0.618,0.3,7.4,47.8,764.1,2.5,3.4,9.5,0.0
2026-04-28T13:30:00,13.53,0.143,0.3,8.0,42.3,763.9,2.9,3.9,1.4,0.0
2026-04-28T14:00:00,13.57,0.112,0.3,8.7,37.4,763.7,2.5,3.8,359.2,0.0
2026-04-28T14:30:00,13.44,-0.371,0.3,9.1,41.6,763.3,2.9,4.4,339.1,0.0
2026-04-28T15:00:00,13.44,-0.860,0.3,9.5,43.1,762.8,3.0,5.5,352.9,0.0
2026-04-28T15:30:00,13.72,-1.405,0.3,9.4,42.1,762.6,2.9,5.8,317.3,0.0
2026-04-28T16:00:00,13.19,-0.686,0.3,9.2,46.6,762.6,1.4,3.3,296.1,0.0
2026-04-28T16:30:00,13.13,-1.123,0.3,8.6,53.6,762.4,2.9,6.6,241.8,0.0
2026-04-28T17:00:00,13.10,-1.143,0.3,9.2,52.0,762.5,2.2,4.4,20.3,0.0
2026-04-28T17:30:00,13.04,-1.294,0.3,8.5,53.0,762.4,1.9,6.2,207.6,0.0
2026-04-28T18:00:00,12.98,-1.404,0.3,7.4,59.6,762.5,3.1,4.4,193.2,0.0
2026-04-28T18:30:00,12.92,-1.574,0.3,6.5,66.6,762.6,2.4,5.0,152.6,0.0
2026-04-28T19:00:00,12.92,-1.240,0.3,5.4,73.6,763.0,3.7,5.4,204.1,0.0
2026-04-28T19:30:00,12.85,-1.690,0.3,5.0,77.4,762.9,5.0,7.7,194.0,0.0
2026-04-28T20:00:00,12.85,-1.592,0.3,4.5,80.8,763.6,2.6,4.3,204.4,0.0
2026-04-28T20:30:00,12.85,-1.474,0.3,4.5,80.9,763.4,0.6,1.9,317.2,0.0
2026-04-28T21:00:00,12.79,-1.850,0.3,4.4,80.7,762.8,2.8,3.9,354.2,0.0
2026-04-28T21:30:00,12.79,-1.741,0.3,6.2,66.8,762.8,1.7,3.5,139.6,0.0
2026-04-28T22:00:00,12.79,-1.809,0.3,5.8,65.3,762.6,2.3,4.5,15.0,0.0
2026-04-28T22:30:00,12.79,-1.115,0.3,6.1,62.5,762.7,1.9,3.0,19.5,0.0
2026-04-28T23:00:00,12.76,-1.710,0.3,7.1,54.6,762.2,1.5,3.3,169.0,0.0
2026-04-28T23:30:00,12.73,-1.373,0.3,4.7,77.7,762.9,4.9,6.8,173.3,0.0
2026-04-29T00:00:00,12.73,-1.284,0.4,3.7,86.2,763.2,0.6,1.6,63.2,0.0
2026-04-29T00:30:00,12.70,-0.669,0.5,3.1,87.7,763.3,2.0,3.6,317.6,1.1
2026-04-29T01:00:00,12.70,-0.523,0.4,1.7,92.2,763.0,2.3,3.8,12.2,2.5
2026-04-29T01:30:00,12.67,-0.779,0.5,1.6,94.0,762.7,2.6,4.1,345.2,1.3
2026-04-29T02:00:00,12.67,-0.173,0.5,1.8,91.4,762.8,2.2,3.4,319.7,1.3
2026-04-29T02:30:00,12.64,-0.014,-0.3,1.4,93.3,762.9,2.2,3.6,345.5,2.1
2026-04-29T03:00:00,12.61,-0.789,0.4,1.2,95.2,762.5,3.1,4.8,3.0,1.8
2026-04-29T03:30:00,12.61,-0.913,0.3,1.9,94.5,762.6,1.4,2.9,7.8,0.3
2026-04-29T04:00:00,12.61,-0.196,0.4,2.5,92.5,762.4,2.9,4.3,50.3,0.3
2026-04-29T04:30:00,12.58,-0.678,0.4,2.8,90.6,762.5,0.7,1.6,227.7,0.0
2026-04-29T05:00:00,12.58,-0.628,0.3,2.9,93.7,762.6,2.2,3.8,23.1,0.2
2026-04-29T05:30:00,12.55,-0.793,0.3,4.0,85.2,762.6,2.3,3.6,348.6,0.0
2026-04-29T06:00:00,12.55,-1.107,0.3,3.1,88.9,762.4,2.1,2.9,20.6,0.0
2026-04-29T06:30:00,12.55,-1.032,0.3,3.8,83.1,762.5,2.8,4.1,356.4,0.0
2026-04-29T07:00:00,12.55,-1.304,0.3,3.4,85.5,762.6,1.2,1.8,30.9,0.0
2026-04-29T07:30:00,12.48,-0.906,0.3,3.7,80.9,762.5,3.1,4.2,357.8,0.0
2026-04-29T08:00:00,12.48,-1.595,0.3,3.0,81.0,762.6,1.8,3.1,18.5,0.0
2026-04-29T08:30:00,12.48,-1.157,0.3,3.4,73.1,762.7,2.9,5.0,9.6,0.0
2026-04-29T09:00:00,12.48,-1.275,0.3,3.5,65.8,762.9,3.6,5.5,9.1,0.0
2026-04-29T09:30:00,12.48,-1.538,0.3,3.1,65.7,763.0,3.1,4.6,10.9,0.0
2026-04-29T10:00:00,13.50,-1.285,0.2,5.0,57.1,763.3,4.3,5.9,3.7,0.0
2026-04-29T10:30:00,13.38,-1.173,0.2,6.1,51.4,763.5,4.3,6.0,7.7,0.0
2026-04-29T11:00:00,13.66,-0.524,0.2,7.1,47.0,763.5,4.0,5.7,8.7,0.0
2026-04-29T11:30:00,13.38,-0.485,0.2,7.5,44.9,763.4,4.4,6.2,7.0,0.0
2026-04-29T12:00:00,13.38,0.204,0.2,9.0,41.4,763.5,3.9,5.5,14.1,0.0
2026-04-29T12:30:00,13.41,0.420,0.3,9.2,42.0,763.4,2.9,3.8,7.0,0.0
2026-04-29T13:00:00,13.53,0.404,0.3,10.0,37.4,763.4,2.5,3.5,10.7,0.0
2026-04-29T13:30:00,13.44,0.360,0.3,10.2,35.3,763.1,2.8,3.8,1.7,0.0
2026-04-29T14:00:00,13.44,0.926,0.3,10.9,35.9,762.7,2.3,4.7,359.7,0.0
2026-04-29T14:30:00,13.91,0.790,0.3,11.7,36.9,762.5,1.8,3.4,353.1,0.0
2026-04-29T15:00:00,13.44,0.884,0.3,10.1,35.1,762.3,2.5,3.5,207.2,0.0
2026-04-29T15:30:00,13.13,-0.633,0.3,9.9,39.3,762.3,1.0,2.6,237.7,0.0
2026-04-29T16:00:00,13.07,-1.157,0.3,9.9,45.1,762.0,0.8,2.5,289.2,0.0
2026-04-29T16:30:00,13.04,-0.982,0.3,9.7,47.6,761.9,0.6,1.5,255.5,0.0
2026-04-29T17:00:00,12.98,-1.142,0.3,9.5,50.2,761.8,1.6,3.2,213.7,0.0
2026-04-29T17:30:00,12.95,-0.353,0.3,9.0,52.6,761.7,0.7,1.8,33.6,0.0
2026-04-29T18:00:00,12.92,-1.012,0.3,8.8,55.4,761.7,1.2,2.4,31.9,0.0
2026-04-29T18:30:00,12.89,-1.327,0.3,7.6,65.1,761.6,2.0,2.9,15.5,0.0
2026-04-29T19:00:00,12.85,-1.313,0.3,7.2,64.8,761.6,1.8,2.7,8.2,0.0
2026-04-29T19:30:00,12.85,-0.913,0.3,6.6,69.2,761.7,2.0,2.9,13.3,0.0
2026-04-29T20:00:00,12.82,-1.272,0.3,6.7,68.4,761.8,2.1,3.1,359.9,0.0
2026-04-29T20:30:00,12.79,-1.509,0.3,6.6,66.6,761.6,2.5,3.5,30.4,0.0
2026-04-29T21:00:00,12.79,-1.662,0.3,7.1,59.7,761.6,1.4,2.5,10.9,0.0
2026-04-29T21:30:00,12.79,-1.151,0.3,7.1,55.4,761.7,1.6,2.8,45.9,0.0
2026-04-29T22:00:00,12.76,-1.024,0.3,5.8,63.9,761.7,2.8,3.7,34.5,0.0
2026-04-29T22:30:00,12.73,-1.297,0.3,5.9,64.6,761.5,2.7,4.5,25.0,0.0
2026-04-29T23:00:00,12.73,-1.196,0.3,7.1,52.8,761.3,1.9,3.1,49.1,0.0
2026-04-29T23:30:00,12.73,-1.348,0.3,6.3,56.7,761.4,2.6,4.5,17.0,0.0
2026-04-30T00:00:00,12.70,-1.288,0.3,6.5,56.6,761.1,2.2,3.5,29.6,0.0
2026-04-30T00:30:00,12.67,-1.074,0.3,7.8,41.5,761.0,1.9,3.1,33.4,0.0
2026-04-30T01:00:00,12.67,-1.371,0.3,7.2,47.2,760.7,2.1,4.1,40.3,0.0
2026-04-30T01:30:00,12.64,-1.288,0.3,8.4,36.2,760.4,2.4,4.3,40.8,0.0
2026-04-30T02:00:00,12.61,-1.101,0.3,6.1,48.9,760.3,2.4,3.6,13.2,0.0
2026-04-30T02:30:00,12.61,-0.928,0.3,6.9,44.8,760.3,2.1,4.2,17.9,0.0
2026-04-30T03:00:00,12.61,-0.816,0.3,7.1,42.4,760.0,2.7,3.8,22.9,0.0
2026-04-30T03:30:00,12.61,-1.284,0.3,6.0,50.5,759.9,1.8,5.2,20.6,0.0
2026-04-30T04:00:00,12.55,-1.079,0.3,5.0,52.3,759.7,1.8,4.5,0.2,0.0
2026-04-30T04:30:00,12.55,-0.495,0.3,5.6,51.3,759.6,2.1,3.2,41.0,0.0
2026-04-30T05:00:00,12.55,-1.612,0.3,5.7,50.4,759.6,1.8,3.5,12.2,0.0
2026-04-30T05:30:00,12.55,-1.118,0.3,4.2,57.1,759.5,2.0,4.4,2.8,0.0
2026-04-30T06:00:00,12.55,-1.172,0.3,4.5,60.3,759.4,2.9,4.4,39.5,0.0
2026-04-30T06:30:00,12.48,-0.897,0.3,4.0,63.1,759.3,3.0,3.7,17.6,0.0
2026-04-30T07:00:00,12.48,-1.078,0.3,3.6,65.3,759.3,2.8,3.8,29.2,0.0
2026-04-30T07:30:00,12.48,-0.836,0.3,4.9,60.2,759.6,2.5,3.4,46.8,0.0
2026-04-30T08:00:00,12.48,-1.151,0.3,4.9,57.8,759.4,2.0,2.9,54.1,0.0
2026-04-30T08:30:00,12.48,-1.316,0.3,4.6,58.0,759.4,2.3,3.4,2.5,0.0
2026-04-30T09:00:00,12.52,-0.979,0.3,5.2,55.6,759.4,2.2,3.0,36.7,0.0
2026-04-30T09:30:00,12.52,-0.904,0.3,4.8,56.8,759.5,2.0,3.3,21.7,0.0
2026-04-30T10:00:00,14.09,-0.960,0.1,5.8,56.5,759.8,2.5,3.5,20.2,0.0
2026-04-30T10:30:00,13.44,-0.601,0.1,7.3,50.6,759.8,2.7,4.6,0.5,0.0
2026-04-30T11:00:00,13.38,0.225,0.2,9.2,43.4,759.9,1.6,2.6,59.9,0.0
2026-04-30T11:30:00,13.66,0.632,0.1,10.0,39.4,760.0,1.4,2.3,16.8,0.0
2026-04-30T12:00:00,13.44,1.341,0.1,9.3,44.4,760.1,2.1,3.2,206.2,0.0
2026-04-30T12:30:00,13.75,1.132,0.2,9.1,47.5,760.1,3.1,4.7,201.4,0.0
2026-04-30T13:00:00,13.41,1.381,0.2,9.2,47.5,760.2,2.7,4.8,206.9,0.0
2026-04-30T13:30:00,13.53,1.541,0.2,9.9,49.0,760.0,2.4,4.6,162.8,0.0
2026-04-30T14:00:00,13.44,0.774,0.3,10.3,46.5,759.9,2.5,4.3,168.5,0.0
2026-04-30T14:30:00,13.53,0.261,0.2,10.5,46.3,759.7,2.2,4.3,182.0,0.0
2026-04-30T15:00:00,13.35,-0.522,0.3,9.5,48.9,759.6,2.9,4.9,192.4,0.0
2026-04-30T15:30:00,13.50,-0.568,0.3,9.4,50.6,759.6,3.5,5.6,198.1,0.0
2026-04-30T16:00:00,13.50,-0.826,0.3,9.2,53.4,759.7,3.0,5.7,197.7,0.0
2026-04-30T16:30:00,13.16,-0.569,0.3,9.0,52.9,759.8,3.1,4.6,199.2,0.0
2026-04-30T17:00:00,13.07,-0.441,0.3,8.3,49.5,759.9,4.0,6.5,203.3,0.0
2026-04-30T17:30:00,13.04,-0.255,0.3,7.7,47.7,759.9,3.4,5.0,202.0,0.0
2026-04-30T18:00:00,12.95,-0.802,0.3,7.4,49.7,760.0,0.6,1.6,242.4,0.0
2026-04-30T18:30:00,12.92,-0.741,0.3,7.2,56.5,759.8,2.3,4.1,6.1,0.0
2026-04-30T19:00:00,12.89,-0.699,0.3,7.1,55.6,760.0,0.9,1.9,78.3,0.0
2026-04-30T19:30:00,12.85,-0.944,0.3,6.8,54.7,760.1,1.4,2.8,32.2,0.0
2026-04-30T20:00:00,12.85,-0.912,0.3,6.5,52.8,760.4,0.9,2.3,221.2,0.0
2026-04-30T20:30:00,12.85,-0.995,0.3,5.9,62.6,760.5,2.2,3.2,1.6,0.0
2026-04-30T21:00:00,12.79,-0.528,0.3,6.5,57.5,760.9,1.3,2.3,208.9,0.0
2026-04-30T21:30:00,12.79,-0.833,0.3,5.9,61.3,761.1,1.9,3.6,15.6,0.0
2026-04-30T22:00:00,12.79,-0.958,0.3,6.7,54.2,761.0,1.9,3.0,343.9,0.0
2026-04-30T22:30:00,12.79,-0.512,0.3,5.8,60.1,761.2,1.3,3.9,108.5,0.0
2026-04-30T23:00:00,12.79,-0.496,0.3,6.0,56.3,761.2,2.2,3.7,356.7,0.0
2026-04-30T23:30:00,12.73,-0.450,0.3,6.1,55.6,761.3,0.9,2.2,321.1,0.0
2026-05-01T00:00:00,12.73,-0.919,0.3,5.3,55.5,761.2,2.7,3.9,13.3,0.0
2026-05-01T00:30:00,12.73,-0.921,0.3,6.4,42.4,761.3,1.0,2.9,74.9,0.0
2026-05-01T01:00:00,12.73,-1.075,0.3,5.1,68.8,761.4,1.1,2.3,68.3,0.0
2026-05-01T01:30:00,12.70,-1.264,0.3,4.7,63.9,761.5,2.1,3.0,8.0,0.0
2026-05-01T02:00:00,12.70,-1.069,0.3,4.2,62.4,761.3,3.1,4.0,17.4,0.0
2026-05-01T02:30:00,12.67,-0.942,0.3,5.8,44.9,760.8,2.1,3.2,43.3,0.0
2026-05-01T03:00:00,12.67,-0.497,0.3,5.8,47.4,761.2,2.0,2.5,39.0,0.0
2026-05-01T03:30:00,12.64,-0.982,0.3,4.7,62.1,761.5,0.8,2.2,205.4,0.0
2026-05-01T04:00:00,12.61,-1.262,0.3,4.2,69.4,761.5,1.4,2.9,252.6,0.0
2026-05-01T04:30:00,12.61,-0.846,0.3,4.2,65.7,761.2,1.6,2.6,1.2,0.0
2026-05-01T05:00:00,12.61,-0.699,0.3,4.5,56.0,761.2,3.1,4.5,357.9,0.0
2026-05-01T05:30:00,12.58,-0.763,0.3,5.4,49.4,761.2,1.7,3.1,347.0,0.0
2026-05-01T06:00:00,12.55,-0.684,0.3,4.6,58.2,761.3,1.7,2.4,17.1,0.0
2026-05-01T06:30:00,12.55,-0.626,0.3,4.1,70.3,761.3,1.9,3.3,30.3,0.0
2026-05-01T07:00:00,12.55,-0.613,0.3,4.7,57.1,761.4,1.5,2.3,36.2,0.0
2026-05-01T07:30:00,12.55,-0.889,0.3,4.3,60.6,761.5,1.0,2.0,6.0,0.0
2026-05-01T08:00:00,12.55,-1.055,0.3,3.9,77.2,761.9,1.0,1.8,0.0,0.0
2026-05-01T08:30:00,12.52,-0.784,0.3,4.2,75.5,762.2,1.2,2.9,45.0,0.0
2026-05-01T09:00:00,12.52,-0.836,0.3,3.8,77.0,762.6,1.4,2.9,25.6,0.0
2026-05-01T09:30:00,12.48,-0.913,0.3,4.2,73.0,763.0,1.5,3.3,339.6,0.0
2026-05-01T10:00:00,12.48,-0.808,0.3,4.4,70.5,763.1,2.0,3.1,24.7,0.0
2026-05-01T10:30:00,12.48,-0.363,0.3,5.4,58.5,763.4,1.8,3.4,352.8,0.0
2026-05-01T11:00:00,12.48,-0.764,0.3,4.4,77.0,764.1,2.3,4.4,168.2,0.0
2026-05-01T11:30:00,12.48,-0.560,0.4,4.5,64.7,765.0,3.8,8.1,350.7,0.2
2026-05-01T12:00:00,12.48,-0.623,0.4,3.6,72.9,765.2,1.1,3.0,63.8,0.3
2026-05-01T12:30:00,12.48,-0.522,0.4,2.7,81.2,765.7,3.5,6.4,25.9,0.4
2026-05-01T13:00:00,12.48,-0.564,0.5,1.5,91.1,765.7,3.5,4.5,3.1,0.9
2026-05-01T13:30:00,12.48,-0.854,0.5,1.6,92.3,765.3,3.4,4.7,358.5,0.8
2026-05-01T14:00:00,12.48,-0.842,0.4,2.0,91.1,764.9,4.6,6.2,2.7,0.6
2026-05-01T14:30:00,12.48,-0.463,0.4,3.1,88.5,764.3,3.8,4.6,15.0,0.2
2026-05-01T15:00:00,12.48,-0.207,0.3,4.3,79.5,764.0,3.6,7.3,23.0,0.0
2026-05-01T15:30:00,12.48,-0.765,0.3,4.5,80.6,764.4,4.1,5.7,18.8,0.0
2026-05-01T16:00:00,12.48,-0.087,0.3,4.9,77.5,764.7,3.7,5.6,24.8,0.0
2026-05-01T16:30:00,12.45,-0.382,0.3,4.9,79.2,765.0,3.9,6.0,18.5,0.1
2026-05-01T17:00:00,12.42,-0.517,0.3,5.3,75.2,765.1,3.9,6.3,24.5,0.0
2026-05-01T17:30:00,12.42,-0.986,0.3,6.2,66.9,765.3,3.0,4.0,17.8,0.0
2026-05-01T18:00:00,12.42,-1.086,0.3,5.7,73.3,765.1,2.2,3.0,26.7,0.0
2026-05-01T18:30:00,12.42,-0.640,0.3,5.5,71.9,765.2,2.2,3.2,26.9,0.0
2026-05-01T19:00:00,12.42,-0.950,0.3,5.9,68.4,765.1,1.8,2.9,19.5,0.0
2026-05-01T19:30:00,12.42,-0.654,0.3,5.8,67.4,765.4,1.8,3.3,44.9,0.0
2026-05-01T20:00:00,12.42,-0.944,0.3,6.7,55.7,765.4,2.1,3.2,53.9,0.0
2026-05-01T20:30:00,12.42,-1.168,0.3,6.2,62.1,765.7,1.7,2.6,41.6,0.0
2026-05-01T21:00:00,12.42,-0.692,0.3,6.4,57.0,765.9,2.1,3.2,42.7,0.0
2026-05-01T21:30:00,12.36,-1.013,0.3,5.0,64.8,766.0,2.1,3.6,6.5,0.0
2026-05-01T22:00:00,12.36,-1.145,0.3,4.4,67.3,766.0,2.9,4.6,26.0,0.0
2026-05-01T22:30:00,12.36,-1.118,0.3,5.6,58.0,766.1,2.3,3.5,350.9,0.0
2026-05-01T23:00:00,12.36,-1.188,0.3,4.7,60.8,766.2,2.6,3.6,6.4,0.0
2026-05-01T23:30:00,12.36,-1.376,0.3,5.5,55.5,766.3,2.0,3.7,41.4,0.0
2026-05-02T00:00:00,12.36,-1.961,0.3,5.5,53.4,766.4,1.8,3.7,26.2,0.0
2026-05-02T00:30:00,12.36,-1.012,0.3,4.8,55.9,766.3,2.5,3.8,22.4,0.0
2026-05-02T01:00:00,12.36,-1.084,0.3,4.0,59.3,766.3,2.5,3.7,15.7,0.0
2026-05-02T01:30:00,12.33,-1.349,0.3,3.2,64.4,766.3,3.4,4.3,16.3,0.0
2026-05-02T02:00:00,12.33,-1.136,0.3,4.8,55.7,766.3,2.8,4.5,43.8,0.0
2026-05-02T02:30:00,12.33,-1.058,0.3,4.6,54.8,766.1,3.1,4.1,18.7,0.0
2026-05-02T03:00:00,12.30,-1.147,0.3,4.3,55.3,766.1,3.3,4.4,3.3,0.0
2026-05-02T03:30:00,12.30,-1.161,0.3,4.8,51.9,765.9,3.3,4.1,12.2,0.0
2026-05-02T04:00:00,12.30,-1.399,0.3,4.1,53.6,765.8,3.0,4.3,15.1,0.0
2026-05-02T04:30:00,12.30,-0.782,0.3,4.7,50.8,765.6,4.2,5.1,4.4,0.0
2026-05-02T05:00:00,12.30,-1.138,0.3,4.7,48.7,765.5,3.7,5.6,2.9,0.0
2026-05-02T05:30:00,12.30,-1.735,0.3,5.9,41.9,765.4,3.5,5.0,0.5,0.0
2026-05-02T06:00:00,12.30,-1.122,0.3,5.7,41.6,765.4,4.0,5.2,357.1,0.0
2026-05-02T06:30:00,12.30,-0.988,0.3,5.7,44.0,765.1,3.8,5.4,19.2,0.0
2026-05-02T07:00:00,12.27,-1.258,0.3,4.8,47.2,765.0,3.8,5.1,357.9,0.0
2026-05-02T07:30:00,12.24,-1.510,0.3,5.1,44.4,765.1,3.9,5.9,9.4,0.0
2026-05-02T08:00:00,12.24,-1.584,0.3,4.0,48.1,765.1,3.5,5.3,358.0,0.0
2026-05-02T08:30:00,12.24,-1.471,0.3,5.2,42.2,765.2,4.3,6.0,10.2,0.0
2026-05-02T09:00:00,12.24,-1.518,0.3,5.2,42.4,765.3,3.8,6.2,9.5,0.0
2026-05-02T09:30:00,12.24,-1.402,0.3,5.0,41.4,765.5,3.5,4.4,7.0,0.0
2026-05-02T10:00:00,13.16,-1.003,0.1,5.7,45.8,765.7,3.3,4.6,10.1,0.0
2026-05-02T10:30:00,13.32,-0.995,0.1,7.6,37.3,765.7,3.6,5.0,5.5,0.0
2026-05-02T11:00:00,13.44,-0.863,0.2,9.4,38.0,765.7,3.0,4.8,14.7,0.0
2026-05-02T11:30:00,13.50,0.067,0.2,10.9,32.1,765.5,2.8,3.6,11.1,0.0
2026-05-02T12:00:00,13.94,0.550,0.2,12.5,22.3,765.4,2.6,3.4,15.6,0.0
2026-05-02T12:30:00,13.57,0.874,0.2,13.1,22.2,765.4,2.5,4.1,338.1,0.0
2026-05-02T13:00:00,13.53,0.641,0.2,12.7,22.5,765.3,5.5,7.7,340.3,0.0
2026-05-02T13:30:00,13.44,0.681,0.2,13.5,21.3,765.1,4.0,6.2,334.0,0.0
2026-05-02T14:00:00,13.47,0.682,0.3,13.1,21.9,764.7,5.7,7.7,335.0,0.0
2026-05-02T14:30:00,13.44,0.650,0.2,14.5,22.2,764.7,3.1,5.5,337.3,0.0
2026-05-02T15:00:00,14.18,0.411,0.3,14.9,21.3,764.5,2.1,5.7,352.3,0.0
2026-05-02T15:30:00,13.50,-0.044,0.3,13.0,25.3,764.2,4.9,7.7,340.9,0.0
2026-05-02T16:00:00,13.26,0.080,0.2,14.2,21.5,764.4,2.1,5.4,302.7,0.0
2026-05-02T16:30:00,13.04,-0.260,0.3,12.5,26.1,764.4,1.3,2.3,257.3,0.0
2026-05-02T17:00:00,12.98,-0.710,0.3,11.9,30.9,764.7,1.0,2.4,345.8,0.0
2026-05-02T17:30:00,12.95,-0.908,0.3,11.1,33.0,764.7,2.3,4.0,357.0,0.0
2026-05-02T18:00:00,12.92,-0.642,0.2,10.5,32.9,764.6,2.7,3.9,20.6,0.0
2026-05-02T18:30:00,12.92,-0.663,0.2,9.9,37.9,764.4,1.2,2.9,30.7,0.0
2026-05-02T19:00:00,12.89,-0.998,0.3,8.7,46.1,764.5,3.0,4.9,357.0,0.0
2026-05-02T19:30:00,12.85,-0.926,0.3,8.2,46.6,764.5,1.9,2.5,31.0,0.0
2026-05-02T20:00:00,12.85,-0.765,0.3,7.8,44.9,764.6,1.9,3.0,6.5,0.0
2026-05-02T20:30:00,12.82,-0.418,0.3,7.1,46.8,764.8,2.4,3.9,19.5,0.0
2026-05-02T21:00:00,12.79,-1.197,0.3,6.9,48.5,764.9,2.5,3.1,35.6,0.0
2026-05-02T21:30:00,12.79,-0.302,0.3,7.7,42.0,765.0,2.3,3.1,1.0,0.0
2026-05-02T22:00:00,12.79,-1.035,0.3,5.9,52.1,765.2,2.5,4.2,9.5,0.0
2026-05-02T22:30:00,12.79,-0.610,0.3,5.8,50.9,764.9,3.2,4.8,4.9,0.0
2026-05-02T23:00:00,12.76,-0.995,0.3,6.2,48.0,764.5,3.1,4.1,22.7,0.0
2026-05-02T23:30:00,12.73,-0.980,0.3,7.3,43.2,764.4,2.2,3.5,49.4,0.0
2026-05-03T00:00:00,12.73,-0.676,0.3,6.1,49.0,764.6,1.1,3.4,16.4,0.0
2026-05-03T00:30:00,12.73,-0.717,0.3,5.3,49.0,764.4,2.9,3.8,20.8,0.0
2026-05-03T01:00:00,12.70,-0.827,0.3,5.5,48.4,764.5,2.3,3.3,51.4,0.0
2026-05-03T01:30:00,12.70,-0.241,0.3,5.4,47.0,764.4,3.0,3.7,15.6,0.0
2026-05-03T02:00:00,12.70,-0.624,0.3,6.1,42.5,764.1,3.0,4.8,26.5,0.0
2026-05-03T02:30:00,12.67,-0.603,0.3,6.4,41.0,763.9,3.0,4.6,3.5,0.0
2026-05-03T03:00:00,12.67,-0.654,0.3,7.0,38.6,763.8,1.9,3.3,27.0,0.0
2026-05-03T03:30:00,12.67,-0.999,0.3,5.8,45.0,763.8,2.8,4.6,24.7,0.0
2026-05-03T04:00:00,12.64,-1.358,0.3,6.2,42.8,763.8,1.2,4.4,26.5,0.0
2026-05-03T04:30:00,12.64,-0.326,0.3,4.8,49.8,763.8,1.8,3.7,30.3,0.0
2026-05-03T05:00:00,12.61,-0.330,0.3,3.4,55.4,763.7,3.0,3.8,15.4,0.0
2026-05-03T05:30:00,12.61,-0.830,0.3,3.9,51.0,763.3,3.5,4.5,12.1,0.0
2026-05-03T06:00:00,12.61,-0.587,0.3,5.4,43.6,763.0,3.3,4.4,27.2,0.0
2026-05-03T06:30:00,12.61,-0.652,0.3,5.8,44.0,763.4,1.1,2.6,68.9,0.0
2026-05-03T07:00:00,12.61,-0.354,0.3,4.4,47.3,763.4,1.9,3.4,22.3,0.0
2026-05-03T07:30:00,12.58,-0.556,0.3,3.3,52.5,763.1,3.1,5.2,21.2,0.0
2026-05-03T08:00:00,12.55,-0.538,0.3,3.9,50.3,763.1,3.4,4.8,19.9,0.0
2026-05-03T08:30:00,12.55,-0.891,0.3,4.4,46.7,763.4,2.3,3.6,41.2,0.0
2026-05-03T09:00:00,12.55,-0.403,0.3,3.9,50.4,763.5,3.2,5.2,28.4,0.0
2026-05-03T09:30:00,12.61,-0.894,0.3,6.1,39.7,764.1,2.4,3.4,33.2,0.0
2026-05-03T10:00:00,13.38,-0.141,0.1,6.8,40.4,763.8,4.1,5.1,14.2,0.0
2026-05-03T10:30:00,13.53,0.062,0.1,9.8,31.0,763.9,1.1,2.5,27.9,0.0
2026-05-03T11:00:00,13.44,0.853,0.2,9.1,32.7,764.2,1.8,4.6,184.2,0.0
2026-05-03T11:30:00,13.32,0.285,0.2,8.9,37.2,764.2,0.8,1.7,274.2,0.0
2026-05-03T12:00:00,13.19,0.426,0.2,9.1,36.4,764.3,2.3,5.0,193.9,0.0
2026-05-03T12:30:00,13.19,-0.100,0.2,8.3,38.7,764.2,1.9,2.7,187.5,0.0
2026-05-03T13:00:00,13.07,-0.154,0.3,8.5,39.0,764.2,1.0,2.8,55.4,0.0
2026-05-03T13:30:00,13.04,-0.053,0.3,7.8,43.4,764.2,2.8,4.2,198.7,0.0
2026-05-03T14:00:00,13.04,-0.206,0.2,8.2,43.7,763.9,0.8,1.8,339.0,0.0
2026-05-03T14:30:00,13.01,-0.247,0.3,7.7,44.0,763.8,2.3,3.2,200.3,0.0
2026-05-03T15:00:00,13.01,-0.280,0.3,7.9,43.0,763.4,0.9,2.0,195.8,0.0
2026-05-03T15:30:00,12.92,0.053,0.3,8.1,42.9,763.2,1.2,2.7,194.4,0.0
2026-05-03T16:00:00,12.92,-0.579,0.3,7.6,47.0,763.5,1.8,3.2,180.1,0.0
2026-05-03T16:30:00,12.89,-0.142,0.3,7.6,48.7,763.1,0.8,1.6,248.7,0.0
2026-05-03T17:00:00,12.85,-0.904,0.3,7.1,53.4,763.3,3.2,5.3,200.4,0.0
2026-05-03T17:30:00,12.79,-0.234,0.3,6.6,49.0,763.5,1.4,2.5,194.9,0.0
2026-05-03T18:00:00,12.79,-0.713,0.3,6.5,53.7,763.3,1.3,2.0,353.1,0.0
2026-05-03T18:30:00,12.73,-0.427,0.3,6.4,59.0,763.2,2.2,3.3,31.5,0.0
2026-05-03T19:00:00,12.73,-0.030,0.3,6.4,55.1,763.8,1.3,4.1,256.2,0.0
2026-05-03T19:30:00,12.70,-0.912,0.3,6.1,51.3,763.4,2.1,3.4,25.3,0.0
2026-05-03T20:00:00,12.70,-1.435,0.3,6.2,53.2,763.0,1.7,2.5,14.1,0.0
2026-05-03T20:30:00,12.67,-0.551,0.3,5.8,45.1,763.5,2.2,3.6,203.8,0.0
2026-05-03T21:00:00,12.61,-0.422,0.3,5.7,43.4,763.4,0.8,1.9,0.0,0.0
2026-05-03T21:30:00,12.61,-1.036,0.3,5.0,56.7,763.4,2.2,3.3,26.9,0.0
2026-05-03T22:00:00,12.61,-0.445,0.3,5.6,51.8,763.3,1.1,2.6,92.7,0.0
2026-05-03T22:30:00,12.61,-0.092,0.3,5.4,48.5,763.5,1.3,2.7,188.8,0.0
2026-05-03T23:00:00,12.55,-0.459,0.3,5.2,49.0,763.4,1.1,2.4,299.3,0.0
2026-05-03T23:30:00,12.55,-1.197,0.3,4.9,57.0,763.5,0.9,2.3,336.6,0.0
2026-05-04T00:00:00,12.55,-0.734,0.3,4.9,56.8,763.3,1.7,2.5,10.9,0.0
2026-05-04T00:30:00,12.55,-0.664,0.3,4.9,55.5,763.3,1.7,2.7,43.1,0.0
2026-05-04T01:00:00,12.55,-0.879,0.3,4.9,58.1,763.3,1.2,2.4,322.0,0.0
2026-05-04T01:30:00,12.55,-1.062,0.3,5.0,51.6,763.6,0.6,1.2,321.8,0.0
2026-05-04T02:00:00,12.52,-0.893,0.3,5.0,49.7,763.4,2.7,3.7,11.2,0.0
2026-05-04T02:30:00,12.48,-1.004,0.3,6.1,40.3,763.2,2.1,3.7,315.4,0.0
2026-05-04T03:00:00,12.48,-0.586,0.3,5.5,46.4,763.0,2.3,3.6,44.0,0.0
2026-05-04T03:30:00,12.48,-1.058,0.3,6.3,36.6,762.5,3.2,4.6,350.2,0.0
2026-05-04T04:00:00,12.48,-1.196,0.3,7.0,30.7,762.6,0.6,1.4,56.3,0.0
2026-05-04T04:30:00,12.48,-1.046,0.3,6.4,38.0,762.3,1.3,3.2,26.4,0.0
2026-05-04T05:00:00,12.48,-0.938,0.3,7.3,29.6,762.0,1.1,1.8,0.0,0.0
2026-05-04T05:30:00,12.48,-0.500,0.3,7.6,26.7,762.1,1.4,3.0,40.9,0.0
2026-05-04T06:00:00,12.45,-0.477,0.3,6.7,37.5,762.3,2.2,3.9,20.9,0.0
2026-05-04T06:30:00,12.42,-1.033,0.3,8.5,19.9,762.1,1.8,3.3,31.2,0.0
2026-05-04T07:00:00,12.42,-0.857,0.3,7.5,25.2,762.2,1.4,2.7,341.2,0.0
2026-05-04T07:30:00,12.42,-0.480,0.3,8.0,27.6,762.3,1.2,2.5,42.7,0.0
2026-05-04T08:00:00,12.42,-0.686,0.3,7.0,30.4,762.3,1.9,3.1,36.9,0.0
2026-05-04T08:30:00,12.42,-0.817,0.3,7.2,30.6,762.4,1.8,3.1,13.1,0.0
2026-05-04T09:00:00,12.42,-0.455,0.3,7.9,30.1,762.5,1.6,2.5,24.5,0.0
2026-05-04T09:30:00,12.42,-0.408,0.3,7.4,34.5,762.8,1.5,2.7,39.5,0.0
2026-05-04T10:00:00,12.42,-0.759,0.3,8.1,28.0,763.0,1.9,3.0,46.4,0.0
2026-05-04T10:30:00,12.39,-0.583,0.3,9.7,23.5,762.6,1.9,4.3,274.8,0.0
2026-05-04T11:00:00,12.42,-0.146,0.3,9.5,26.1,762.7,2.7,5.8,327.7,0.0
2026-05-04T11:30:00,12.42,-0.315,0.3,10.1,18.7,762.8,0.9,2.4,191.3,0.0
2026-05-04T12:00:00,12.42,-0.920,0.3,10.5,18.2,763.0,1.5,4.5,237.5,0.0
2026-05-04T12:30:00,12.42,-0.652,0.3,9.9,23.2,763.3,1.6,3.3,148.3,0.0
2026-05-04T13:00:00,12.42,-0.665,0.3,10.2,21.1,762.9,3.0,9.3,353.5,0.0
2026-05-04T13:30:00,12.39,-0.953,0.2,10.5,21.3,762.9,3.5,7.7,332.7,0.0
2026-05-04T14:00:00,12.36,-0.803,0.1,9.9,29.1,763.0,2.0,5.8,358.6,0.1
2026-05-04T14:30:00,12.39,-1.040,0.2,9.4,32.7,763.0,2.4,6.5,25.0,0.0
2026-05-04T15:00:00,12.36,-1.069,0.2,9.2,30.8,762.8,2.4,8.4,314.6,0.0
2026-05-04T15:30:00,12.36,-1.068,0.2,8.3,43.6,762.5,1.4,3.2,270.6,0.0
2026-05-04T16:00:00,12.36,-1.069,0.3,8.8,49.0,762.2,1.4,2.4,172.0,0.0
2026-05-04T16:30:00,12.36,-1.166,0.3,7.8,51.7,762.0,2.1,3.4,55.9,0.0
2026-05-04T17:00:00,12.36,-0.960,0.3,7.2,54.1,762.1,2.5,3.6,8.4,0.0
2026-05-04T17:30:00,12.36,-0.830,0.2,7.5,52.3,762.3,2.7,3.5,31.4,0.0
2026-05-04T18:00:00,12.33,-1.158,0.2,8.1,45.2,762.3,3.0,4.5,347.8,0.0
2026-05-04T18:30:00,12.30,-0.915,0.2,6.9,54.2,762.4,2.7,3.4,19.0,0.0
2026-05-04T19:00:00,12.30,-1.202,0.2,6.7,55.2,762.5,3.2,4.1,6.9,0.0
2026-05-04T19:30:00,12.30,-1.344,0.2,7.5,46.9,762.4,2.2,3.7,28.6,0.0
2026-05-04T20:00:00,12.30,-0.923,0.3,7.4,46.4,762.4,2.3,3.0,8.5,0.0
2026-05-04T20:30:00,12.30,-0.311,0.3,7.7,45.5,762.3,1.9,3.0,26.9,0.0
2026-05-04T21:00:00,12.30,-1.076,0.3,7.5,45.0,762.5,2.4,4.1,358.7,0.0
2026-05-04T21:30:00,12.30,-1.023,0.3,7.5,46.8,762.4,3.1,4.2,351.6,0.0
2026-05-04T22:00:00,12.27,-0.619,0.3,7.0,49.2,762.8,2.4,3.0,27.8,0.0
2026-05-04T22:30:00,12.24,-0.930,0.2,7.1,47.8,763.0,2.8,4.1,7.4,0.0
2026-05-04T23:00:00,12.24,-1.181,0.3,6.7,46.9,763.1,3.0,4.5,16.9,0.0
2026-05-04T23:30:00,12.24,-0.880,0.3,7.5,44.4,762.9,3.7,5.2,3.4,0.0
2026-05-05T00:00:00,12.24,-0.854,0.3,6.7,49.5,763.1,3.3,4.4,7.7,0.0
2026-05-05T00:30:00,12.24,-1.319,0.3,7.0,50.4,763.2,2.4,3.3,36.9,0.0
2026-05-05T01:00:00,12.24,-0.581,0.3,7.4,44.5,763.3,2.9,4.3,358.6,0.0
2026-05-05T01:30:00,12.24,-1.298,0.3,7.1,49.3,763.3,2.8,3.8,25.5,0.0
2026-05-05T02:00:00,12.24,-1.257,0.2,7.1,46.4,763.3,2.8,3.7,52.9,0.0
2026-05-05T02:30:00,12.21,-1.079,0.3,6.4,52.1,763.2,3.6,4.4,11.1,0.0
2026-05-05T03:00:00,12.21,-1.242,0.2,7.5,46.0,763.1,2.5,3.9,10.3,0.0
2026-05-05T03:30:00,12.21,-1.497,0.3,7.1,49.5,762.6,2.9,3.8,2.5,0.0
2026-05-05T04:00:00,12.18,-1.144,0.3,6.7,52.6,762.4,2.3,3.2,29.3,0.0
2026-05-05T04:30:00,12.18,-1.264,0.2,8.1,45.1,761.8,3.7,5.3,33.5,0.0
2026-05-05T05:00:00,12.18,-1.021,0.2,8.9,43.0,761.4,1.2,2.8,279.5,0.0
2026-05-05T05:30:00,12.18,-1.125,0.3,8.2,49.4,761.3,1.7,3.8,41.3,0.0
2026-05-05T06:00:00,12.18,-0.928,0.3,7.5,49.4,761.6,0.7,2.0,0.0,0.0
2026-05-05T06:30:00,12.18,-0.875,0.3,7.1,52.0,762.1,1.3,3.1,62.8,0.0
2026-05-05T07:00:00,12.18,-1.430,0.3,6.7,56.2,762.5,2.8,4.1,24.9,0.0
2026-05-05T07:30:00,12.14,-1.139,0.3,8.9,50.7,762.7,2.9,5.0,311.4,0.0
2026-05-05T08:00:00,12.14,-0.921,0.3,7.3,42.5,763.3,2.1,3.8,156.6,0.0
2026-05-05T08:30:00,12.11,-1.734,0.3,6.1,63.7,764.1,3.0,4.3,4.6,0.0
2026-05-05T09:00:00,12.11,-0.697,0.3,5.4,71.4,764.6,6.4,8.4,327.8,0.1
2026-05-05T09:30:00,12.14,-0.519,0.3,5.4,77.4,764.1,2.5,3.8,58.6,0.4
2026-05-05T10:00:00,12.11,-0.739,0.3,5.1,79.3,764.6,5.2,8.3,20.9,0.1
2026-05-05T10:30:00,12.21,-0.069,0.2,7.1,67.8,763.5,2.3,4.1,350.5,0.0
2026-05-05T11:00:00,12.21,-0.750,0.2,6.6,71.9,763.2,5.1,7.0,16.9,0.0
2026-05-05T11:30:00,12.24,-1.113,0.2,7.4,71.0,762.6,4.0,5.6,9.9,0.0
2026-05-05T12:00:00,12.24,-0.275,0.2,9.0,61.5,762.4,4.3,5.9,13.5,0.0
2026-05-05T12:30:00,12.27,-0.999,0.2,9.4,56.2,762.0,2.6,4.2,347.8,0.0
2026-05-05T13:00:00,12.24,-0.933,0.2,10.7,45.7,761.7,2.9,5.5,350.8,0.0
2026-05-05T13:30:00,12.24,-1.263,0.2,11.5,40.6,761.6,1.5,4.0,283.2,0.0
2026-05-05T14:00:00,12.21,-1.092,0.2,10.4,46.5,761.2,3.3,5.4,338.6,0.0
2026-05-05T14:30:00,12.18,-0.714,0.2,11.0,42.9,761.2,1.2,3.7,51.3,0.0
2026-05-05T15:00:00,12.14,-1.501,0.3,10.5,44.3,761.3,3.2,5.9,32.5,0.0
2026-05-05T15:30:00,12.11,-1.516,0.3,9.7,54.7,761.3,4.0,7.2,2.1,0.0
2026-05-05T16:00:00,12.11,-1.312,0.2,9.0,57.2,761.1,3.8,7.6,17.4,0.1
2026-05-05T16:30:00,12.11,-0.858,0.3,7.5,69.2,761.2,4.6,8.8,348.2,0.0
2026-05-05T17:00:00,12.11,-0.912,0.2,7.3,68.0,761.0,6.0,11.2,331.6,0.1
2026-05-05T17:30:00,12.11,-0.576,0.3,6.5,71.7,761.3,2.5,5.0,345.3,0.6
2026-05-05T18:00:00,12.08,-0.265,0.5,5.7,79.5,760.9,3.3,7.6,355.4,0.8
2026-05-05T18:30:00,12.05,-1.170,0.3,7.2,66.6,760.5,5.0,9.6,315.6,0.6
2026-05-05T19:00:00,12.05,-0.596,0.2,6.8,69.8,760.0,4.5,5.9,40.3,0.0
2026-05-05T19:30:00,12.05,-0.619,0.3,6.9,69.7,760.1,3.6,5.2,22.8,0.0
2026-05-05T20:00:00,12.05,-0.822,0.3,8.1,60.0,760.1,3.7,6.2,64.3,0.2
2026-05-05T20:30:00,12.05,-0.393,0.2,7.9,60.3,759.9,4.0,5.9,329.4,0.0
2026-05-05T21:00:00,12.05,-1.371,0.2,6.9,69.6,759.9,0.8,2.7,54.0,0.0
2026-05-05T21:30:00,12.05,-1.558,0.3,6.0,74.0,759.9,1.5,2.1,357.3,0.0
2026-05-05T22:00:00,12.05,-0.764,0.2,6.8,67.6,759.8,1.6,2.6,59.2,0.0
2026-05-05T22:30:00,12.02,-0.566,0.2,6.2,72.0,759.4,1.4,2.5,341.6,0.0
2026-05-05T23:00:00,11.99,-1.381,0.3,6.5,63.3,759.6,1.6,4.6,289.2,0.0
2026-05-05T23:30:00,11.99,-1.024,0.2,5.6,73.9,759.5,1.1,2.9,344.8,0.0
2026-05-06T00:00:00,11.99,-1.287,0.3,5.9,65.0,759.5,0.8,2.5,0.0,0.0
2026-05-06T00:30:00,11.99,-1.056,0.3,6.8,63.0,759.5,1.6,3.1,45.5,0.0
2026-05-06T01:00:00,11.99,-1.196,0.3,6.4,66.6,759.4,2.2,3.6,21.8,0.0
2026-05-06T01:30:00,11.99,-0.930,0.3,6.7,60.1,759.2,1.5,2.8,183.6,0.0
2026-05-06T02:00:00,11.99,-1.538,0.3,6.1,58.4,759.3,0.8,2.0,46.5,0.0
2026-05-06T02:30:00,11.96,-0.849,0.3,6.6,48.7,759.2,1.8,3.3,124.2,0.0
2026-05-06T03:00:00,11.93,-1.052,0.3,6.2,53.1,758.9,3.5,4.6,26.7,0.0
2026-05-06T03:30:00,11.93,-1.381,0.3,6.3,51.4,758.5,2.2,3.7,14.4,0.0
2026-05-06T04:00:00,11.93,-1.232,0.3,7.5,30.4,758.2,1.6,4.9,354.6,0.0
2026-05-06T04:30:00,11.93,-1.037,0.3,6.8,29.3,758.0,1.8,4.2,324.0,0.0
2026-05-06T05:00:00,11.93,-1.430,0.3,6.5,26.7,757.8,1.6,2.9,337.9,0.0
2026-05-06T05:30:00,11.93,-1.447,0.3,6.1,31.0,757.8,1.7,3.2,357.5,0.0
2026-05-06T06:00:00,11.93,-1.733,0.3,6.2,26.3,757.4,2.2,5.4,343.0,0.0
2026-05-06T06:30:00,11.93,-1.768,0.3,6.1,29.0,757.3,3.7,5.8,8.7,0.0
2026-05-06T07:00:00,11.90,-1.925,0.3,5.7,30.6,757.4,1.7,3.3,25.7,0.0
2026-05-06T07:30:00,11.87,-1.325,0.3,5.2,39.9,757.6,6.1,10.0,195.0,0.0
2026-05-06T08:00:00,11.87,-1.643,0.3,3.7,57.1,757.8,3.2,5.5,188.3,0.0
2026-05-06T08:30:00,11.87,-1.523,0.3,4.2,49.8,757.9,1.8,4.9,68.3,0.0
2026-05-06T09:00:00,11.87,-1.456,0.3,5.0,38.7,757.9,1.7,4.5,59.0,0.0
2026-05-06T09:30:00,11.87,-1.337,0.3,5.3,34.8,758.1,3.1,6.4,18.1,0.0
2026-05-06T10:00:00,11.93,-1.238,0.3,5.2,32.9,757.9,8.5,13.0,29.3,0.0
2026-05-06T10:30:00,11.90,-1.019,0.3,5.7,31.6,757.4,6.2,14.8,40.2,0.0
2026-05-06T11:00:00,11.87,-1.075,0.3,3.6,49.7,758.0,5.0,9.8,33.2,0.0
2026-05-06T11:30:00,11.87,-1.595,0.3,2.1,64.7,757.3,5.1,8.4,204.0,0.0
2026-05-06T12:00:00,11.87,-1.405,0.3,2.1,66.9,757.0,3.6,6.9,23.9,0.1
2026-05-06T12:30:00,11.84,-0.905,0.3,0.8,85.2,757.0,2.8,7.7,18.5,0.1
2026-05-06T13:00:00,11.80,0.154,-1.3,0.9,88.3,756.9,2.8,6.3,306.7,0.0
2026-05-06T13:30:00,11.80,1.165,0.5,3.1,74.1,755.1,11.5,23.7,200.3,0.0
2026-05-06T14:00:00,11.80,-0.086,1.4,1.4,95.6,755.1,15.2,23.0,192.4,1.3
2026-05-06T14:30:00,11.80,0.273,69.3,2.9,72.5,755.1,11.4,25.6,138.9,1.1
2026-05-06T15:00:00,11.80,-0.354,93.7,2.3,83.0,756.0,9.7,16.4,150.0,0.0
2026-05-06T15:30:00,11.80,-1.231,87.6,1.8,88.0,755.9,8.2,18.2,163.5,0.0
2026-05-06T16:00:00,11.80,-2.433,85.1,2.7,76.5,756.7,9.3,20.8,161.5,0.0
2026-05-06T16:30:00,11.80,-1.514,81.2,3.0,71.6,757.3,8.7,19.1,156.3,0.0
2026-05-06T17:00:00,11.77,-1.654,82.9,3.2,63.1,757.3,7.8,15.4,160.2,0.0
2026-05-06T17:30:00,11.74,-1.352,87.4,2.9,53.2,757.5,7.0,19.0,155.1,0.0
2026-05-06T18:00:00,11.74,-1.575,88.4,1.8,78.9,758.2,5.1,10.5,168.0,0.0
2026-05-06T18:30:00,11.74,-0.985,87.5,1.6,70.1,758.3,5.1,11.3,182.2,0.0
2026-05-06T19:00:00,11.84,-2.099,80.0,0.9,86.7,758.8,5.7,12.1,167.3,0.0
2026-05-06T19:30:00,11.74,-1.711,81.5,0.1,91.0,758.8,4.6,8.5,200.2,0.0
2026-05-06T20:00:00,11.71,-1.874,80.8,1.0,75.4,759.2,5.0,9.1,196.4,0.0
2026-05-06T20:30:00,11.71,-1.501,79.3,0.7,72.5,759.3,5.2,11.8,195.9,0.0
2026-05-06T21:00:00,11.71,-1.751,80.1,-0.3,89.1,759.8,4.0,9.4,198.5,0.0
2026-05-06T21:30:00,11.68,-1.754,85.4,-0.8,88.1,760.0,3.0,6.3,215.6,0.0
2026-05-06T22:00:00,11.68,-1.651,80.8,-1.0,96.6,760.2,2.8,6.3,194.4,0.0
2026-05-06T22:30:00,11.68,-1.699,80.4,-1.2,97.7,760.5,3.2,8.4,212.9,0.0
2026-05-06T23:00:00,11.68,-1.503,81.5,-1.2,98.4,760.4,2.4,5.9,221.2,0.0
2026-05-06T23:30:00,11.68,-1.779,38.3,-1.3,98.6,760.6,2.4,6.6,222.0,0.0
2026-05-07T00:00:00,11.62,-1.583,78.2,-1.4,98.7,761.1,2.1,4.7,201.7,0.0
2026-05-07T00:30:00,11.62,-1.708,77.7,-1.5,98.8,761.4,1.9,5.3,168.6,0.0
2026-05-07T01:00:00,11.62,-1.713,77.9,-1.7,98.8,761.6,1.0,3.9,149.6,0.0
2026-05-07T01:30:00,11.62,-1.461,87.4,-1.8,98.5,761.3,0.8,2.8,213.6,0.0
2026-05-07T02:00:00,11.62,-1.953,77.9,-1.6,99.2,761.0,1.7,6.5,184.3,0.0
2026-05-07T02:30:00,11.62,-1.134,77.4,-1.8,99.3,761.5,1.2,3.6,190.5,0.0
2026-05-07T03:00:00,11.62,-2.050,77.6,-2.2,99.1,761.7,0.8,2.3,204.9,0.0
2026-05-07T03:30:00,11.59,-1.083,91.3,-2.2,99.1,761.4,0.8,2.5,201.8,0.0
2026-05-07T04:00:00,11.56,-1.538,77.4,-2.4,99.3,761.5,1.4,4.0,203.3,0.0
2026-05-07T04:30:00,11.56,-1.485,87.1,-2.3,99.3,761.6,1.2,3.4,196.6,0.0
2026-05-07T05:00:00,11.56,-1.354,88.4,-2.6,98.7,761.5,0.4,1.7,228.3,0.0
2026-05-07T05:30:00,11.56,-1.417,94.4,-3.0,95.1,761.7,0.4,1.3,167.5,0.0
2026-05-07T06:00:00,11.56,-1.745,96.5,-3.0,96.4,761.9,0.5,1.5,194.6,0.0
2026-05-07T06:30:00,11.56,-1.480,77.1,-3.2,98.0,762.0,0.4,1.3,182.4,0.0
2026-05-07T07:00:00,11.53,-1.551,79.3,-3.6,93.2,762.3,0.0,0.7,0.0,0.0
2026-05-07T07:30:00,11.50,-1.557,81.3,-4.0,93.0,762.5,0.0,0.3,0.0,0.0
2026-05-07T08:00:00,11.50,-1.640,80.8,-3.8,98.8,762.8,0.0,1.0,0.0,0.0
2026-05-07T08:30:00,11.50,-1.544,87.2,-3.8,96.9,762.8,0.4,1.1,16.8,0.0
2026-05-07T09:00:00,11.50,-1.657,76.9,-4.3,90.9,763.2,0.3,1.4,0.0,0.0
2026-05-07T09:30:00,11.50,-1.389,96.5,-3.9,91.1,763.3,0.0,0.7,0.0,0.0
2026-05-07T10:00:00,11.43,-0.237,83.8,-3.6,60.7,763.8,0.4,1.3,94.3,0.0
2026-05-07T10:30:00,11.43,-0.133,95.1,-2.2,52.9,763.6,0.4,1.1,53.2,0.0
2026-05-07T11:00:00,11.43,0.172,97.0,-1.5,44.8,764.1,0.6,1.6,328.5,0.0
2026-05-07T11:30:00,11.43,0.298,26.3,-1.1,55.2,764.2,0.0,1.3,0.0,0.0
2026-05-07T12:00:00,11.43,0.540,89.2,0.0,44.3,764.3,0.7,2.0,343.8,0.0
2026-05-07T12:30:00,11.43,-0.241,91.4,0.5,43.4,764.3,0.5,1.7,103.2,0.0
2026-05-07T13:00:00,11.43,-0.558,87.9,0.9,40.5,764.4,0.6,1.3,268.5,0.0
2026-05-07T13:30:00,11.43,-0.655,91.8,1.0,41.2,764.4,0.7,2.3,144.3,0.0
2026-05-07T14:00:00,11.43,-1.099,90.7,1.2,46.3,764.6,1.0,2.7,184.5,0.0
2026-05-07T14:30:00,11.43,-0.227,92.1,2.7,39.4,763.7,0.5,1.2,294.5,0.0
2026-05-07T15:00:00,11.43,-1.021,91.9,2.1,44.3,763.7,1.1,3.1,153.1,0.0
2026-05-07T15:30:00,11.37,-1.039,90.4,1.6,46.7,763.4,1.2,3.2,173.0,0.0
2026-05-07T16:00:00,11.37,-1.782,95.6,1.3,44.8,763.9,1.2,3.0,260.4,0.0
2026-05-07T16:30:00,11.37,-1.637,89.9,1.9,43.4,763.9,1.2,3.1,169.4,0.0
2026-05-07T17:00:00,11.37,-1.382,89.9,1.1,54.0,763.8,0.9,2.5,219.8,0.0
2026-05-07T17:30:00,11.37,-1.685,90.5,0.9,68.9,763.9,0.5,1.4,265.1,0.0
2026-05-07T18:00:00,11.34,-1.633,89.6,0.2,87.4,764.1,1.4,3.1,207.3,0.0
2026-05-07T18:30:00,11.31,-1.321,89.8,0.1,88.6,764.2,1.0,3.3,153.9,0.0
2026-05-07T19:00:00,11.31,-1.590,89.3,0.3,81.3,764.1,0.5,1.4,312.1,0.0
2026-05-07T19:30:00,11.31,-1.504,89.1,0.3,80.3,763.8,0.0,0.9,0.0,0.0
2026-05-07T20:00:00,11.31,-1.811,88.6,0.1,83.9,763.8,0.7,1.9,189.8,0.0
2026-05-07T20:30:00,11.25,-1.761,88.3,-0.3,88.6,763.8,0.5,1.7,218.6,0.0
2026-05-07T21:00:00,11.25,-1.447,88.5,-0.3,89.2,763.8,0.0,1.1,0.0,0.0
2026-05-07T21:30:00,11.25,-1.372,88.3,-0.5,90.8,764.7,0.9,2.5,213.6,0.0
2026-05-07T22:00:00,11.22,-1.438,88.4,-1.2,97.4,764.1,1.3,3.3,215.4,0.0
2026-05-07T22:30:00,11.22,-1.701,89.3,-0.7,86.4,764.0,0.7,2.5,95.6,0.0
2026-05-07T23:00:00,11.19,-1.534,89.0,0.0,70.8,764.1,0.6,2.3,43.6,0.0
2026-05-07T23:30:00,11.19,-1.423,89.1,-0.2,74.5,764.3,0.0,1.0,294.9,0.0
2026-05-08T00:00:00,11.15,-1.560,88.6,-0.2,73.9,764.0,0.4,0.8,127.5,0.0
2026-05-08T00:30:00,11.12,-1.449,89.2,0.0,72.8,763.6,0.5,1.2,345.8,0.0
2026-05-08T01:00:00,11.12,-1.666,89.0,-0.1,70.4,763.3,0.5,1.5,296.0,0.0
2026-05-08T01:30:00,11.09,-1.435,89.0,-0.2,75.5,763.1,0.8,1.9,164.4,0.0
2026-05-08T02:00:00,11.06,-1.520,89.1,-0.6,76.1,763.1,0.8,1.7,129.2,0.0
2026-05-08T02:30:00,11.06,-1.618,89.8,-0.5,69.6,762.9,0.0,0.9,0.0,0.0
2026-05-08T03:00:00,11.03,-1.801,88.7,-0.4,68.1,763.0,0.0,0.8,0.0,0.0
2026-05-08T03:30:00,11.00,-1.854,88.5,-0.4,69.3,762.5,0.7,1.2,313.0,0.0
2026-05-08T04:00:00,10.97,-2.147,81.8,-0.7,72.0,762.2,0.3,0.7,310.1,0.0
2026-05-08T04:30:00,0,0,0,0.0,0.0,0.0,0.0,0.0,0.0,0.0
2026-05-08T05:00:00,0,0,0,0.0,0.0,0.0,0.0,0.0,0.0,0.0
2026-05-08T05:30:00,0,0,0,0.0,0.0,0.0,0.0,0.0,0.0,0.0
2026-05-08T06:00:00,0,0,0,0.0,0.0,0.0,0.0,0.0,0.0,0.0
2026-05-08T06:30:00,0,0,0,0.0,0.0,0.0,0.0,0.0,0.0,0.0
2026-05-08T07:00:00,0,0,0,0.0,0.0,0.0,0.0,0.0,0.0,0.0
2026-05-08T07:30:00,0,0,0,0.0,0.0,0.0,0.0,0.0,0.0,0.0
2026-05-08T08:00:00,0,0,0,0.0,0.0,0.0,0.0,0.0,0.0,0.0
2026-05-08T08:30:00,0,0,0,0.0,0.0,0.0,0.0,0.0,0.0,0.0
2026-05-08T09:00:00,0,0,0,0.0,0.0,0.0,0.0,0.0,0.0,0.0
2026-05-08T09:30:00,0,0,0,0.0,0.0,0.0,0.0,0.0,0.0,0.0
2026-05-08T10:00:00,0,0,0,0.0,0.0,0.0,0.0,0.0,0.0,0.0
2026-05-08T10:30:00,0,0,0,0.0,0.0,0.0,0.0,0.0,0.0,0.0
2026-05-08T11:00:00,0,0,0,0.0,0.0,0.0,0.0,0.0,0.0,0.0
2026-05-08T11:30:00,0,0,0,0.0,0.0,0.0,0.0,0.0,0.0,0.0
2026-05-08T12:00:00,0,0,0,0.0,0.0,0.0,0.0,0.0,0.0,0.0
2026-05-08T12:30:00,0,0,0,0.0,0.0,0.0,0.0,0.0,0.0,0.0
2026-05-08T13:00:00,0,0,0,0.0,0.0,0.0,0.0,0.0,0.0,0.0
2026-05-08T13:30:00,0,0,0,0.0,0.0,0.0,0.0,0.0,0.0,0.0
2026-05-08T14:00:00,0,0,0,0.0,0.0,0.0,0.0,0.0,0.0,0.0
2026-05-08T14:30:00,0,0,0,0.0,0.0,0.0,0.0,0.0,0.0,0.0
2026-05-08T15:00:00,0,0,0,0.0,0.0,0.0,0.0,0.0,0.0,0.0
2026-05-08T15:30:00,0,0,0,0.0,0.0,0.0,0.0,0.0,0.0,0.0
2026-05-08T16:00:00,0,0,0,0.0,0.0,0.0,0.0,0.0,0.0,0.0
2026-05-08T16:30:00,0,0,0,0.0,0.0,0.0,0.0,0.0,0.0,0.0
2026-05-08T17:00:00,0,0,0,0.0,0.0,0.0,0.0,0.0,0.0,0.0
2026-05-08T17:30:00,0,0,0,0.0,0.0,0.0,0.0,0.0,0.0,0.0
2026-05-08T18:00:00,0,0,0,0.0,0.0,0.0,0.0,0.0,0.0,0.0
2026-05-08T18:30:00,0,0,0,0.0,0.0,0.0,0.0,0.0,0.0,0.0
2026-05-08T19:00:00,0,0,0,0.0,0.0,0.0,0.0,0.0,0.0,0.0
2026-05-08T19:30:00,0,0,0,0.0,0.0,0.0,0.0,0.0,0.0,0.0
2026-05-08T20:00:00,0,0,0,0.0,0.0,0.0,0.0,0.0,0.0,0.0
2026-05-08T20:30:00,0,0,0,0.0,0.0,0.0,0.0,0.0,0.0,0.0
2026-05-08T21:00:00,0,0,0,0.0,0.0,0.0,0.0,0.0,0.0,0.0
2026-05-08T21:30:00,0,0,0,0.0,0.0,0.0,0.0,0.0,0.0,0.0
2026-05-08T22:00:00,0,0,0,0.0,0.0,0.0,0.0,0.0,0.0,0.0
2026-05-08T22:30:00,0,0,0,0.0,0.0,0.0,0.0,0.0,0.0,0.0
2026-05-08T23:00:00,0,0,0,0.0,0.0,0.0,0.0,0.0,0.0,0.0
2026-05-08T23:30:00,0,0,0,0.0,0.0,0.0,0.0,0.0,0.0,0.0
2026-05-09T00:00:00,0,0,0,0.0,0.0,0.0,0.0,0.0,0.0,0.0
2026-05-09T00:30:00,0,0,0,0.0,0.0,0.0,0.0,0.0,0.0,0.0
2026-05-09T01:00:00,0,0,0,0.0,0.0,0.0,0.0,0.0,0.0,0.0
2026-05-09T01:30:00,0,0,0,0.0,0.0,0.0,0.0,0.0,0.0,0.0
2026-05-09T02:00:00,0,0,0,0.0,0.0,0.0,0.0,0.0,0.0,0.0
2026-05-09T02:30:00,0,0,0,0.0,0.0,0.0,0.0,0.0,0.0,0.0
2026-05-09T03:00:00,0,0,0,0.0,0.0,0.0,0.0,0.0,0.0,0.0
2026-05-09T03:30:00,0,0,0,0.0,0.0,0.0,0.0,0.0,0.0,0.0
2026-05-09T04:00:00,0,0,0,0.0,0.0,0.0,0.0,0.0,0.0,0.0
2026-05-09T04:30:00,0,0,0,0.0,0.0,0.0,0.0,0.0,0.0,0.0
2026-05-09T05:00:00,0,0,0,0.0,0.0,0.0,0.0,0.0,0.0,0.0
2026-05-09T05:30:00,0,0,0,0.0,0.0,0.0,0.0,0.0,0.0,0.0
2026-05-09T06:00:00,0,0,0,0.0,0.0,0.0,0.0,0.0,0.0,0.0
2026-05-09T06:30:00,0,0,0,0.0,0.0,0.0,0.0,0.0,0.0,0.0
2026-05-09T07:00:00,0,0,0,0.0,0.0,0.0,0.0,0.0,0.0,0.0
2026-05-09T07:30:00,0,0,0,0.0,0.0,0.0,0.0,0.0,0.0,0.0
2026-05-09T08:00:00,0,0,0,0.0,0.0,0.0,0.0,0.0,0.0,0.0
2026-05-09T08:30:00,0,0,0,0.0,0.0,0.0,0.0,0.0,0.0,0.0
2026-05-09T09:00:00,0,0,0,0.0,0.0,0.0,0.0,0.0,0.0,0.0
2026-05-09T09:30:00,0,0,0,0.0,0.0,0.0,0.0,0.0,0.0,0.0
2026-05-09T10:00:00,0,0,0,0.0,0.0,0.0,0.0,0.0,0.0,0.0
2026-05-09T10:30:00,0,0,0,0.0,0.0,0.0,0.0,0.0,0.0,0.0
2026-05-09T11:00:00,0,0,0,0.0,0.0,0.0,0.0,0.0,0.0,0.0
2026-05-09T11:30:00,0,0,0,0.0,0.0,0.0,0.0,0.0,0.0,0.0
2026-05-09T12:00:00,0,0,0,0.0,0.0,0.0,0.0,0.0,0.0,0.0
2026-05-09T12:30:00,0,0,0,0.0,0.0,0.0,0.0,0.0,0.0,0.0
2026-05-09T13:00:00,0,0,0,0.0,0.0,0.0,0.0,0.0,0.0,0.0
2026-05-09T13:30:00,0,0,0,0.0,0.0,0.0,0.0,0.0,0.0,0.0
2026-05-09T14:00:00,0,0,0,0.0,0.0,0.0,0.0,0.0,0.0,0.0
2026-05-09T14:30:00,0,0,0,0.0,0.0,0.0,0.0,0.0,0.0,0.0
2026-05-09T15:00:00,0,0,0,0.0,0.0,0.0,0.0,0.0,0.0,0.0
2026-05-09T15:30:00,0,0,0,0.0,0.0,0.0,0.0,0.0,0.0,0.0
2026-05-09T16:00:00,0,0,0,0.0,0.0,0.0,0.0,0.0,0.0,0.0
2026-05-09T16:30:00,0,0,0,0.0,0.0,0.0,0.0,0.0,0.0,0.0
2026-05-09T17:00:00,0,0,0,0.0,0.0,0.0,0.0,0.0,0.0,0.0
2026-05-09T17:30:00,0,0,0,0.0,0.0,0.0,0.0,0.0,0.0,0.0
2026-05-09T18:00:00,0,0,0,0.0,0.0,0.0,0.0,0.0,0.0,0.0
2026-05-09T18:30:00,0,0,0,0.0,0.0,0.0,0.0,0.0,0.0,0.0
2026-05-09T19:00:00,0,0,0,0.0,0.0,0.0,0.0,0.0,0.0,0.0
2026-05-09T19:30:00,0,0,0,0.0,0.0,0.0,0.0,0.0,0.0,0.0
2026-05-09T20:00:00,0,0,0,0.0,0.0,0.0,0.0,0.0,0.0,0.0
2026-05-09T20:30:00,0,0,0,0.0,0.0,0.0,0.0,0.0,0.0,0.0
2026-05-09T21:00:00,0,0,0,0.0,0.0,0.0,0.0,0.0,0.0,0.0
2026-05-09T21:30:00,0,0,0,0.0,0.0,0.0,0.0,0.0,0.0,0.0
2026-05-09T22:00:00,0,0,0,0.0,0.0,0.0,0.0,0.0,0.0,0.0
2026-05-09T22:30:00,0,0,0,0.0,0.0,0.0,0.0,0.0,0.0,0.0
2026-05-09T23:00:00,0,0,0,0.0,0.0,0.0,0.0,0.0,0.0,0.0
2026-05-09T23:30:00,0,0,0,0.0,0.0,0.0,0.0,0.0,0.0,0.0
2026-05-10T00:00:00,0,0,0,0.0,0.0,0.0,0.0,0.0,0.0,0.0
2026-05-10T00:30:00,0,0,0,0.0,0.0,0.0,0.0,0.0,0.0,0.0
2026-05-10T01:00:00,0,0,0,0.0,0.0,0.0,0.0,0.0,0.0,0.0
2026-05-10T01:30:00,0,0,0,0.0,0.0,0.0,0.0,0.0,0.0,0.0
2026-05-10T02:00:00,0,0,0,0.0,0.0,0.0,0.0,0.0,0.0,0.0
2026-05-10T02:30:00,0,0,0,0.0,0.0,0.0,0.0,0.0,0.0,0.0
2026-05-10T03:00:00,0,0,0,0.0,0.0,0.0,0.0,0.0,0.0,0.0
2026-05-10T03:30:00,0,0,0,0.0,0.0,0.0,0.0,0.0,0.0,0.0
2026-05-10T04:00:00,0,0,0,0.0,0.0,0.0,0.0,0.0,0.0,0.0
2026-05-10T04:30:00,0,0,0,0.0,0.0,0.0,0.0,0.0,0.0,0.0
2026-05-10T05:00:00,0,0,0,0.0,0.0,0.0,0.0,0.0,0.0,0.0
2026-05-10T05:30:00,0,0,0,0.0,0.0,0.0,0.0,0.0,0.0,0.0
2026-05-10T06:00:00,0,0,0,0.0,0.0,0.0,0.0,0.0,0.0,0.0
2026-05-10T06:30:00,0,0,0,0.0,0.0,0.0,0.0,0.0,0.0,0.0
2026-05-10T07:00:00,0,0,0,0.0,0.0,0.0,0.0,0.0,0.0,0.0
2026-05-10T07:30:00,0,0,0,0.0,0.0,0.0,0.0,0.0,0.0,0.0
2026-05-10T08:00:00,0,0,0,0.0,0.0,0.0,0.0,0.0,0.0,0.0
2026-05-10T08:30:00,0,0,0,0.0,0.0,0.0,0.0,0.0,0.0,0.0
2026-05-10T09:00:00,0,0,0,0.0,0.0,0.0,0.0,0.0,0.0,0.0
2026-05-10T09:30:00,0,0,0,0.0,0.0,0.0,0.0,0.0,0.0,0.0
2026-05-10T10:00:00,0,0,0,0.0,0.0,0.0,0.0,0.0,0.0,0.0
2026-05-10T10:30:00,0,0,0,0.0,0.0,0.0,0.0,0.0,0.0,0.0
2026-05-10T11:00:00,0,0,0,0.0,0.0,0.0,0.0,0.0,0.0,0.0
2026-05-10T11:30:00,0,0,0,0.0,0.0,0.0,0.0,0.0,0.0,0.0
2026-05-10T12:00:00,0,0,0,0.0,0.0,0.0,0.0,0.0,0.0,0.0
2026-05-10T12:30:00,0,0,0,0.0,0.0,0.0,0.0,0.0,0.0,0.0
2026-05-10T13:00:00,0,0,0,0.0,0.0,0.0,0.0,0.0,0.0,0.0
2026-05-10T13:30:00,0,0,0,0.0,0.0,0.0,0.0,0.0,0.0,0.0
2026-05-10T14:00:00,0,0,0,0.0,0.0,0.0,0.0,0.0,0.0,0.0
2026-05-10T14:30:00,0,0,0,0.0,0.0,0.0,0.0,0.0,0.0,0.0
2026-05-10T15:00:00,0,0,0,0.0,0.0,0.0,0.0,0.0,0.0,0.0
2026-05-10T15:30:00,0,0,0,0.0,0.0,0.0,0.0,0.0,0.0,0.0
2026-05-10T16:00:00,0,0,0,0.0,0.0,0.0,0.0,0.0,0.0,0.0
2026-05-10T16:30:00,0,0,0,0.0,0.0,0.0,0.0,0.0,0.0,0.0
2026-05-10T17:00:00,0,0,0,0.0,0.0,0.0,0.0,0.0,0.0,0.0
2026-05-10T17:30:00,0,0,0,0.0,0.0,0.0,0.0,0.0,0.0,0.0
2026-05-10T18:00:00,0,0,0,0.0,0.0,0.0,0.0,0.0,0.0,0.0
2026-05-10T18:30:00,0,0,0,0.0,0.0,0.0,0.0,0.0,0.0,0.0
2026-05-10T19:00:00,0,0,0,0.0,0.0,0.0,0.0,0.0,0.0,0.0
2026-05-10T19:30:00,0,0,0,0.0,0.0,0.0,0.0,0.0,0.0,0.0
2026-05-10T20:00:00,0,0,0,0.0,0.0,0.0,0.0,0.0,0.0,0.0
2026-05-10T20:30:00,0,0,0,0.0,0.0,0.0,0.0,0.0,0.0,0.0
2026-05-10T21:00:00,0,0,0,0.0,0.0,0.0,0.0,0.0,0.0,0.0
2026-05-10T21:30:00,0,0,0,0.0,0.0,0.0,0.0,0.0,0.0,0.0
2026-05-10T22:00:00,0,0,0,0.0,0.0,0.0,0.0,0.0,0.0,0.0
2026-05-10T22:30:00,0,0,0,0.0,0.0,0.0,0.0,0.0,0.0,0.0
2026-05-10T23:00:00,0,0,0,0.0,0.0,0.0,0.0,0.0,0.0,0.0
2026-05-10T23:30:00,0,0,0,0.0,0.0,0.0,0.0,0.0,0.0,0.0
2026-05-11T00:00:00,0,0,0,0.0,0.0,0.0,0.0,0.0,0.0,0.0
2026-05-11T00:30:00,0,0,0,0.0,0.0,0.0,0.0,0.0,0.0,0.0
2026-05-11T01:00:00,0,0,0,0.0,0.0,0.0,0.0,0.0,0.0,0.0
2026-05-11T01:30:00,0,0,0,0.0,0.0,0.0,0.0,0.0,0.0,0.0
2026-05-11T02:00:00,0,0,0,0.0,0.0,0.0,0.0,0.0,0.0,0.0
2026-05-11T02:30:00,0,0,0,0.0,0.0,0.0,0.0,0.0,0.0,0.0
2026-05-11T03:00:00,0,0,0,0.0,0.0,0.0,0.0,0.0,0.0,0.0
2026-05-11T03:30:00,0,0,0,0.0,0.0,0.0,0.0,0.0,0.0,0.0
2026-05-11T04:00:00,0,0,0,0.0,0.0,0.0,0.0,0.0,0.0,0.0
2026-05-11T04:30:00,0,0,0,0.0,0.0,0.0,0.0,0.0,0.0,0.0
2026-05-11T05:00:00,0,0,0,0.0,0.0,0.0,0.0,0.0,0.0,0.0
2026-05-11T05:30:00,0,0,0,0.0,0.0,0.0,0.0,0.0,0.0,0.0
2026-05-11T06:00:00,0,0,0,0.0,0.0,0.0,0.0,0.0,0.0,0.0
2026-05-11T06:30:00,0,0,0,0.0,0.0,0.0,0.0,0.0,0.0,0.0
2026-05-11T07:00:00,0,0,0,0.0,0.0,0.0,0.0,0.0,0.0,0.0
2026-05-11T07:30:00,0,0,0,0.0,0.0,0.0,0.0,0.0,0.0,0.0
2026-05-11T08:00:00,0,0,0,0.0,0.0,0.0,0.0,0.0,0.0,0.0
2026-05-11T08:30:00,0,0,0,0.0,0.0,0.0,0.0,0.0,0.0,0.0
2026-05-11T09:00:00,0,0,0,0.0,0.0,0.0,0.0,0.0,0.0,0.0
2026-05-11T09:30:00,0,0,0,0.0,0.0,0.0,0.0,0.0,0.0,0.0
2026-05-11T10:00:00,0,0,0,0.0,0.0,0.0,0.0,0.0,0.0,0.0
2026-05-11T10:30:00,0,0,0,0.0,0.0,0.0,0.0,0.0,0.0,0.0
2026-05-11T11:00:00,0,0,0,0.0,0.0,0.0,0.0,0.0,0.0,0.0
2026-05-11T11:30:00,0,0,0,0.0,0.0,0.0,0.0,0.0,0.0,0.0
2026-05-11T12:00:00,0,0,0,0.0,0.0,0.0,0.0,0.0,0.0,0.0
2026-05-11T12:30:00,0,0,0,0.0,0.0,0.0,0.0,0.0,0.0,0.0
2026-05-11T13:00:00,0,0,0,0.0,0.0,0.0,0.0,0.0,0.0,0.0
2026-05-11T13:30:00,0,0,0,0.0,0.0,0.0,0.0,0.0,0.0,0.0
2026-05-11T14:00:00,0,0,0,0.0,0.0,0.0,0.0,0.0,0.0,0.0
2026-05-11T14:30:00,0,0,0,0.0,0.0,0.0,0.0,0.0,0.0,0.0
2026-05-11T15:00:00,0,0,0,0.0,0.0,0.0,0.0,0.0,0.0,0.0
2026-05-11T15:30:00,0,0,0,0.0,0.0,0.0,0.0,0.0,0.0,0.0
2026-05-11T16:00:00,0,0,0,0.0,0.0,0.0,0.0,0.0,0.0,0.0
2026-05-11T16:30:00,0,0,0,0.0,0.0,0.0,0.0,0.0,0.0,0.0
2026-05-11T17:00:00,0,0,0,0.0,0.0,0.0,0.0,0.0,0.0,0.0
2026-05-11T17:30:00,0,0,0,0.0,0.0,0.0,0.0,0.0,0.0,0.0
2026-05-11T18:00:00,0,0,0,0.0,0.0,0.0,0.0,0.0,0.0,0.0
2026-05-11T18:30:00,0,0,0,0.0,0.0,0.0,0.0,0.0,0.0,0.0
2026-05-11T19:00:00,0,0,0,0.0,0.0,0.0,0.0,0.0,0.0,0.0
2026-05-11T19:30:00,0,0,0,0.0,0.0,0.0,0.0,0.0,0.0,0.0
2026-05-11T20:00:00,0,0,0,0.0,0.0,0.0,0.0,0.0,0.0,0.0
2026-05-11T20:30:00,0,0,0,0.0,0.0,0.0,0.0,0.0,0.0,0.0
2026-05-11T21:00:00,0,0,0,0.0,0.0,0.0,0.0,0.0,0.0,0.0
2026-05-11T21:30:00,0,0,0,0.0,0.0,0.0,0.0,0.0,0.0,0.0
2026-05-11T22:00:00,0,0,0,0.0,0.0,0.0,0.0,0.0,0.0,0.0
2026-05-11T22:30:00,0,0,0,0.0,0.0,0.0,0.0,0.0,0.0,0.0
2026-05-11T23:00:00,0,0,0,0.0,0.0,0.0,0.0,0.0,0.0,0.0
2026-05-11T23:30:00,0,0,0,0.0,0.0,0.0,0.0,0.0,0.0,0.0
2026-05-12T00:00:00,0,0,0,0.0,0.0,0.0,0.0,0.0,0.0,0.0
2026-05-12T00:30:00,0,0,0,0.0,0.0,0.0,0.0,0.0,0.0,0.0
2026-05-12T01:00:00,0,0,0,0.0,0.0,0.0,0.0,0.0,0.0,0.0
2026-05-12T01:30:00,0,0,0,0.0,0.0,0.0,0.0,0.0,0.0,0.0
2026-05-12T02:00:00,0,0,0,0.0,0.0,0.0,0.0,0.0,0.0,0.0
2026-05-12T02:30:00,0,0,0,0.0,0.0,0.0,0.0,0.0,0.0,0.0
2026-05-12T03:00:00,0,0,0,0.0,0.0,0.0,0.0,0.0,0.0,0.0
2026-05-12T03:30:00,0,0,0,0.0,0.0,0.0,0.0,0.0,0.0,0.0
2026-05-12T04:00:00,0,0,0,0.0,0.0,0.0,0.0,0.0,0.0,0.0
2026-05-12T04:30:00,0,0,0,0.0,0.0,0.0,0.0,0.0,0.0,0.0
2026-05-12T05:00:00,0,0,0,0.0,0.0,0.0,0.0,0.0,0.0,0.0
2026-05-12T05:30:00,0,0,0,0.0,0.0,0.0,0.0,0.0,0.0,0.0
2026-05-12T06:00:00,0,0,0,0.0,0.0,0.0,0.0,0.0,0.0,0.0
2026-05-12T06:30:00,0,0,0,0.0,0.0,0.0,0.0,0.0,0.0,0.0
2026-05-12T07:00:00,0,0,0,0.0,0.0,0.0,0.0,0.0,0.0,0.0
2026-05-12T07:30:00,0,0,0,0.0,0.0,0.0,0.0,0.0,0.0,0.0
2026-05-12T08:00:00,0,0,0,0.0,0.0,0.0,0.0,0.0,0.0,0.0
2026-05-12T08:30:00,0,0,0,0.0,0.0,0.0,0.0,0.0,0.0,0.0
2026-05-12T09:00:00,0,0,0,0.0,0.0,0.0,0.0,0.0,0.0,0.0
2026-05-12T09:30:00,0,0,0,0.0,0.0,0.0,0.0,0.0,0.0,0.0
2026-05-12T10:00:00,0,0,0,0.0,0.0,0.0,0.0,0.0,0.0,0.0
2026-05-12T10:30:00,0,0,0,0.0,0.0,0.0,0.0,0.0,0.0,0.0
2026-05-12T11:00:00,0,0,0,0.0,0.0,0.0,0.0,0.0,0.0,0.0
2026-05-12T11:30:00,0,0,0,0.0,0.0,0.0,0.0,0.0,0.0,0.0
2026-05-12T12:00:00,0,0,0,0.0,0.0,0.0,0.0,0.0,0.0,0.0
2026-05-12T12:30:00,0,0,0,0.0,0.0,0.0,0.0,0.0,0.0,0.0
2026-05-12T13:00:00,0,0,0,0.0,0.0,0.0,0.0,0.0,0.0,0.0
2026-05-12T13:30:00,0,0,0,0.0,0.0,0.0,0.0,0.0,0.0,0.0
2026-05-12T14:00:00,0,0,0,0.0,0.0,0.0,0.0,0.0,0.0,0.0
2026-05-12T14:30:00,0,0,0,0.0,0.0,0.0,0.0,0.0,0.0,0.0
2026-05-12T15:00:00,0,0,0,0.0,0.0,0.0,0.0,0.0,0.0,0.0
2026-05-12T15:30:00,0,0,0,0.0,0.0,0.0,0.0,0.0,0.0,0.0
2026-05-12T16:00:00,0,0,0,0.0,0.0,0.0,0.0,0.0,0.0,0.0
2026-05-12T16:30:00,0,0,0,0.0,0.0,0.0,0.0,0.0,0.0,0.0
2026-05-12T17:00:00,0,0,0,0.0,0.0,0.0,0.0,0.0,0.0,0.0
2026-05-12T17:30:00,0,0,0,0.0,0.0,0.0,0.0,0.0,0.0,0.0
2026-05-12T18:00:00,0,0,0,0.0,0.0,0.0,0.0,0.0,0.0,0.0
2026-05-12T18:30:00,0,0,0,0.0,0.0,0.0,0.0,0.0,0.0,0.0
2026-05-12T19:00:00,0,0,0,0.0,0.0,0.0,0.0,0.0,0.0,0.0
2026-05-12T19:30:00,0,0,0,0.0,0.0,0.0,0.0,0.0,0.0,0.0
2026-05-12T20:00:00,0,0,0,0.0,0.0,0.0,0.0,0.0,0.0,0.0
2026-05-12T20:30:00,0,0,0,0.0,0.0,0.0,0.0,0.0,0.0,0.0
2026-05-12T21:00:00,0,0,0,0.0,0.0,0.0,0.0,0.0,0.0,0.0
2026-05-12T21:30:00,0,0,0,0.0,0.0,0.0,0.0,0.0,0.0,0.0
2026-05-12T22:00:00,0,0,0,0.0,0.0,0.0,0.0,0.0,0.0,0.0
2026-05-12T22:30:00,0,0,0,0.0,0.0,0.0,0.0,0.0,0.0,0.0
2026-05-12T23:00:00,0,0,0,0.0,0.0,0.0,0.0,0.0,0.0,0.0
2026-05-12T23:30:00,0,0,0,0.0,0.0,0.0,0.0,0.0,0.0,0.0
2026-05-13T00:00:00,0,0,0,0.0,0.0,0.0,0.0,0.0,0.0,0.0
2026-05-13T00:30:00,0,0,0,0.0,0.0,0.0,0.0,0.0,0.0,0.0
2026-05-13T01:00:00,0,0,0,0.0,0.0,0.0,0.0,0.0,0.0,0.0
2026-05-13T01:30:00,0,0,0,0.0,0.0,0.0,0.0,0.0,0.0,0.0
2026-05-13T02:00:00,0,0,0,0.0,0.0,0.0,0.0,0.0,0.0,0.0
2026-05-13T02:30:00,0,0,0,0.0,0.0,0.0,0.0,0.0,0.0,0.0
2026-05-13T03:00:00,0,0,0,0.0,0.0,0.0,0.0,0.0,0.0,0.0
2026-05-13T03:30:00,0,0,0,0.0,0.0,0.0,0.0,0.0,0.0,0.0
2026-05-13T04:00:00,0,0,0,0.0,0.0,0.0,0.0,0.0,0.0,0.0
2026-05-13T04:30:00,0,0,0,0.0,0.0,0.0,0.0,0.0,0.0,0.0
2026-05-13T05:00:00,0,0,0,0.0,0.0,0.0,0.0,0.0,0.0,0.0
2026-05-13T05:30:00,0,0,0,0.0,0.0,0.0,0.0,0.0,0.0,0.0
2026-05-13T06:00:00,0,0,0,0.0,0.0,0.0,0.0,0.0,0.0,0.0
2026-05-13T06:30:00,0,0,0,0.0,0.0,0.0,0.0,0.0,0.0,0.0
2026-05-13T07:00:00,0,0,0,0.0,0.0,0.0,0.0,0.0,0.0,0.0
2026-05-13T07:30:00,0,0,0,0.0,0.0,0.0,0.0,0.0,0.0,0.0
2026-05-13T08:00:00,0,0,0,0.0,0.0,0.0,0.0,0.0,0.0,0.0
2026-05-13T08:30:00,0,0,0,0.0,0.0,0.0,0.0,0.0,0.0,0.0
2026-05-13T09:00:00,0,0,0,0.0,0.0,0.0,0.0,0.0,0.0,0.0
2026-05-13T09:30:00,0,0,0,0.0,0.0,0.0,0.0,0.0,0.0,0.0
2026-05-13T10:00:00,0,0,0,0.0,0.0,0.0,0.0,0.0,0.0,0.0
2026-05-13T10:30:00,0,0,0,0.0,0.0,0.0,0.0,0.0,0.0,0.0
2026-05-13T11:00:00,0,0,0,0.0,0.0,0.0,0.0,0.0,0.0,0.0
2026-05-13T11:30:00,0,0,0,0.0,0.0,0.0,0.0,0.0,0.0,0.0
2026-05-13T12:00:00,0,0,0,0.0,0.0,0.0,0.0,0.0,0.0,0.0
2026-05-13T12:30:00,0,0,0,0.0,0.0,0.0,0.0,0.0,0.0,0.0
2026-05-13T13:00:00,0,0,0,0.0,0.0,0.0,0.0,0.0,0.0,0.0
2026-05-13T13:30:00,0,0,0,0.0,0.0,0.0,0.0,0.0,0.0,0.0
2026-05-13T14:00:00,0,0,0,0.0,0.0,0.0,0.0,0.0,0.0,0.0
2026-05-13T14:30:00,0,0,0,0.0,0.0,0.0,0.0,0.0,0.0,0.0
2026-05-13T15:00:00,0,0,0,0.0,0.0,0.0,0.0,0.0,0.0,0.0
2026-05-13T15:30:00,0,0,0,0.0,0.0,0.0,0.0,0.0,0.0,0.0
2026-05-13T16:00:00,0,0,0,0.0,0.0,0.0,0.0,0.0,0.0,0.0
2026-05-13T16:30:00,0,0,0,0.0,0.0,0.0,0.0,0.0,0.0,0.0
2026-05-13T17:00:00,0,0,0,0.0,0.0,0.0,0.0,0.0,0.0,0.0
2026-05-13T17:30:00,0,0,0,0.0,0.0,0.0,0.0,0.0,0.0,0.0
2026-05-13T18:00:00,0,0,0,0.0,0.0,0.0,0.0,0.0,0.0,0.0
2026-05-13T18:30:00,0,0,0,0.0,0.0,0.0,0.0,0.0,0.0,0.0
2026-05-13T19:00:00,0,0,0,0.0,0.0,0.0,0.0,0.0,0.0,0.0
2026-05-13T19:30:00,11.19,-0.533,-10.6,8.3,23.8,763.3,1.9,3.9,349.2,0.0
2026-05-13T20:00:00,11.12,-0.738,-5.3,8.5,23.7,763.8,3.0,5.1,159.8,0.0
2026-05-13T20:30:00,11.06,-0.351,-6.2,7.9,34.1,763.8,1.5,3.2,110.2,0.0
2026-05-13T21:00:00,11.06,-0.445,-5.2,7.4,33.8,763.6,1.2,3.1,329.7,0.0
2026-05-13T21:30:00,11.00,-0.545,-5.4,7.1,34.2,764.2,1.4,2.5,68.3,0.0
2026-05-13T22:00:00,0,0,0,0.0,0.0,0.0,0.0,0.0,0.0,0.0
2026-05-13T22:30:00,0,0,0,0.0,0.0,0.0,0.0,0.0,0.0,0.0
2026-05-13T23:00:00,0,0,0,0.0,0.0,0.0,0.0,0.0,0.0,0.0
2026-05-13T23:30:00,0,0,0,0.0,0.0,0.0,0.0,0.0,0.0,0.0
2026-05-14T00:00:00,0,0,0,0.0,0.0,0.0,0.0,0.0,0.0,0.0
2026-05-14T00:30:00,0,0,0,0.0,0.0,0.0,0.0,0.0,0.0,0.0
2026-05-14T01:00:00,0,0,0,0.0,0.0,0.0,0.0,0.0,0.0,0.0
2026-05-14T01:30:00,0,0,0,0.0,0.0,0.0,0.0,0.0,0.0,0.0
2026-05-14T02:00:00,0,0,0,0.0,0.0,0.0,0.0,0.0,0.0,0.0
2026-05-14T02:30:00,0,0,0,0.0,0.0,0.0,0.0,0.0,0.0,0.0
2026-05-14T03:00:00,0,0,0,0.0,0.0,0.0,0.0,0.0,0.0,0.0
2026-05-14T03:30:00,0,0,0,0.0,0.0,0.0,0.0,0.0,0.0,0.0
2026-05-14T04:00:00,0,0,0,0.0,0.0,0.0,0.0,0.0,0.0,0.0
2026-05-14T04:30:00,0,0,0,0.0,0.0,0.0,0.0,0.0,0.0,0.0
2026-05-14T05:00:00,0,0,0,0.0,0.0,0.0,0.0,0.0,0.0,0.0
2026-05-14T05:30:00,0,0,0,0.0,0.0,0.0,0.0,0.0,0.0,0.0
2026-05-14T06:00:00,0,0,0,0.0,0.0,0.0,0.0,0.0,0.0,0.0
2026-05-14T06:30:00,0,0,0,0.0,0.0,0.0,0.0,0.0,0.0,0.0
2026-05-14T07:00:00,0,0,0,0.0,0.0,0.0,0.0,0.0,0.0,0.0
2026-05-14T07:30:00,0,0,0,0.0,0.0,0.0,0.0,0.0,0.0,0.0
2026-05-14T08:00:00,0,0,0,0.0,0.0,0.0,0.0,0.0,0.0,0.0
2026-05-14T08:30:00,0,0,0,0.0,0.0,0.0,0.0,0.0,0.0,0.0
2026-05-14T09:00:00,0,0,0,0.0,0.0,0.0,0.0,0.0,0.0,0.0
2026-05-14T09:30:00,0,0,0,0.0,0.0,0.0,0.0,0.0,0.0,0.0
2026-05-14T10:00:00,0,0,0,0.0,0.0,0.0,0.0,0.0,0.0,0.0
2026-05-14T10:30:00,0,0,0,0.0,0.0,0.0,0.0,0.0,0.0,0.0
2026-05-14T11:00:00,12.02,0.363,-4.7,8.3,27.4,764.1,2.6,3.6,354.1,0.0
2026-05-14T11:30:00,12.24,0.775,-4.5,8.9,31.3,764.2,2.9,4.2,10.2,0.0
2026-05-14T12:00:00,12.30,0.959,-4.6,9.9,26.6,764.2,2.9,5.2,11.9,0.0
2026-05-14T12:30:00,12.36,1.497,-4.4,10.6,24.6,764.0,3.0,5.0,352.2,0.0
2026-05-14T13:00:00,12.36,1.503,-4.4,11.1,23.1,763.7,2.8,4.6,8.9,0.0
2026-05-14T13:30:00,12.42,1.228,-5.1,11.3,23.3,763.5,3.0,4.8,341.8,0.0
2026-05-14T14:00:00,12.48,1.308,-5.5,11.9,20.5,763.3,2.3,4.4,340.0,0.0
2026-05-14T14:30:00,12.48,1.330,-4.9,12.4,20.1,763.1,1.4,4.8,290.5,0.0
2026-05-14T15:00:00,12.42,0.789,-4.9,11.9,22.6,762.9,1.8,3.6,287.0,0.0
2026-05-14T15:30:00,12.30,0.186,-5.1,12.0,23.1,762.7,1.5,3.7,295.1,0.0
2026-05-14T16:00:00,12.05,0.089,-4.4,10.2,25.5,762.7,0.7,2.2,242.9,0.0
2026-05-14T16:30:00,11.99,-0.860,-5.1,9.8,28.8,762.7,1.9,3.1,238.0,0.0
2026-05-14T17:00:00,11.99,-0.365,7.9,9.0,29.4,762.6,0.3,0.7,347.4,0.0
2026-05-14T17:30:00,11.93,-0.902,4.6,8.7,32.6,762.7,0.5,1.1,0.0,0.0
2026-05-14T18:00:00,11.93,-1.275,-4.4,7.9,35.4,762.9,0.3,0.9,234.2,0.0
2026-05-14T18:30:00,11.93,-0.643,-4.4,7.8,36.8,762.9,0.4,1.3,201.2,0.0
2026-05-14T19:00:00,11.87,-0.797,-4.4,7.3,41.2,763.0,1.1,1.6,20.8,0.0
2026-05-14T19:30:00,11.87,-0.692,-4.7,6.7,40.5,763.0,1.6,3.0,28.5,0.0
2026-05-14T20:00:00,11.87,-0.184,-4.4,7.0,41.7,763.2,1.7,2.5,62.9,0.0
2026-05-14T20:30:00,11.87,-0.467,-5.4,5.8,46.1,763.1,2.7,4.5,13.6,0.0
2026-05-14T21:00:00,11.87,-0.779,-4.8,5.9,46.3,763.4,2.6,3.9,41.5,0.0
2026-05-14T21:30:00,11.84,-0.269,-5.0,5.7,46.8,763.4,2.5,3.8,47.6,0.0
2026-05-14T22:00:00,11.80,-0.574,-5.0,5.6,42.0,763.5,2.4,3.9,3.6,0.0
2026-05-14T22:30:00,11.80,-0.855,-5.1,6.9,39.4,763.6,2.5,3.8,63.9,0.0
2026-05-14T23:00:00,11.80,-0.498,-5.3,5.9,41.1,763.6,2.3,3.1,64.3,0.0
2026-05-14T23:30:00,11.80,-0.480,-5.1,4.7,48.2,763.5,2.8,4.0,32.4,0.0
2026-05-15T00:00:00,11.77,-0.272,-5.0,5.6,43.2,764.0,1.0,2.2,54.4,0.0
2026-05-15T00:30:00,11.74,-0.434,-5.3,4.2,48.9,763.8,3.0,5.2,17.8,0.0
2026-05-15T01:00:00,11.74,-0.465,-5.0,4.4,46.0,763.9,1.8,3.0,53.4,0.0
2026-05-15T01:30:00,11.74,-0.486,5.0,4.9,43.7,763.9,2.7,3.3,21.8,0.0
2026-05-15T02:00:00,11.74,-0.223,-4.8,3.8,49.8,763.8,2.6,3.8,41.5,0.0
2026-05-15T02:30:00,11.71,-0.218,5.3,4.5,43.9,763.4,2.6,3.5,32.8,0.0
2026-05-15T03:00:00,11.71,0.079,-5.0,5.0,41.6,763.3,3.1,4.4,16.0,0.0
2026-05-15T03:30:00,11.71,-0.403,5.5,3.6,52.1,763.1,2.7,4.0,23.9,0.0
2026-05-15T04:00:00,11.68,-0.743,-4.8,3.6,51.9,763.1,2.9,4.1,22.9,0.0
2026-05-15T04:30:00,11.68,-0.392,-4.9,4.2,46.7,763.0,2.5,3.8,25.8,0.0
2026-05-15T05:00:00,11.68,-0.305,4.8,5.0,42.8,762.7,2.1,3.0,7.3,0.0
2026-05-15T05:30:00,11.65,0.064,-4.8,4.8,43.7,762.5,1.8,2.7,63.4,0.0
2026-05-15T06:00:00,11.62,-0.360,-4.9,5.1,41.3,762.5,1.6,2.8,207.7,0.0
2026-05-15T06:30:00,11.62,-0.064,-4.8,4.8,43.4,762.6,1.4,2.7,31.0,0.0
2026-05-15T07:00:00,11.62,-0.592,-4.8,5.2,41.1,762.8,1.6,2.5,154.6,0.0
2026-05-15T07:30:00,11.62,-0.252,4.0,3.6,51.1,763.0,1.5,2.9,356.0,0.0
2026-05-15T08:00:00,11.62,-0.424,-4.7,4.4,44.7,762.8,2.0,3.9,356.7,0.0
2026-05-15T08:30:00,11.59,-0.700,4.9,4.0,50.9,762.8,2.3,3.8,45.2,0.0
2026-05-15T09:00:00,11.56,-0.376,-4.5,4.6,44.0,763.2,2.1,3.8,176.6,0.0
2026-05-15T09:30:00,11.62,-0.770,6.1,4.6,44.8,763.7,1.7,3.4,353.6,0.0
2026-05-15T10:00:00,11.62,-0.303,-4.6,4.6,47.0,763.8,2.7,4.0,25.0,0.0
2026-05-15T10:30:00,11.62,-0.421,-11.0,5.3,49.3,763.7,2.5,5.3,27.4,0.0
2026-05-15T11:00:00,11.68,-0.040,-4.9,5.6,55.8,763.8,4.6,6.8,339.2,0.0
2026-05-15T11:30:00,11.93,0.240,-4.9,6.4,50.0,763.5,2.5,4.3,34.9,0.0
2026-05-15T12:00:00,12.42,0.470,-4.4,6.9,50.5,763.2,2.5,4.1,349.9,0.0
2026-05-15T12:30:00,12.08,0.494,-5.1,7.1,48.3,763.1,0.6,1.8,298.8,0.0
2026-05-15T13:00:00,11.99,0.220,7.6,5.8,50.8,763.1,1.4,2.9,223.2,0.0
2026-05-15T13:30:00,11.96,-0.149,7.0,7.0,41.8,763.0,0.5,1.6,294.9,0.0
2026-05-15T14:00:00,11.96,0.122,-4.4,7.6,41.5,762.7,0.8,3.2,0.0,0.0
2026-05-15T14:30:00,11.93,0.075,-4.4,7.8,36.8,762.2,0.9,1.6,218.2,0.0
2026-05-15T15:00:00,11.93,0.030,-5.0,7.0,39.8,762.1,2.7,4.2,206.9,0.0
2026-05-15T15:30:00,11.93,-0.100,-5.1,6.8,41.8,761.9,1.0,2.3,205.3,0.0
2026-05-15T16:00:00,11.93,-0.212,-5.1,7.5,36.4,761.6,1.7,5.0,224.5,0.0
2026-05-15T16:30:00,11.87,-0.311,-4.9,5.1,51.6,761.8,3.2,4.8,205.8,0.0
2026-05-15T17:00:00,11.80,-0.280,-4.9,4.9,51.1,761.9,1.9,4.2,195.1,0.0
2026-05-15T17:30:00,11.74,-0.651,1.9,4.6,52.6,762.0,3.2,4.7,204.4,0.0
2026-05-15T18:00:00,11.74,-0.652,5.4,4.6,53.2,761.6,1.1,2.4,304.5,0.0
2026-05-15T18:30:00,11.71,-0.589,-4.4,5.7,46.9,761.4,1.8,3.3,61.5,0.0
2026-05-15T19:00:00,11.71,-0.537,-4.9,3.8,58.3,761.5,4.0,5.8,192.9,0.0
2026-05-15T19:30:00,11.68,-0.559,7.4,4.0,56.6,761.7,1.6,3.0,187.2,0.0
2026-05-15T20:00:00,11.65,-0.601,12.4,3.7,62.3,761.8,1.2,2.2,0.0,0.0
2026-05-15T20:30:00,11.62,-0.601,-4.4,4.9,49.4,761.8,3.1,4.5,328.3,0.0
2026-05-15T21:00:00,11.62,-0.641,8.2,3.7,59.8,761.8,0.7,2.0,0.0,0.0
2026-05-15T21:30:00,11.62,-0.233,-4.4,4.9,54.1,761.6,0.8,1.5,48.8,0.0
2026-05-15T22:00:00,11.59,-0.717,-5.4,3.0,58.9,761.7,3.6,5.6,192.6,0.0
2026-05-15T22:30:00,11.59,-0.563,-5.7,3.2,63.9,761.7,3.0,4.8,31.3,0.1
2026-05-15T23:00:00,11.56,-0.503,-5.5,4.2,60.3,761.5,1.1,2.1,6.9,0.0
2026-05-15T23:30:00,11.56,-0.382,-4.9,2.9,61.6,761.7,3.0,4.5,180.1,0.0
2026-05-16T00:00:00,11.56,-0.954,-4.7,3.4,53.8,761.8,1.1,2.8,151.5,0.0
2026-05-16T00:30:00,11.56,-0.852,9.2,3.1,57.8,761.4,0.8,1.8,296.6,0.0
2026-05-16T01:00:00,11.50,-0.943,9.4,3.3,57.6,761.2,0.9,1.9,60.1,0.0
2026-05-16T01:30:00,11.50,-1.303,9.2,3.0,61.4,761.0,0.8,1.6,302.1,0.0
2026-05-16T02:00:00,11.50,-1.204,8.5,2.9,61.7,761.1,1.2,1.9,193.7,0.0
2026-05-16T02:30:00,11.50,-0.644,3.7,1.6,65.7,760.9,0.4,1.2,0.0,0.0
2026-05-16T03:00:00,11.46,-1.006,3.7,2.4,60.6,760.5,1.4,2.3,68.0,0.0
2026-05-16T03:30:00,11.43,-0.564,-4.6,2.1,60.7,760.5,2.0,4.4,196.3,0.0
2026-05-16T04:00:00,11.43,-0.890,3.3,1.7,57.8,760.2,0.6,1.3,0.0,0.0
2026-05-16T04:30:00,11.43,-0.837,3.4,1.7,56.5,759.9,1.1,2.0,41.7,0.0
2026-05-16T05:00:00,11.43,-0.825,3.3,1.3,58.8,759.7,1.1,1.4,350.1,0.0
2026-05-16T05:30:00,11.37,-1.076,3.8,0.8,64.3,759.8,0.0,1.7,0.0,0.0
2026-05-16T06:00:00,11.37,-1.079,9.8,0.5,64.1,759.7,1.7,3.6,171.3,0.0
2026-05-16T06:30:00,11.37,-0.769,3.9,0.4,62.2,759.5,1.4,2.7,19.3,0.0
2026-05-16T07:00:00,11.37,-1.086,4.0,0.4,58.7,759.6,1.6,3.3,166.9,0.0
2026-05-16T07:30:00,11.34,-1.072,-6.5,0.2,57.5,759.5,2.0,4.0,13.8,0.0
2026-05-16T08:00:00,11.31,-1.441,-1.4,0.4,55.2,759.7,1.2,2.5,200.0,0.0
2026-05-16T08:30:00,11.31,-0.632,-10.3,-0.3,63.5,759.7,2.6,3.7,44.1,0.0
2026-05-16T09:00:00,11.31,-1.077,-9.8,-0.4,62.1,759.8,2.5,3.6,42.1,0.0
2026-05-16T09:30:00,11.31,-1.108,-9.2,0.2,55.1,759.8,2.3,3.2,346.7,0.0
2026-05-16T10:00:00,12.36,-0.390,-6.3,1.7,51.9,759.8,1.2,2.6,61.5,0.0
2026-05-16T10:30:00,12.48,-0.202,-4.8,2.5,41.4,759.9,1.1,2.5,3.9,0.0
2026-05-16T11:00:00,12.55,-0.929,-5.5,3.5,38.2,759.9,5.0,6.9,24.9,0.0
2026-05-16T11:30:00,12.67,-0.160,-5.2,4.2,35.2,760.2,1.9,4.5,331.4,0.0
2026-05-16T12:00:00,12.73,0.576,-5.2,4.3,33.6,760.0,3.1,5.9,0.8,0.0
2026-05-16T12:30:00,12.79,0.612,-5.4,4.1,28.8,760.0,4.1,5.7,330.1,0.0
2026-05-16T13:00:00,12.79,0.293,-5.1,5.0,25.4,759.8,3.4,5.2,340.7,0.0
2026-05-16T13:30:00,12.85,0.753,-5.0,5.5,24.5,759.7,3.0,4.8,339.1,0.0
2026-05-16T14:00:00,12.85,0.304,-5.4,5.5,23.4,759.6,2.9,4.7,350.5,0.0
2026-05-16T14:30:00,12.85,0.704,-5.1,5.8,26.4,759.4,3.4,6.3,4.7,0.0
2026-05-16T15:00:00,12.85,-0.249,-5.1,6.1,23.3,759.4,2.4,4.6,2.6,0.0
2026-05-16T15:30:00,12.48,0.280,-5.1,5.5,25.1,759.4,2.4,4.0,344.2,0.0
2026-05-16T16:00:00,12.24,-0.807,-5.1,4.6,26.8,759.3,3.6,5.0,339.7,0.0
2026-05-16T16:30:00,12.21,-0.601,-5.1,4.7,26.8,759.4,3.0,4.2,341.5,0.0
2026-05-16T17:00:00,12.18,-0.825,-4.9,4.2,28.4,759.4,3.4,5.0,339.2,0.0
2026-05-16T17:30:00,12.14,-1.036,-4.7,3.9,31.6,759.7,1.5,3.9,323.1,0.0
2026-05-16T18:00:00,12.11,-1.263,-4.8,3.6,34.6,759.8,0.0,1.6,13.7,0.0
2026-05-16T18:30:00,12.11,-0.706,-4.9,3.3,33.9,760.1,1.1,2.2,349.5,0.0
2026-05-16T19:00:00,12.11,-1.062,-4.8,3.0,36.1,760.3,1.3,2.5,357.2,0.0
2026-05-16T19:30:00,12.05,-0.920,-4.9,2.4,32.6,760.5,2.6,3.6,17.0,0.0
2026-05-16T20:00:00,12.05,-0.958,-4.8,3.1,21.7,760.8,1.8,3.2,14.7,0.0
2026-05-16T20:30:00,12.05,-1.152,-5.0,3.3,18.2,761.0,3.6,5.3,35.4,0.0
2026-05-16T21:00:00,12.05,-0.353,-4.9,3.1,17.9,761.1,3.9,7.1,40.1,0.0
2026-05-16T21:30:00,12.05,-0.737,-4.9,3.2,15.6,761.1,5.4,7.6,40.9,0.0
2026-05-16T22:00:00,11.99,-0.261,-4.9,3.0,15.8,761.3,5.1,7.9,42.5,0.0
2026-05-16T22:30:00,11.99,-0.265,-5.0,2.4,17.1,761.4,4.8,7.6,38.7,0.0
2026-05-16T23:00:00,11.99,-0.185,-7.3,2.7,13.8,761.3,6.6,9.2,41.8,0.0
2026-05-16T23:30:00,11.99,0.075,-5.6,3.6,13.0,761.5,5.9,9.7,25.0,0.0
2026-05-17T00:00:00,11.99,-0.568,-5.8,2.5,13.9,761.4,5.8,9.0,43.2,0.0
2026-05-17T00:30:00,11.93,-0.564,-6.0,3.1,12.6,761.4,5.5,7.5,43.3,0.0
2026-05-17T01:00:00,11.93,-0.684,-5.7,3.1,11.5,761.3,4.9,7.8,35.6,0.0
2026-05-17T01:30:00,11.93,-0.252,-6.0,4.0,9.1,761.4,5.8,8.2,50.7,0.0
2026-05-17T02:00:00,11.93,-0.546,-5.6,3.9,10.7,761.4,5.8,8.6,52.0,0.0
2026-05-17T02:30:00,11.93,-0.277,-5.8,3.9,10.3,761.5,4.8,7.4,39.8,0.0
2026-05-17T03:00:00,11.93,0.077,-5.9,4.7,8.8,761.3,5.5,7.7,46.2,0.0
2026-05-17T03:30:00,11.93,-0.407,-5.8,4.9,9.1,761.0,6.0,8.8,43.0,0.0
2026-05-17T04:00:00,11.87,-0.547,-5.9,5.1,9.8,761.2,3.1,7.0,47.2,0.0
2026-05-17T04:30:00,11.87,-0.586,-6.0,2.8,17.8,761.2,2.3,4.6,359.7,0.0
2026-05-17T05:00:00,11.87,-0.370,-5.5,2.1,20.4,760.9,1.8,4.0,346.6,0.0
2026-05-17T05:30:00,11.96,-0.559,-5.1,3.1,14.5,761.0,1.5,3.1,340.5,0.0
2026-05-17T06:00:00,11.87,-0.491,-5.8,1.8,23.2,760.9,2.5,3.7,20.6,0.0
2026-05-17T06:30:00,11.87,-0.208,-6.0,5.8,9.5,760.6,5.3,8.6,52.8,0.0
2026-05-17T07:00:00,11.84,-0.467,-5.3,4.0,11.0,761.0,1.5,2.9,150.1,0.0
2026-05-17T07:30:00,11.80,-0.601,-5.6,2.1,19.4,761.2,1.2,3.2,351.5,0.0
2026-05-17T08:00:00,11.80,-0.463,-5.6,2.5,17.2,761.6,1.4,2.0,47.6,0.0
2026-05-17T08:30:00,11.80,-0.264,-5.9,0.2,29.5,762.0,2.7,4.7,23.5,0.0
2026-05-17T09:00:00,11.80,-0.783,-6.0,2.0,21.0,762.1,2.3,3.6,24.6,0.0
2026-05-17T09:30:00,11.80,-0.757,-6.7,-0.2,34.1,762.5,3.0,3.8,27.6,0.0
2026-05-17T10:00:00,12.79,-0.618,-7.4,2.4,26.5,762.7,3.1,4.1,20.7,0.0
2026-05-17T10:30:00,12.95,-0.164,-3.1,4.9,18.7,762.9,1.8,2.7,51.1,0.0
2026-05-17T11:00:00,13.13,-0.022,-5.3,5.5,20.4,763.0,2.9,3.8,25.7,0.0
2026-05-17T11:30:00,13.23,0.787,-5.4,7.3,16.8,763.0,1.5,2.6,17.6,0.0
2026-05-17T12:00:00,13.29,1.140,-5.9,7.8,11.1,763.1,1.1,1.9,194.0,0.0
2026-05-17T12:30:00,13.32,1.217,-5.1,8.2,14.7,763.1,1.7,3.6,349.5,0.0
2026-05-17T13:00:00,13.32,1.605,-5.1,8.2,8.6,763.1,3.0,4.8,207.1,0.0
2026-05-17T13:30:00,13.32,1.113,-5.4,8.4,8.4,763.2,2.0,3.5,210.6,0.0
2026-05-17T14:00:00,13.32,1.123,-5.1,9.4,6.8,763.1,1.1,2.8,206.7,0.0
2026-05-17T14:30:00,13.32,0.809,-5.4,9.4,9.4,763.2,1.4,2.8,208.2,0.0
2026-05-17T15:00:00,13.26,0.862,-5.8,9.3,8.8,763.0,1.7,2.7,220.2,0.0
2026-05-17T15:30:00,12.73,0.678,-5.1,8.8,13.6,763.0,1.2,2.2,285.0,0.0
2026-05-17T16:00:00,12.61,0.061,-5.8,8.0,16.3,762.9,0.8,1.5,257.8,0.0
2026-05-17T16:30:00,12.55,-0.785,-5.7,7.4,14.0,763.2,0.9,2.0,233.3,0.0
2026-05-17T17:00:00,12.55,-0.772,-5.7,7.0,20.6,763.2,1.7,2.5,358.1,0.0
2026-05-17T17:30:00,12.52,-0.810,-5.8,6.3,23.3,763.3,2.1,3.2,24.4,0.0
2026-05-17T18:00:00,12.48,-0.660,-5.8,5.6,23.4,763.4,2.1,2.8,24.2,0.0
2026-05-17T18:30:00,12.48,-0.032,-5.9,5.7,24.4,763.4,2.1,3.2,48.4,0.0
2026-05-17T19:00:00,12.45,-0.271,-5.8,5.6,23.7,763.8,1.8,2.8,34.0,0.0
2026-05-17T19:30:00,12.42,-0.434,-5.9,4.4,32.1,764.0,2.5,3.4,38.8,0.0
2026-05-17T20:00:00,12.42,-0.795,-5.8,4.6,26.4,764.0,3.2,3.9,26.5,0.0
2026-05-17T20:30:00,12.42,-0.697,-5.7,4.8,24.5,763.9,2.7,3.8,2.7,0.0
2026-05-17T21:00:00,12.42,-0.228,-5.6,4.2,27.4,763.9,2.5,3.5,45.5,0.0
2026-05-17T21:30:00,12.36,0.205,-5.2,3.1,32.7,764.1,2.7,3.4,47.1,0.0
2026-05-17T22:00:00,12.36,-0.490,-5.3,3.3,32.8,764.3,2.9,4.1,21.9,0.0
2026-05-17T22:30:00,12.36,-0.135,-5.1,3.0,36.7,764.3,3.3,4.5,11.9,0.0
2026-05-17T23:00:00,12.36,0.038,-5.3,3.6,29.3,764.4,2.9,3.9,28.4,0.0
2026-05-17T23:30:00,12.33,-0.521,-5.1,3.9,27.5,764.5,3.6,4.5,15.4,0.0
2026-05-18T00:00:00,12.33,0.215,-5.2,3.3,33.7,764.4,3.7,5.0,9.5,0.0
2026-05-18T00:30:00,12.30,0.107,-5.1,3.5,31.9,764.5,3.7,5.7,14.4,0.0
2026-05-18T01:00:00,12.30,-0.771,-5.1,3.6,32.4,764.5,3.3,4.9,15.8,0.0
2026-05-18T01:30:00,12.30,-0.900,-5.1,3.9,30.7,764.4,3.5,5.4,13.0,0.0
2026-05-18T02:00:00,12.30,-0.600,-5.3,3.8,24.8,764.4,3.5,5.6,14.1,0.0
2026-05-18T02:30:00,12.30,-0.630,-5.1,3.6,28.5,764.2,3.7,5.2,8.0,0.0
2026-05-18T03:00:00,12.27,-0.392,-5.2,4.5,25.7,764.1,4.4,6.8,8.2,0.0
2026-05-18T03:30:00,12.24,-0.239,-5.1,4.4,21.8,764.1,4.2,5.6,9.7,0.0
2026-05-18T04:00:00,12.24,-0.111,-5.0,3.9,24.3,764.0,3.9,5.7,0.7,0.0
2026-05-18T04:30:00,12.24,0.254,-5.1,3.6,25.1,764.0,3.2,5.1,8.7,0.0
2026-05-18T05:00:00,12.24,-0.412,-5.0,3.3,28.5,763.8,3.3,4.8,12.1,0.0
2026-05-18T05:30:00,12.24,0.009,-4.9,4.1,22.6,763.8,3.6,5.2,7.6,0.0
2026-05-18T06:00:00,12.21,0.018,-5.1,3.6,23.8,763.7,3.3,4.9,15.5,0.0
2026-05-18T06:30:00,12.21,-0.017,-5.2,3.6,25.1,763.8,3.1,3.9,16.2,0.0
2026-05-18T07:00:00,12.21,0.164,-5.0,3.4,25.9,763.7,3.8,4.7,16.0,0.0
2026-05-18T07:30:00,12.21,0.107,-5.2,3.6,26.0,763.6,3.3,4.7,16.8,0.0
2026-05-18T08:00:00,12.18,-0.424,-5.4,3.1,23.5,763.8,2.6,3.7,23.4,0.0
2026-05-18T08:30:00,12.18,-0.147,-5.4,4.7,17.8,764.0,2.4,2.9,33.7,0.0
2026-05-18T09:00:00,12.18,-0.261,-5.2,2.9,23.6,764.3,2.8,3.5,30.8,0.0
2026-05-18T09:30:00,12.18,-0.567,-5.3,2.4,27.2,764.4,2.9,3.8,31.9,0.0
2026-05-18T10:00:00,13.26,-0.578,-4.6,4.5,23.5,764.6,3.7,4.9,24.0,0.0
2026-05-18T10:30:00,13.35,-0.099,-4.4,6.3,21.9,764.7,2.8,3.9,11.7,0.0
2026-05-18T11:00:00,13.23,0.421,-5.8,8.2,14.8,765.0,2.7,3.8,350.8,0.0
2026-05-18T11:30:00,13.91,0.696,-5.1,8.7,14.3,764.9,2.7,3.5,347.5,0.0
2026-05-18T12:00:00,13.32,1.119,-5.3,9.3,14.4,765.0,2.7,4.1,349.6,0.0
2026-05-18T12:30:00,13.26,1.577,-5.2,10.0,13.3,765.1,3.0,4.4,341.8,0.0
2026-05-18T13:00:00,13.35,1.067,-3.4,10.8,13.7,765.1,2.4,4.7,332.8,0.0
2026-05-18T13:30:00,13.32,1.900,6.9,11.1,13.8,765.0,2.5,3.9,334.9,0.0
2026-05-18T14:00:00,13.32,1.074,-5.9,11.0,11.9,764.9,3.2,4.8,335.6,0.0
2026-05-18T14:30:00,13.44,1.009,-5.8,11.2,12.8,764.6,3.3,4.7,337.3,0.0
2026-05-18T15:00:00,13.75,0.053,-6.2,11.5,11.1,764.5,3.4,5.1,340.8,0.0
2026-05-18T15:30:00,12.82,0.841,-6.3,10.3,11.1,764.5,1.4,3.3,297.4,0.0
2026-05-18T16:00:00,12.73,-0.161,-6.2,9.5,14.6,764.5,1.5,3.9,332.1,0.0
2026-05-18T16:30:00,12.70,-0.503,-6.2,9.0,14.9,764.4,2.6,4.3,348.6,0.0
2026-05-18T17:00:00,12.67,-0.507,-6.1,8.9,15.2,764.5,2.6,4.0,347.8,0.0
2026-05-18T17:30:00,12.67,-0.436,-6.2,8.3,17.7,764.6,1.6,3.5,41.3,0.0
2026-05-18T18:00:00,12.61,-0.144,2.5,7.6,17.9,764.6,2.4,3.7,10.5,0.0
2026-05-18T18:30:00,12.61,-0.480,-5.8,7.0,20.4,764.7,2.6,4.0,28.8,0.0
2026-05-18T19:00:00,12.61,-0.214,-5.8,6.7,23.5,764.7,2.6,4.1,28.1,0.0
2026-05-18T19:30:00,12.58,0.336,-5.5,6.1,22.5,764.9,3.2,4.7,30.9,0.0
2026-05-18T20:00:00,12.55,0.194,-5.7,6.7,19.3,765.0,3.4,4.1,20.3,0.0
2026-05-18T20:30:00,12.55,-0.169,-5.7,4.4,32.1,765.1,3.5,4.7,23.4,0.0
2026-05-18T21:00:00,12.55,-0.306,-5.8,4.7,28.3,765.1,3.7,5.3,2.0,0.0
2026-05-18T21:30:00,12.52,-0.674,-5.8,5.1,24.0,765.0,3.9,5.2,16.8,0.0
2026-05-18T22:00:00,12.48,-0.493,-5.7,4.2,27.5,765.3,3.8,5.0,28.2,0.0
2026-05-18T22:30:00,12.48,0.380,-5.6,5.0,22.9,765.4,4.3,5.8,13.7,0.0
2026-05-18T23:00:00,12.48,-0.293,-5.8,3.8,28.3,765.4,3.9,5.6,15.2,0.0
2026-05-18T23:30:00,12.48,-0.439,-5.7,4.3,25.9,765.4,4.0,5.6,12.7,0.0
2026-05-19T00:00:00,12.48,-0.659,-5.6,4.6,21.5,765.7,4.3,6.5,25.9,0.0
2026-05-19T00:30:00,12.42,-0.279,-5.5,3.8,23.7,765.5,4.0,6.4,16.4,0.0
2026-05-19T01:00:00,12.42,-0.212,-5.6,3.8,24.0,765.4,4.0,5.7,19.4,0.0
2026-05-19T01:30:00,12.42,0.525,-5.6,3.8,24.0,765.4,3.5,4.6,30.5,0.0
2026-05-19T02:00:00,12.42,-0.311,-5.5,4.6,20.8,765.3,3.6,4.5,20.8,0.0
2026-05-19T02:30:00,12.42,0.088,-5.5,5.1,19.4,765.2,3.4,5.9,27.3,0.0
2026-05-19T03:00:00,12.39,0.174,-5.3,5.4,18.5,765.2,3.8,5.6,9.1,0.0
2026-05-19T03:30:00,12.36,0.042,-5.5,3.8,24.1,765.1,3.4,5.4,18.7,0.0
2026-05-19T04:00:00,12.36,-0.222,-5.5,3.6,25.3,764.9,3.8,5.7,9.9,0.0
2026-05-19T04:30:00,12.36,0.351,-5.4,3.8,20.8,764.8,3.8,5.1,19.0,0.0
2026-05-19T05:00:00,12.36,0.354,-5.6,2.5,26.9,764.6,3.2,4.4,15.9,0.0
2026-05-19T05:30:00,12.36,0.033,-5.5,3.9,20.9,764.5,3.8,5.6,20.2,0.0
2026-05-19T06:00:00,12.36,-0.181,-5.3,4.2,20.0,764.4,4.0,5.6,14.9,0.0
2026-05-19T06:30:00,12.33,0.261,-5.4,4.0,21.4,764.3,4.0,5.8,17.1,0.0
2026-05-19T07:00:00,12.30,0.269,-5.3,4.8,18.7,764.2,4.0,5.7,12.2,0.0
2026-05-19T07:30:00,12.30,-0.044,-5.4,4.3,21.1,764.4,3.5,4.7,8.9,0.0
2026-05-19T08:00:00,12.30,-0.264,-5.2,2.9,23.1,764.4,3.9,5.2,5.4,0.0
2026-05-19T08:30:00,12.30,-0.554,-5.3,3.6,20.7,764.5,3.5,5.3,12.8,0.0
2026-05-19T09:00:00,12.30,-0.426,-5.4,3.8,22.3,764.6,4.0,5.1,20.9,0.0
2026-05-19T09:30:00,12.30,-0.095,-5.2,4.1,21.5,764.6,3.7,5.4,19.9,0.0
2026-05-19T10:00:00,13.60,-0.433,-5.4,5.8,18.9,764.8,4.1,5.2,15.1,0.0
2026-05-19T10:30:00,13.38,0.466,-5.8,7.4,15.9,765.0,2.4,3.8,8.3,0.0
2026-05-19T11:00:00,13.35,0.913,-5.6,8.9,13.0,765.1,2.6,3.8,9.1,0.0
2026-05-19T11:30:00,13.44,1.054,-5.5,9.4,13.6,765.2,3.1,5.2,2.2,0.0
2026-05-19T12:00:00,13.69,1.052,-5.6,10.1,12.3,765.1,4.2,6.4,342.9,0.0
2026-05-19T12:30:00,13.35,0.893,-5.6,10.6,10.6,765.0,4.5,6.0,341.8,0.0
2026-05-19T13:00:00,13.38,1.460,-6.1,10.9,12.6,764.9,4.3,6.5,344.4,0.0
2026-05-19T13:30:00,13.38,0.832,-6.3,11.7,10.5,764.7,3.9,6.2,348.4,0.0
2026-05-19T14:00:00,13.38,0.919,-6.1,11.4,10.6,764.7,4.6,6.4,341.1,0.0
2026-05-19T14:30:00,14.24,0.933,-5.8,11.7,11.2,764.4,4.7,6.3,341.8,0.0
2026-05-19T15:00:00,13.50,0.393,-5.9,11.8,10.8,764.0,4.8,6.8,344.1,0.0
2026-05-19T15:30:00,12.85,0.593,-5.9,10.7,12.0,763.8,4.3,6.3,345.2,0.0
2026-05-19T16:00:00,12.79,-0.036,-5.8,10.0,12.2,764.0,4.2,5.9,342.7,0.0
2026-05-19T16:30:00,12.73,-0.737,-5.7,10.0,13.1,764.1,3.2,6.2,338.3,0.0
2026-05-19T17:00:00,12.70,-0.670,-5.6,9.5,13.2,764.2,2.9,4.7,352.2,0.0
2026-05-19T17:30:00,12.70,0.054,-5.4,9.0,16.0,764.2,2.1,3.8,18.7,0.0
2026-05-19T18:00:00,12.67,-0.172,-5.6,8.0,21.5,764.2,2.6,4.1,23.6,0.0
2026-05-19T18:30:00,12.64,-0.079,-5.7,7.9,18.9,764.3,2.6,4.2,38.5,0.0
2026-05-19T19:00:00,12.61,-0.551,-5.7,6.7,22.6,764.5,2.9,4.0,33.8,0.0
2026-05-19T19:30:00,12.61,0.265,-5.8,6.5,21.4,764.5,3.7,4.8,19.0,0.0
2026-05-19T20:00:00,12.61,-0.074,-5.7,5.8,24.5,764.4,4.2,6.2,9.9,0.0
2026-05-19T20:30:00,12.58,-0.659,-5.6,6.7,20.4,764.4,3.4,5.5,5.3,0.0
2026-05-19T21:00:00,12.55,-0.012,-5.6,7.2,18.8,764.3,3.5,4.5,25.5,0.0
2026-05-19T21:30:00,12.55,0.038,-5.7,7.1,17.3,764.4,3.4,4.8,6.7,0.0
2026-05-19T22:00:00,12.55,-0.350,-5.8,5.8,22.4,764.3,3.7,5.2,5.3,0.0
2026-05-19T22:30:00,12.55,0.045,-5.7,8.6,13.9,764.2,4.1,5.9,53.9,0.0
2026-05-19T23:00:00,12.55,0.529,7.8,9.2,13.0,764.2,5.0,7.1,54.9,0.0
2026-05-19T23:30:00,12.52,0.222,-5.5,9.1,13.1,764.3,5.0,7.5,59.2,0.0
2026-05-20T00:00:00,12.48,0.539,-5.4,9.1,13.1,764.4,5.9,9.5,20.2,0.0
2026-05-20T00:30:00,12.48,-0.011,-5.7,9.8,11.9,764.2,8.1,12.6,9.2,0.0
2026-05-20T01:00:00,12.48,0.059,-5.9,9.3,13.1,764.2,6.9,9.8,10.0,0.0
2026-05-20T01:30:00,12.48,0.358,-5.9,9.7,12.0,764.2,7.5,10.4,11.7,0.0
2026-05-20T02:00:00,12.48,0.447,-5.8,9.8,11.4,764.1,7.4,10.7,13.4,0.0
2026-05-20T02:30:00,12.45,0.214,-5.7,8.3,14.4,764.0,5.4,9.6,23.0,0.0
2026-05-20T03:00:00,12.42,0.400,-5.9,8.2,14.5,763.8,5.5,8.2,22.7,0.0
2026-05-20T03:30:00,12.42,0.166,-5.8,8.1,12.2,763.5,5.2,7.6,28.2,0.0
2026-05-20T04:00:00,12.42,0.379,-5.6,8.7,13.2,763.4,5.5,9.1,24.7,0.0
2026-05-20T04:30:00,12.42,0.192,-5.8,9.3,10.0,763.2,5.6,8.5,28.6,0.0
2026-05-20T05:00:00,12.42,0.250,-5.5,8.7,12.1,763.1,5.0,8.0,33.5,0.0
2026-05-20T05:30:00,12.36,0.258,-5.6,8.4,12.6,762.9,5.4,9.1,19.9,0.0
2026-05-20T06:00:00,12.36,-0.254,-5.4,8.0,12.1,762.7,5.5,7.9,41.9,0.0
2026-05-20T06:30:00,12.36,0.474,-5.7,8.2,11.5,762.7,5.0,8.1,32.2,0.0
2026-05-20T07:00:00,12.36,0.256,-5.8,8.3,10.7,762.5,5.5,9.7,30.7,0.0
2026-05-20T07:30:00,12.36,0.393,-5.7,8.2,11.1,762.4,6.3,9.0,48.5,0.0
2026-05-20T08:00:00,12.36,-0.006,-6.0,8.2,11.2,762.5,6.2,8.4,48.3,0.0
2026-05-20T08:30:00,12.33,0.120,-5.7,9.0,9.3,762.6,6.5,8.7,35.1,0.0
2026-05-20T09:00:00,12.33,0.520,-5.8,8.1,10.8,762.6,6.3,10.0,35.7,0.0
2026-05-20T09:30:00,12.33,0.347,-5.8,8.8,9.9,762.7,6.1,9.2,46.1,0.0
2026-05-20T10:00:00,13.32,-0.181,-5.7,10.4,9.0,762.9,6.6,11.0,27.7,0.0
2026-05-20T10:30:00,13.41,-0.056,-5.5,10.9,9.7,762.9,5.3,7.9,40.7,0.0
2026-05-20T11:00:00,14.12,-0.016,-5.4,11.5,9.6,763.0,5.1,7.7,47.4,0.0
2026-05-20T11:30:00,13.38,0.675,-5.4,12.2,9.7,763.0,5.3,7.1,22.1,0.0
2026-05-20T12:00:00,13.29,1.328,-5.5,12.6,11.2,762.9,4.9,7.7,9.5,0.0
2026-05-20T12:30:00,13.32,1.131,-5.6,12.4,7.8,762.7,4.4,7.1,349.1,0.0
2026-05-20T13:00:00,13.44,1.258,-5.8,12.7,9.0,762.6,4.2,6.2,340.5,0.0
2026-05-20T13:30:00,13.32,1.172,-5.8,13.5,8.3,762.6,4.0,7.1,342.2,0.0
2026-05-20T14:00:00,13.44,0.629,-5.8,13.1,8.8,762.3,5.3,6.8,342.9,0.0
2026-05-20T14:30:00,13.63,0.439,-6.0,13.3,10.5,762.0,4.7,6.6,343.1,0.0
2026-05-20T15:00:00,13.44,0.837,-6.1,13.5,8.2,762.1,4.2,6.0,346.8,0.0
2026-05-20T15:30:00,12.89,0.763,-6.3,12.7,9.3,762.0,1.5,3.1,298.1,0.0
2026-05-20T16:00:00,12.79,0.240,-5.9,11.5,11.6,761.9,4.1,6.2,336.2,0.0
2026-05-20T16:30:00,12.79,-0.036,-5.7,11.1,11.1,761.9,4.9,7.5,337.3,0.0
2026-05-20T17:00:00,12.76,-0.311,-5.8,10.9,13.6,761.9,3.9,5.3,11.6,0.0
2026-05-20T17:30:00,12.73,-0.173,-5.7,10.6,15.4,761.8,4.0,5.9,17.9,0.0
2026-05-20T18:00:00,12.73,-0.261,-5.7,10.2,15.3,761.8,4.2,6.5,16.0,0.0
2026-05-20T18:30:00,12.70,0.140,-5.5,10.9,14.3,761.9,4.7,7.2,20.1,0.0
2026-05-20T19:00:00,12.70,0.131,-5.5,9.5,17.5,761.9,4.1,6.6,22.3,0.0
2026-05-20T19:30:00,12.67,-0.095,-5.8,10.6,14.6,761.8,4.9,8.0,20.0,0.0
2026-05-20T20:00:00,12.67,0.189,-5.7,9.7,18.7,761.9,5.3,8.4,25.5,0.0
2026-05-20T20:30:00,12.64,-0.138,-5.6,9.7,16.7,761.9,5.0,8.0,24.8,0.0
2026-05-20T21:00:00,12.61,0.021,-5.6,8.8,19.5,761.9,4.8,7.6,27.2,0.0
2026-05-20T21:30:00,12.61,-0.188,-5.8,10.2,14.9,761.9,5.6,8.4,47.0,0.0
2026-05-20T22:00:00,12.70,0.127,-5.6,9.8,15.5,761.8,6.3,9.2,49.9,0.0
2026-05-20T22:30:00,12.61,0.700,-5.8,9.2,16.5,761.8,6.9,9.2,52.8,0.0
2026-05-20T23:00:00,12.61,0.660,-5.8,10.1,15.3,761.7,7.3,11.5,30.9,0.0
2026-05-20T23:30:00,12.58,0.798,-5.8,9.1,17.1,761.7,8.1,11.5,32.2,0.0
2026-05-21T00:00:00,12.55,0.537,-5.9,9.3,16.3,761.3,8.1,12.2,38.8,0.0
2026-05-21T00:30:00,12.55,0.596,-6.0,8.9,17.8,761.2,7.4,10.8,39.8,0.0
2026-05-21T01:00:00,12.55,0.524,-5.9,9.5,12.9,761.0,7.0,10.5,53.3,0.0
2026-05-21T01:30:00,12.55,0.862,-5.9,9.2,13.5,760.8,6.1,9.6,45.7,0.0
2026-05-21T02:00:00,12.55,0.209,-5.8,9.8,11.2,760.5,6.2,9.0,49.1,0.0
2026-05-21T02:30:00,12.52,0.665,-6.0,10.3,10.1,760.4,6.2,9.4,56.1,0.0
2026-05-21T03:00:00,12.48,0.173,-5.9,10.4,9.3,760.3,6.1,8.4,51.8,0.0
2026-05-21T03:30:00,12.48,0.235,-5.9,10.3,9.8,760.4,4.4,7.1,49.4,0.0
2026-05-21T04:00:00,12.48,0.082,-6.1,8.2,18.1,760.3,2.4,4.3,8.9,0.0
2026-05-21T04:30:00,12.48,-0.015,-6.0,8.4,16.2,760.2,1.9,3.1,54.2,0.0
2026-05-21T05:00:00,12.45,0.810,-6.4,7.4,19.3,760.2,2.7,3.5,34.4,0.0
2026-05-21T05:30:00,12.42,0.139,-6.1,6.1,26.4,760.4,2.8,3.9,43.4,0.0
2026-05-21T06:00:00,12.42,0.094,-6.0,5.6,30.2,760.4,3.6,4.9,15.7,0.0
2026-05-21T06:30:00,12.42,0.176,-5.9,7.5,19.4,760.4,3.8,5.6,358.6,0.0
2026-05-21T07:00:00,12.42,0.493,-5.9,7.3,18.4,760.4,4.3,6.7,2.7,0.0
2026-05-21T07:30:00,12.36,0.718,-5.8,6.1,24.2,760.5,3.9,5.9,11.9,0.0
2026-05-21T08:00:00,12.36,0.461,-3.1,6.4,23.3,760.7,3.1,4.6,12.8,0.0
2026-05-21T08:30:00,12.36,-0.033,5.8,6.2,22.1,761.0,1.9,4.3,30.7,0.0
2026-05-21T09:00:00,12.36,0.269,5.2,6.0,27.0,761.1,3.5,5.6,10.2,0.0
2026-05-21T09:30:00,12.36,-0.141,4.6,6.2,22.7,761.3,4.0,5.6,9.1,0.0
2026-05-21T10:00:00,13.63,0.901,-5.8,7.4,22.4,761.4,4.1,5.9,5.7,0.0
2026-05-21T10:30:00,13.32,0.454,-6.2,8.6,20.5,761.7,3.4,4.9,6.7,0.0
2026-05-21T11:00:00,13.32,1.149,4.8,9.4,18.1,761.8,3.5,5.0,355.1,0.0
2026-05-21T11:30:00,13.32,1.589,-5.8,10.1,16.3,762.0,2.6,4.1,11.4,0.0
2026-05-21T12:00:00,13.38,1.931,-5.7,10.7,16.0,762.4,2.1,4.1,355.6,0.0
2026-05-21T12:30:00,13.53,1.808,-5.8,10.9,15.1,762.5,2.9,4.3,337.2,0.0
2026-05-21T13:00:00,13.69,1.969,-5.6,11.4,14.3,762.5,2.6,4.2,336.6,0.0
2026-05-21T13:30:00,13.38,1.446,2.3,11.5,14.8,762.3,3.2,5.0,336.4,0.0
2026-05-21T14:00:00,13.35,1.113,-5.6,12.0,13.0,762.2,2.3,3.6,335.7,0.0
2026-05-21T14:30:00,13.38,1.407,-5.1,12.5,12.0,762.2,1.3,3.7,229.9,0.0
2026-05-21T15:00:00,13.50,0.825,-6.0,12.2,12.1,762.0,1.2,2.6,209.9,0.0
2026-05-21T15:30:00,12.92,0.752,-5.7,11.1,12.2,761.9,1.1,2.9,220.8,0.0
2026-05-21T16:00:00,12.82,-0.027,-5.4,10.2,18.2,761.8,1.6,2.7,207.1,0.0
2026-05-21T16:30:00,12.79,-0.454,-5.2,9.4,17.5,762.0,0.5,1.4,235.6,0.0
2026-05-21T17:00:00,12.76,-0.735,-5.2,9.1,18.8,762.2,2.0,3.1,335.4,0.0
2026-05-21T17:30:00,12.73,-0.335,-5.3,8.7,19.7,762.4,1.7,3.0,7.9,0.0
2026-05-21T18:00:00,12.73,-0.177,-5.2,8.3,21.2,762.5,1.9,3.7,14.7,0.0
2026-05-21T18:30:00,12.70,-0.127,-5.2,7.8,24.8,762.8,1.2,3.5,14.7,0.0
2026-05-21T19:00:00,12.67,-0.423,-5.2,7.6,24.3,762.9,2.2,3.6,30.9,0.0
2026-05-21T19:30:00,12.67,0.021,-5.2,6.9,26.9,763.2,1.6,2.7,30.7,0.0
2026-05-21T20:00:00,12.64,-0.176,-5.3,6.2,31.0,763.4,2.2,3.0,29.2,0.0
2026-05-21T20:30:00,12.61,0.483,-5.3,6.4,28.4,763.6,2.2,3.3,33.5,0.0
2026-05-21T21:00:00,12.61,-0.176,-5.4,5.4,32.4,763.6,3.6,5.0,14.1,0.0
2026-05-21T21:30:00,12.61,-0.306,-5.3,6.6,25.3,763.8,3.7,5.5,10.7,0.0
2026-05-21T22:00:00,12.61,0.366,-5.3,5.6,29.2,763.7,3.5,4.8,19.8,0.0
2026-05-21T22:30:00,12.58,0.331,-5.4,5.3,31.0,763.8,3.7,4.7,14.0,0.0
2026-05-21T23:00:00,12.55,0.303,-5.4,6.4,27.2,763.9,3.2,4.0,16.7,0.0
2026-05-21T23:30:00,12.55,-0.063,-5.5,5.2,31.7,763.8,3.2,4.5,6.0,0.0
2026-05-22T00:00:00,12.55,0.078,-5.5,5.9,26.6,763.6,4.2,5.6,16.2,0.0
2026-05-22T00:30:00,12.55,0.113,-5.4,5.6,25.1,763.6,4.1,5.3,14.3,0.0
2026-05-22T01:00:00,12.52,0.223,-5.4,5.1,30.5,763.5,3.6,4.6,8.7,0.0
2026-05-22T01:30:00,12.48,0.118,-5.3,6.1,23.4,763.6,3.7,4.8,7.5,0.0
2026-05-22T02:00:00,12.48,0.207,-5.4,4.9,33.0,763.7,3.5,5.0,14.9,0.0
2026-05-22T02:30:00,12.48,0.389,-5.4,5.1,29.4,763.4,4.4,6.4,11.2,0.0
2026-05-22T03:00:00,12.48,0.118,-5.4,5.7,26.2,763.4,4.0,5.4,12.4,0.0
2026-05-22T03:30:00,12.42,0.421,-5.4,5.2,28.3,763.3,3.6,4.7,14.6,0.0
2026-05-22T04:00:00,12.42,0.573,-5.3,5.2,29.5,763.3,3.4,5.2,5.4,0.0
2026-05-22T04:30:00,12.42,0.165,-5.4,5.8,23.5,763.4,3.4,5.2,3.8,0.0
2026-05-22T05:00:00,12.42,0.006,-5.5,4.7,30.4,763.4,3.6,5.6,16.2,0.0
2026-05-22T05:30:00,12.39,-0.159,-5.2,4.7,30.1,763.3,3.9,5.1,9.5,0.0
2026-05-22T06:00:00,12.36,0.281,-5.2,5.2,27.2,763.3,4.2,5.3,11.6,0.0
2026-05-22T06:30:00,12.36,0.576,-5.1,5.7,24.9,763.4,3.7,5.6,11.0,0.0
2026-05-22T07:00:00,12.36,0.091,-5.0,5.5,25.5,763.4,3.8,5.4,5.4,0.0
2026-05-22T07:30:00,12.36,0.238,-5.0,5.0,27.1,763.6,3.9,5.4,2.2,0.0
2026-05-22T08:00:00,12.36,0.256,-5.1,4.8,25.7,763.7,3.9,5.1,15.6,0.0
2026-05-22T08:30:00,12.33,-0.039,-5.1,4.9,27.1,763.6,4.1,5.7,6.0,0.0
2026-05-22T09:00:00,12.33,0.194,-5.1,5.0,26.2,763.7,3.8,5.6,20.4,0.0
2026-05-22T09:30:00,12.36,0.071,-5.1,5.3,27.4,763.9,3.4,5.0,11.2,0.0
2026-05-22T10:00:00,13.66,0.040,-5.1,6.1,27.0,764.1,3.7,5.0,18.7,0.0
2026-05-22T10:30:00,13.44,0.694,-4.9,8.2,19.9,764.3,3.3,5.0,9.6,0.0
2026-05-22T11:00:00,13.29,0.882,-5.1,8.9,20.1,764.3,4.1,5.7,7.3,0.0
2026-05-22T11:30:00,13.44,1.363,-5.2,10.2,17.3,764.4,3.5,5.2,347.6,0.0
2026-05-22T12:00:00,13.38,1.538,-4.9,10.9,17.8,764.5,2.8,4.7,350.3,0.0
2026-05-22T12:30:00,13.32,1.230,-5.0,11.2,17.9,764.5,3.6,5.5,347.8,0.0
2026-05-22T13:00:00,13.41,1.498,-5.1,11.2,15.6,764.4,5.2,6.8,334.0,0.0
2026-05-22T13:30:00,13.38,0.774,-5.0,11.7,15.9,764.3,5.3,7.3,336.8,0.0
2026-05-22T14:00:00,13.53,1.444,-5.2,11.7,15.6,764.0,5.5,7.3,339.6,0.0
2026-05-22T14:30:00,13.91,0.583,-5.2,11.8,15.7,763.8,5.5,7.4,338.7,0.0
2026-05-22T15:00:00,13.44,0.893,-5.5,12.0,15.3,763.7,5.5,7.2,341.7,0.0
2026-05-22T15:30:00,12.92,0.326,-5.6,10.9,16.0,763.5,4.8,7.1,334.0,0.0
2026-05-22T16:00:00,12.82,-0.513,6.4,10.0,18.9,763.3,4.9,6.9,340.7,0.0
2026-05-22T16:30:00,12.79,0.022,-5.4,10.5,17.0,763.4,2.3,4.3,335.6,0.0
2026-05-22T17:00:00,12.76,0.067,2.3,10.2,17.0,763.4,4.1,6.8,343.2,0.0
2026-05-22T17:30:00,12.73,-0.477,5.4,9.5,18.8,763.4,3.7,5.9,345.3,0.0
2026-05-22T18:00:00,12.73,0.126,7.0,9.6,18.5,763.6,2.8,5.2,355.6,0.0
2026-05-22T18:30:00,12.70,0.298,6.5,8.9,20.1,763.7,2.7,4.9,16.9,0.0
2026-05-22T19:00:00,12.67,-0.028,8.2,7.7,24.5,763.8,2.5,3.6,23.8,0.0
2026-05-22T19:30:00,12.67,-0.081,-5.4,7.7,23.1,763.9,2.5,4.2,22.4,0.0
2026-05-22T20:00:00,12.67,-0.115,7.1,7.0,24.6,764.0,2.7,3.7,23.6,0.0
2026-05-22T20:30:00,12.61,0.489,-5.5,7.2,21.1,764.0,3.6,5.1,26.5,0.0
2026-05-22T21:00:00,12.61,0.340,-5.4,7.1,20.7,763.9,2.8,5.4,18.5,0.0
2026-05-22T21:30:00,12.61,-0.040,-5.1,6.6,22.8,764.0,2.9,4.7,27.2,0.0
2026-05-22T22:00:00,12.61,0.532,7.5,6.4,21.6,764.0,2.8,3.5,20.6,0.0
2026-05-22T22:30:00,12.61,0.332,-1.9,6.1,21.0,763.9,2.8,5.7,38.8,0.0
2026-05-22T23:00:00,12.55,0.061,-3.4,6.8,19.7,763.5,3.1,4.3,21.8,0.0
2026-05-22T23:30:00,12.55,0.356,-5.3,6.3,22.4,763.1,3.4,5.3,11.3,0.0
2026-05-23T00:00:00,12.55,0.066,-5.4,9.4,13.0,762.9,4.4,7.2,26.3,0.0
2026-05-23T00:30:00,12.55,-0.022,-1.7,8.2,15.9,762.7,3.4,5.9,346.6,0.0
2026-05-23T01:00:00,12.52,0.234,-5.3,8.7,15.4,762.6,2.3,6.0,359.4,0.0
2026-05-23T01:30:00,12.48,0.001,-5.3,7.4,18.1,762.3,3.4,5.0,353.8,0.0
2026-05-23T02:00:00,12.48,0.010,-5.2,7.6,14.9,762.2,2.1,4.0,46.2,0.0
2026-05-23T02:30:00,12.48,0.631,7.6,8.6,15.0,762.1,2.0,3.5,42.0,0.0
2026-05-23T03:00:00,12.48,0.417,-5.3,8.0,14.4,762.0,2.0,3.9,30.7,0.0
2026-05-23T03:30:00,12.42,0.511,-5.1,7.8,15.1,761.9,4.2,6.6,334.4,0.0
2026-05-23T04:00:00,12.42,0.519,-5.4,7.7,15.0,761.9,1.2,3.1,49.1,0.0
2026-05-23T04:30:00,12.42,-0.048,8.7,5.8,19.7,762.1,1.7,3.0,357.0,0.0
2026-05-23T05:00:00,12.42,0.210,4.7,6.6,17.5,761.9,2.6,4.4,52.2,0.0
2026-05-23T05:30:00,12.36,-0.434,-5.3,6.1,19.1,761.9,2.0,3.9,25.6,0.0
2026-05-23T06:00:00,12.36,0.097,-2.2,5.0,21.9,761.7,2.8,5.0,21.2,0.0
2026-05-23T06:30:00,12.36,0.306,8.3,4.9,23.2,761.7,3.0,5.7,28.1,0.0
2026-05-23T07:00:00,12.36,0.397,-5.6,7.5,15.7,761.3,3.6,8.8,343.7,0.0
2026-05-23T07:30:00,12.36,-0.235,-5.5,8.7,13.1,761.3,3.8,11.0,1.4,0.0
2026-05-23T08:00:00,12.36,0.476,-5.8,10.7,10.4,760.9,7.7,13.3,30.6,0.0
2026-05-23T08:30:00,12.36,0.191,-5.7,9.9,11.0,761.1,6.2,12.4,10.0,0.0
2026-05-23T09:00:00,12.36,0.098,-7.0,9.4,12.2,761.4,4.7,12.5,349.4,0.0
2026-05-23T09:30:00,12.39,0.474,-6.6,8.5,15.1,761.6,4.8,13.6,353.3,0.0
2026-05-23T10:00:00,13.13,0.141,-6.6,10.4,9.8,761.7,4.1,10.9,23.8,0.0
2026-05-23T10:30:00,13.69,0.489,-6.3,10.3,10.3,761.8,5.7,12.9,355.1,0.0
2026-05-23T11:00:00,13.53,0.999,-6.6,12.3,8.5,761.5,5.2,8.5,10.8,0.0
2026-05-23T11:30:00,13.29,1.105,-5.8,11.5,9.5,761.8,1.8,3.7,96.8,0.0
2026-05-23T12:00:00,13.38,1.273,-5.7,11.4,11.6,762.0,1.5,3.3,291.0,0.0
2026-05-23T12:30:00,13.32,0.879,-6.0,11.7,10.2,762.3,2.2,6.2,309.7,0.0
2026-05-23T13:00:00,13.53,0.663,-3.2,12.2,10.1,761.2,5.4,14.7,12.7,0.0
2026-05-23T13:30:00,13.44,1.236,-5.8,12.7,7.6,761.2,6.4,17.2,354.2,0.0
2026-05-23T14:00:00,13.53,0.370,-6.4,13.7,7.0,760.9,7.8,18.2,24.3,0.0
2026-05-23T14:30:00,13.47,-0.135,-5.4,13.5,8.2,760.5,10.6,25.0,24.4,0.0
2026-05-23T15:00:00,14.24,-0.068,-6.8,13.4,8.5,760.5,11.7,24.1,32.5,0.1
2026-05-23T15:30:00,13.10,-0.003,-5.9,13.0,8.0,760.2,11.9,20.7,26.9,0.2
2026-05-23T16:00:00,13.04,0.038,-5.8,12.5,8.1,759.9,11.0,20.4,27.8,0.0
2026-05-23T16:30:00,12.98,-0.097,-5.8,12.1,7.7,760.2,10.8,19.5,21.7,0.0
2026-05-23T17:00:00,12.92,-0.317,-7.3,11.2,9.7,760.9,3.4,9.3,23.9,0.0
2026-05-23T17:30:00,12.85,-0.035,-6.6,8.7,16.1,761.2,1.9,4.3,171.9,0.0
2026-05-23T18:00:00,12.79,-0.184,-6.1,9.0,14.8,761.1,2.2,4.8,222.3,0.0
2026-05-23T18:30:00,12.76,-0.436,-4.5,9.0,14.3,761.3,2.1,3.5,296.0,0.0
2026-05-23T19:00:00,12.73,-0.330,-5.1,9.7,9.1,761.0,2.6,8.4,326.3,0.0
2026-05-23T19:30:00,12.73,0.053,-6.0,9.3,13.6,761.4,4.7,12.9,351.9,0.0
2026-05-23T20:00:00,12.70,-0.081,-4.8,8.1,14.2,761.5,1.6,3.3,9.8,0.0
2026-05-23T20:30:00,12.70,0.285,-6.2,8.1,13.6,761.6,1.9,7.3,315.9,0.0
2026-05-23T21:00:00,12.70,-0.004,-5.8,8.2,13.2,761.5,2.4,7.2,310.6,0.0
2026-05-23T21:30:00,12.67,0.248,-5.6,8.7,9.4,761.4,2.3,8.3,312.5,0.0
2026-05-23T22:00:00,12.67,-0.654,-5.2,8.4,9.1,761.3,3.1,8.3,261.6,0.0
2026-05-23T22:30:00,12.64,0.057,-0.1,6.4,16.0,761.6,1.3,3.4,18.3,0.0
2026-05-23T23:00:00,12.61,0.164,12.9,5.9,16.3,761.5,0.9,2.1,21.3,0.0
2026-05-23T23:30:00,12.61,-0.269,12.8,5.7,15.7,761.5,1.0,2.9,312.6,0.0
2026-05-24T00:00:00,12.61,-0.405,9.9,5.2,18.2,761.6,1.1,3.0,56.4,0.0
2026-05-24T00:30:00,12.58,-0.013,12.8,4.4,22.8,761.4,1.1,2.6,59.5,0.0
2026-05-24T01:00:00,12.58,0.389,12.5,4.7,19.1,761.7,1.3,2.3,37.6,0.0
2026-05-24T01:30:00,12.55,0.261,2.5,4.0,22.1,761.6,1.5,3.2,13.6,0.0
2026-05-24T02:00:00,12.55,-0.508,12.6,3.9,21.5,761.4,2.6,4.8,20.4,0.0
2026-05-24T02:30:00,12.55,0.607,-4.4,4.7,16.2,761.3,2.1,4.2,20.1,0.0
2026-05-24T03:00:00,12.52,0.512,12.8,3.6,20.1,761.3,2.4,3.8,12.5,0.0
2026-05-24T03:30:00,12.48,-0.262,-4.4,3.7,20.8,761.3,2.4,4.0,345.3,0.0
2026-05-24T04:00:00,12.48,-0.282,-6.6,3.6,20.4,761.4,2.0,4.1,20.1,0.0
2026-05-24T04:30:00,12.48,-0.123,-5.6,3.3,19.3,761.3,1.9,3.4,27.4,0.0
2026-05-24T05:00:00,12.48,0.137,-4.4,3.6,17.3,761.3,2.3,3.4,41.3,0.0
2026-05-24T05:30:00,12.42,0.198,-5.1,2.9,17.8,761.1,1.8,3.4,69.2,0.0
2026-05-24T06:00:00,12.42,0.154,-5.1,2.8,17.0,761.2,1.5,3.3,22.7,0.0
2026-05-24T06:30:00,12.42,0.220,-4.5,2.3,19.3,761.4,2.2,3.6,40.3,0.0
2026-05-24T07:00:00,12.42,0.399,-5.1,2.8,19.4,761.4,2.4,3.9,357.5,0.0
2026-05-24T07:30:00,12.36,0.030,-5.1,2.3,20.5,761.7,1.6,2.9,338.3,0.0
2026-05-24T08:00:00,12.36,0.640,-4.4,3.6,17.2,761.7,1.4,2.8,53.3,0.0
2026-05-24T08:30:00,12.36,-0.407,-4.8,4.1,14.9,761.6,2.1,3.2,80.6,0.0
2026-05-24T09:00:00,12.36,0.153,-4.4,3.5,20.1,761.7,2.3,3.6,23.9,0.0
2026-05-24T09:30:00,12.42,0.526,-5.1,4.5,17.8,761.6,1.0,2.5,53.5,0.0
2026-05-24T10:00:00,13.44,-0.269,-6.7,5.6,14.8,761.8,1.5,2.9,47.1,0.0
2026-05-24T10:30:00,13.53,0.220,10.2,6.7,13.1,761.8,1.3,2.6,240.3,0.0
2026-05-24T11:00:00,14.12,1.101,-6.0,7.5,9.9,761.9,2.1,4.4,313.8,0.0
2026-05-24T11:30:00,13.50,1.335,-9.8,8.8,8.5,761.8,2.4,7.1,58.8,0.0
2026-05-24T12:00:00,13.16,0.703,1.5,7.6,16.8,762.5,7.0,13.2,201.8,0.0
2026-05-24T12:30:00,13.04,0.503,-6.6,6.2,32.6,762.7,10.0,13.9,33.4,0.0
2026-05-24T13:00:00,13.01,0.620,-5.6,6.5,31.5,762.4,1.8,4.4,304.9,0.0
2026-05-24T13:30:00,13.04,1.164,-1.3,7.5,29.0,762.0,0.8,3.1,340.7,0.0
2026-05-24T14:00:00,12.92,0.614,-2.5,7.9,22.6,761.7,2.6,6.9,61.4,0.0
2026-05-24T14:30:00,12.92,0.437,-10.2,7.9,24.2,760.8,3.2,8.0,134.2,0.0
2026-05-24T15:00:00,12.92,0.500,12.4,7.7,23.8,760.9,2.2,4.1,231.3,0.0
2026-05-24T15:30:00,12.92,0.226,-3.8,6.5,15.0,760.8,3.6,8.2,200.6,0.0
2026-05-24T16:00:00,12.85,0.300,-5.9,4.8,21.5,761.2,4.3,6.8,202.4,0.0
2026-05-24T16:30:00,12.79,0.120,-6.6,4.7,18.1,761.3,2.7,4.8,210.9,0.0
2026-05-24T17:00:00,12.73,0.442,5.8,4.9,18.0,761.0,2.3,5.4,24.7,0.0
2026-05-24T17:30:00,12.70,-0.258,-5.7,4.6,19.3,761.0,1.1,3.3,178.7,0.0
2026-05-24T18:00:00,12.67,-0.016,-5.5,4.6,21.1,761.1,0.9,2.2,256.2,0.0
2026-05-24T18:30:00,12.64,0.316,-5.3,5.2,24.0,761.3,1.5,2.8,30.4,0.0
2026-05-24T19:00:00,12.61,0.441,-5.3,4.2,22.2,761.7,1.8,3.7,202.2,0.0
2026-05-24T19:30:00,12.61,-0.167,-5.8,4.2,24.3,761.6,0.9,3.1,345.0,0.0
2026-05-24T20:00:00,12.61,0.244,-5.6,4.0,30.7,762.0,0.6,1.6,0.0,0.0
2026-05-24T20:30:00,12.55,0.250,5.9,3.5,25.2,762.4,0.8,2.4,0.0,0.0
2026-05-24T21:00:00,12.55,-0.149,6.2,3.7,24.2,762.5,0.6,0.9,174.4,0.0
2026-05-24T21:30:00,12.55,-0.371,6.5,3.8,24.7,762.6,0.7,1.7,272.4,0.0
2026-05-24T22:00:00,12.48,-0.315,6.1,3.1,36.1,762.6,1.1,1.9,34.4,0.0
2026-05-24T22:30:00,12.45,0.287,6.2,3.2,35.8,762.3,1.9,2.5,27.7,0.0
2026-05-24T23:00:00,12.42,0.307,5.8,3.7,30.0,762.5,1.6,2.6,47.0,0.0
2026-05-24T23:30:00,12.42,0.288,0.6,2.4,41.2,762.6,2.6,3.4,9.0,0.0
2026-05-25T00:00:00,12.36,0.059,-11.3,1.7,46.4,762.6,2.9,3.8,11.3,0.0
2026-05-25T00:30:00,12.36,-0.375,-11.6,2.3,40.4,762.5,3.4,4.3,13.0,0.0
2026-05-25T01:00:00,12.36,-0.172,-9.5,2.9,36.3,762.8,2.8,4.0,0.3,0.0
2026-05-25T01:30:00,12.36,-0.332,-11.6,2.0,40.6,762.7,3.2,3.7,17.9,0.0
2026-05-25T02:00:00,12.36,0.300,7.0,2.3,38.0,762.5,3.0,5.7,6.0,0.0
2026-05-25T02:30:00,12.33,0.603,-11.6,1.9,38.9,762.4,3.2,4.2,10.5,0.0
2026-05-25T03:00:00,12.30,0.107,-11.7,2.4,36.0,762.3,3.0,4.0,18.4,0.0
2026-05-25T03:30:00,12.30,0.102,-11.7,2.2,36.2,762.3,2.6,3.6,19.3,0.0
2026-05-25T04:00:00,12.30,0.148,7.3,1.8,36.7,762.3,2.7,5.3,35.8,0.0
2026-05-25T04:30:00,12.30,-0.416,7.0,2.1,38.3,762.2,2.9,3.9,30.0,0.0
2026-05-25T05:00:00,12.30,0.105,6.6,1.5,39.2,762.0,3.2,4.9,14.0,0.0
2026-05-25T05:30:00,12.30,-0.423,6.7,2.5,34.4,761.8,3.2,4.8,7.4,0.0
2026-05-25T06:00:00,12.30,0.145,-10.9,0.7,45.4,762.0,2.6,3.6,26.6,0.0
2026-05-25T06:30:00,12.27,-0.205,5.9,1.3,40.9,761.9,3.5,5.5,11.3,0.0
2026-05-25T07:00:00,12.24,-0.089,5.9,1.9,38.0,762.0,3.3,4.3,10.6,0.0
2026-05-25T07:30:00,12.24,-0.039,6.8,1.7,40.5,761.9,3.3,4.4,21.0,0.0
2026-05-25T08:00:00,12.24,-0.081,7.6,1.8,36.0,762.2,2.8,3.9,17.4,0.0
2026-05-25T08:30:00,12.24,-0.259,6.0,1.8,36.8,762.2,3.1,4.3,30.6,0.0
2026-05-25T09:00:00,12.24,-0.074,-3.2,1.8,37.7,762.4,3.0,3.8,26.2,0.0
2026-05-25T09:30:00,12.24,0.538,4.0,3.3,31.5,762.5,3.1,3.7,11.4,0.0
2026-05-25T10:00:00,13.53,-0.699,-11.1,2.7,36.6,762.6,3.1,4.6,26.7,0.0
2026-05-25T10:30:00,13.44,-0.042,-11.5,5.0,27.9,762.7,2.9,4.1,359.9,0.0
2026-05-25T11:00:00,13.38,0.850,-11.3,6.4,27.2,762.8,3.3,4.1,14.0,0.0
2026-05-25T11:30:00,13.38,1.596,8.9,8.4,20.6,762.8,2.9,4.1,6.5,0.0
2026-05-25T12:00:00,13.29,1.307,1.9,9.7,20.1,762.8,2.5,4.9,357.1,0.0
2026-05-25T12:30:00,13.38,1.454,-5.9,9.8,19.2,762.7,4.7,6.5,348.4,0.0
2026-05-25T13:00:00,13.38,1.244,-5.8,10.1,18.3,762.5,4.8,6.5,348.8,0.0
2026-05-25T13:30:00,13.44,1.311,-5.9,11.2,15.4,762.4,4.0,5.8,341.1,0.0
2026-05-25T14:00:00,13.44,0.776,-6.1,11.2,15.6,762.1,4.4,7.0,342.3,0.0
2026-05-25T14:30:00,13.41,1.144,-5.9,12.4,13.3,761.9,4.1,6.7,347.0,0.0
2026-05-25T15:00:00,13.44,0.823,-6.3,12.0,12.8,761.8,3.6,6.5,335.3,0.0
2026-05-25T15:30:00,12.92,0.662,-5.8,10.9,13.6,761.6,5.3,7.5,341.6,0.0
2026-05-25T16:00:00,12.82,0.072,-5.8,11.3,13.1,761.6,3.3,6.9,324.8,0.0
2026-05-25T16:30:00,12.79,-0.227,-5.8,10.8,14.6,761.7,3.1,6.3,340.9,0.0
2026-05-25T17:00:00,12.76,-0.461,-5.9,10.8,13.9,761.8,3.9,5.6,343.6,0.0
2026-05-25T17:30:00,12.73,-0.275,-5.3,10.8,13.5,761.9,2.7,4.8,334.7,0.0
2026-05-25T18:00:00,12.73,0.038,-5.8,10.4,14.0,761.9,3.8,5.2,346.1,0.0
2026-05-25T18:30:00,12.70,0.298,-5.4,10.2,13.8,761.9,3.4,5.6,343.9,0.0
2026-05-25T19:00:00,12.67,-0.470,-5.6,9.3,16.4,762.0,3.3,5.6,339.3,0.0
2026-05-25T19:30:00,12.67,-0.385,-5.9,9.5,15.5,762.2,3.6,6.0,341.8,0.0
2026-05-25T20:00:00,12.64,-0.398,-5.8,9.0,16.0,762.3,3.6,5.3,340.4,0.0
2026-05-25T20:30:00,12.64,-0.118,-6.2,9.2,17.3,762.4,3.8,6.3,338.7,0.0
2026-05-25T21:00:00,12.61,-0.155,-6.6,9.8,16.1,762.6,4.6,6.8,340.7,0.0
2026-05-25T21:30:00,12.61,-0.055,4.2,9.5,15.4,762.7,3.3,6.6,348.3,0.0
2026-05-25T22:00:00,12.61,-0.102,0.3,8.8,17.8,762.7,3.3,5.6,15.1,0.0
2026-05-25T22:30:00,12.61,-0.132,-5.7,9.1,18.6,762.7,3.5,8.0,19.3,0.0
2026-05-25T23:00:00,12.55,-0.249,-7.2,8.6,18.1,762.8,2.2,5.0,20.8,0.0
2026-05-25T23:30:00,12.55,0.056,-5.8,9.1,18.0,763.0,2.2,3.9,40.2,0.0
2026-05-26T00:00:00,12.55,-0.139,7.8,8.7,18.8,762.9,4.5,7.2,348.5,0.0
2026-05-26T00:30:00,12.55,0.261,-5.8,8.9,19.7,762.8,4.7,7.0,348.7,0.0
2026-05-26T01:00:00,12.55,0.124,-5.7,8.2,19.1,762.8,3.2,5.9,358.2,0.0
2026-05-26T01:30:00,12.52,0.009,-5.6,8.4,18.2,762.8,3.6,6.9,359.3,0.0
2026-05-26T02:00:00,12.48,0.011,-5.9,10.0,17.0,762.6,4.1,7.2,344.1,0.0
2026-05-26T02:30:00,12.48,-0.127,8.8,10.7,13.5,762.6,3.1,6.3,352.8,0.0
2026-05-26T03:00:00,12.48,-0.105,7.0,10.1,16.9,762.4,3.4,7.0,349.0,0.0
2026-05-26T03:30:00,12.48,0.006,-5.7,9.8,17.4,762.4,3.4,7.3,349.8,0.0
2026-05-26T04:00:00,12.42,0.101,4.6,10.1,16.3,762.1,4.6,6.7,343.3,0.0
2026-05-26T04:30:00,12.42,-0.425,-5.8,11.0,14.7,762.3,2.8,6.6,11.9,0.0
2026-05-26T05:00:00,12.42,0.148,-6.9,9.1,18.7,762.1,3.9,6.1,344.9,0.0
2026-05-26T05:30:00,12.52,0.217,-5.9,9.6,15.7,762.0,3.6,7.4,354.3,0.0
2026-05-26T06:00:00,12.39,-0.124,8.9,10.1,14.8,761.9,3.3,6.0,338.1,0.0
2026-05-26T06:30:00,12.36,-0.100,6.1,8.9,17.5,762.1,2.7,5.5,350.2,0.0
2026-05-26T07:00:00,12.36,0.277,6.9,10.4,14.6,762.1,3.9,8.4,337.2,0.0
2026-05-26T07:30:00,12.36,0.180,-2.3,10.5,13.7,762.3,3.9,6.5,349.3,0.0
2026-05-26T08:00:00,12.36,-0.174,2.2,10.9,15.0,762.4,2.7,5.4,353.1,0.0
2026-05-26T08:30:00,12.36,-0.268,5.9,11.0,14.4,762.7,3.0,6.0,339.1,0.0
2026-05-26T09:00:00,12.33,0.090,6.0,10.0,14.4,762.9,1.7,4.1,358.0,0.0
2026-05-26T09:30:00,12.30,0.158,-5.9,11.8,8.9,762.9,2.8,7.6,13.1,0.0
2026-05-26T10:00:00,13.26,0.514,9.0,12.5,9.8,763.2,3.8,6.8,11.4,0.0
2026-05-26T10:30:00,13.69,0.622,-5.6,13.0,14.5,763.2,4.3,9.4,16.3,0.0
2026-05-26T11:00:00,13.35,0.324,-6.2,14.9,7.6,763.3,6.7,9.9,27.5,0.0
2026-05-26T11:30:00,13.60,0.336,-6.5,15.2,13.4,763.5,5.4,11.7,26.2,0.0
2026-05-26T12:00:00,13.32,0.596,-6.9,16.8,6.0,763.6,7.5,14.6,44.8,0.0
2026-05-26T12:30:00,13.57,0.483,-6.4,17.3,6.2,763.5,6.9,13.4,46.7,0.0
2026-05-26T13:00:00,13.44,0.358,-6.5,17.6,6.6,763.3,7.6,13.1,40.9,0.0
2026-05-26T13:30:00,13.53,0.492,-6.6,18.0,7.3,763.1,5.5,9.8,44.8,0.0
2026-05-26T14:00:00,13.47,0.931,-6.6,18.5,7.8,762.4,6.1,9.1,46.4,0.0
2026-05-26T14:30:00,13.44,0.360,-6.6,18.1,8.9,762.2,5.5,10.9,34.8,0.0
2026-05-26T15:00:00,14.03,0.613,-10.4,18.1,8.7,762.0,6.0,14.2,68.1,0.0
2026-05-26T15:30:00,12.95,0.738,-6.0,17.2,10.7,761.8,4.2,8.1,15.1,0.0
2026-05-26T16:00:00,12.89,0.070,-5.6,15.0,13.3,761.6,4.7,7.7,339.4,0.0
2026-05-26T16:30:00,12.85,0.033,-5.8,16.2,11.6,761.5,4.5,7.7,24.0,0.0
2026-05-26T17:00:00,12.85,-0.035,-11.8,14.8,12.0,761.6,2.7,6.4,168.2,0.0
2026-05-26T17:30:00,12.79,0.131,-5.9,12.5,15.7,761.9,2.7,4.3,222.9,0.0
2026-05-26T18:00:00,12.79,-0.566,-5.8,11.5,17.1,762.1,0.7,1.7,154.7,0.0
2026-05-26T18:30:00,12.76,-0.265,-5.5,10.9,20.0,762.0,2.2,4.6,23.6,0.0
2026-05-26T19:00:00,12.73,-0.207,-5.9,10.5,20.8,762.1,1.6,3.7,24.8,0.0
2026-05-26T19:30:00,12.73,-0.538,-5.7,10.3,19.7,762.2,2.7,4.8,10.8,0.0
2026-05-26T20:00:00,12.70,0.164,-5.8,13.2,15.0,761.9,3.9,7.2,12.7,0.0
2026-05-26T20:30:00,12.70,0.311,-6.0,15.6,12.5,761.8,7.7,16.6,46.7,0.0
2026-05-26T21:00:00,12.70,0.720,-6.6,15.2,14.0,761.7,8.2,14.0,34.8,0.0
2026-05-26T21:30:00,12.70,0.428,-5.7,15.6,12.5,761.8,8.4,15.1,45.8,0.0
2026-05-26T22:00:00,12.67,0.715,-6.5,15.0,13.8,761.6,7.9,15.2,32.2,0.0
2026-05-26T22:30:00,12.67,0.577,-6.1,15.0,14.2,761.8,9.2,17.1,36.9,0.0
2026-05-26T23:00:00,12.67,-0.051,-5.3,14.6,14.3,761.7,7.7,14.5,42.5,0.0
2026-05-26T23:30:00,12.67,0.636,-6.3,14.2,12.9,761.8,6.9,14.1,24.0,0.0
2026-05-27T00:00:00,12.64,0.168,-6.1,13.9,13.2,761.7,5.3,10.4,14.5,0.0
2026-05-27T00:30:00,12.61,1.284,-5.8,13.3,15.3,761.6,6.8,11.4,25.9,0.0
2026-05-27T01:00:00,12.61,0.034,-6.4,14.4,11.3,761.5,5.0,11.5,20.8,0.0
2026-05-27T01:30:00,12.61,1.020,-6.1,15.0,10.2,761.2,8.4,14.0,34.3,0.0
2026-05-27T02:00:00,12.61,0.163,-5.7,15.6,8.7,760.8,9.2,17.4,56.5,0.0
2026-05-27T02:30:00,12.61,0.477,-6.6,15.4,7.8,760.3,9.4,17.2,50.7,0.0
2026-05-27T03:00:00,12.58,0.332,-5.9,15.4,7.6,760.4,9.3,15.9,47.8,0.0
2026-05-27T03:30:00,12.55,0.313,-5.7,12.7,13.4,761.3,2.9,10.6,153.9,0.0
2026-05-27T04:00:00,12.55,0.532,-5.1,11.1,15.4,761.2,2.0,3.3,182.6,0.0
2026-05-27T04:30:00,12.55,0.037,-5.1,10.6,16.0,761.1,1.4,3.9,109.6,0.0
2026-05-27T05:00:00,12.55,0.005,-5.9,14.5,9.8,760.7,5.3,13.4,59.4,0.0
2026-05-27T05:30:00,12.52,0.202,-5.6,14.0,9.8,760.4,6.6,17.8,41.2,0.0
2026-05-27T06:00:00,12.48,0.848,-5.7,13.5,10.3,760.7,3.4,9.4,82.8,0.0
2026-05-27T06:30:00,12.48,0.419,-5.9,13.5,11.3,760.9,3.8,10.2,56.4,0.0
2026-05-27T07:00:00,12.48,0.499,-5.2,12.0,12.4,761.1,2.2,6.4,202.8,0.0
2026-05-27T07:30:00,12.48,0.324,-5.2,10.6,14.9,761.5,1.1,3.3,323.9,0.0
2026-05-27T08:00:00,12.42,0.923,-5.7,13.0,14.1,761.2,7.7,13.6,42.5,0.0
2026-05-27T08:30:00,12.42,0.115,-6.9,13.5,14.8,761.4,10.4,17.9,44.1,0.0
2026-05-27T09:00:00,12.42,0.100,-5.4,13.5,15.3,761.7,10.2,19.1,41.8,0.0
2026-05-27T09:30:00,12.42,0.624,-5.6,13.6,15.1,761.7,9.4,15.9,47.9,0.0
2026-05-27T10:00:00,13.16,0.419,-6.0,14.5,14.7,762.0,9.7,19.5,57.7,0.0
2026-05-27T10:30:00,13.94,0.626,-5.9,14.8,15.1,761.8,10.4,18.3,47.0,0.0
2026-05-27T11:00:00,13.35,0.813,-5.6,14.9,15.3,761.8,10.1,16.1,46.9,0.0
2026-05-27T11:30:00,13.32,0.477,-5.8,15.3,15.0,761.8,9.4,16.1,42.1,0.0
2026-05-27T12:00:00,13.38,0.401,-5.5,15.3,16.7,762.0,8.7,20.0,44.1,0.0
2026-05-27T12:30:00,13.47,0.752,-5.8,15.3,16.6,761.5,10.7,26.4,51.2,0.0
2026-05-27T13:00:00,14.18,0.195,-6.3,15.3,16.1,760.5,11.4,22.8,33.4,0.4
2026-05-27T13:30:00,13.50,0.541,-5.9,15.2,16.0,760.7,12.5,25.2,23.5,0.1
2026-05-27T14:00:00,13.81,0.499,-6.2,15.2,15.8,761.4,11.3,21.2,31.0,0.3
2026-05-27T14:30:00,13.69,0.088,-5.8,15.2,16.2,761.1,10.2,16.4,47.9,0.0
2026-05-27T15:00:00,13.10,0.526,-5.9,14.7,17.1,761.1,10.5,22.2,41.2,0.0
2026-05-27T15:30:00,13.10,0.612,-5.5,14.8,17.8,761.1,9.3,22.8,42.6,0.0
2026-05-27T16:00:00,13.01,0.344,-5.8,14.6,17.9,760.6,10.6,23.7,52.2,0.0
2026-05-27T16:30:00,12.92,0.666,-5.4,14.1,18.7,760.8,9.4,19.1,31.0,0.0
2026-05-27T17:00:00,12.85,0.460,-5.1,14.1,18.0,761.1,9.1,20.9,61.9,0.0
2026-05-27T17:30:00,12.85,0.342,-5.1,13.7,18.3,761.2,10.5,17.6,41.9,0.0
2026-05-27T18:00:00,12.79,0.626,-5.8,13.6,18.2,761.1,10.2,22.9,52.5,0.0
2026-05-27T18:30:00,12.79,0.623,-4.5,13.4,17.7,761.4,10.7,16.0,40.1,0.0
2026-05-27T19:00:00,12.76,0.214,-5.8,13.5,17.4,761.5,10.2,17.0,48.1,0.0
2026-05-27T19:30:00,12.73,0.516,-5.1,13.1,17.9,761.7,10.5,18.6,31.5,0.0
2026-05-27T20:00:00,12.73,0.217,-4.8,13.3,16.8,761.7,9.1,18.8,46.5,0.0
2026-05-27T20:30:00,12.73,0.470,-5.1,13.1,16.8,761.7,9.0,16.9,49.7,0.0
2026-05-27T21:00:00,12.73,0.030,-5.1,12.5,18.1,761.5,6.6,11.3,39.1,0.0
2026-05-27T21:30:00,12.73,0.418,-5.1,12.7,17.5,761.6,8.7,17.7,41.0,0.0
2026-05-27T22:00:00,12.70,0.144,-5.1,12.4,18.3,761.9,8.3,14.2,36.0,0.0
2026-05-27T22:30:00,12.70,0.691,-4.9,12.6,16.4,761.9,9.9,19.0,25.8,0.0
2026-05-27T23:00:00,12.67,-0.008,-5.7,12.4,14.0,761.6,10.5,18.9,33.2,0.0
2026-05-27T23:30:00,12.67,0.012,-5.8,12.4,14.7,761.4,11.0,18.8,37.7,0.0
2026-05-28T00:00:00,12.67,0.845,-4.8,12.5,13.2,761.8,10.9,21.0,31.1,0.0
2026-05-28T00:30:00,12.64,0.556,-5.3,12.4,13.6,761.5,10.3,19.1,36.1,0.0
2026-05-28T01:00:00,12.64,0.135,-4.4,12.3,14.5,762.2,7.4,13.8,38.8,0.0
2026-05-28T01:30:00,12.61,0.632,-5.6,11.5,14.7,761.9,7.9,13.5,26.7,0.0
2026-05-28T02:00:00,12.61,0.793,-5.1,11.1,15.0,762.0,3.7,17.5,111.8,0.0
2026-05-28T02:30:00,12.61,0.290,-5.1,9.2,20.5,762.1,1.1,3.3,167.4,0.0
2026-05-28T03:00:00,12.58,0.520,-4.5,9.4,20.4,761.9,1.1,3.4,0.0,0.0
2026-05-28T03:30:00,12.55,0.520,-4.6,10.0,17.5,761.7,1.4,4.1,184.7,0.0
2026-05-28T04:00:00,12.55,0.260,-4.7,11.7,14.1,761.2,6.3,10.7,8.8,0.0
2026-05-28T04:30:00,12.55,0.722,1.9,11.9,13.4,761.5,6.1,12.5,55.7,0.0
2026-05-28T05:00:00,12.55,0.672,-4.8,11.3,13.9,761.5,6.6,13.2,37.4,0.0
2026-05-28T05:30:00,12.48,0.351,-4.6,11.4,13.8,761.6,6.7,10.9,47.6,0.0
2026-05-28T06:00:00,12.48,-0.052,-4.4,11.1,14.7,761.3,5.9,11.1,30.0,0.0
2026-05-28T06:30:00,12.48,0.543,-4.6,8.7,18.8,761.5,2.7,4.5,165.7,0.0
2026-05-28T07:00:00,12.48,0.827,-4.7,8.7,18.8,761.4,1.5,4.0,247.0,0.0
2026-05-28T07:30:00,12.42,0.550,-2.5,8.0,22.2,761.4,1.7,3.6,336.2,0.0
2026-05-28T08:00:00,12.42,-0.358,-4.2,7.8,22.2,761.9,1.2,2.8,296.8,0.0
2026-05-28T08:30:00,12.42,0.381,-4.4,7.8,20.7,761.9,1.0,3.0,104.2,0.0
2026-05-28T09:00:00,12.42,-0.054,-4.3,7.8,23.2,762.1,1.7,3.3,64.8,0.0
2026-05-28T09:30:00,12.45,0.655,-4.0,8.1,23.8,762.2,1.3,2.4,297.8,0.0
2026-05-28T10:00:00,12.61,0.334,-3.6,8.8,19.6,762.4,1.5,3.2,229.7,0.0
2026-05-28T10:30:00,12.89,1.207,2.7,9.3,18.9,762.9,1.1,2.5,168.1,0.0
2026-05-28T11:00:00,13.44,0.907,-5.6,12.1,13.3,762.7,6.5,11.7,30.1,0.0
2026-05-28T11:30:00,13.19,0.871,-5.1,12.3,13.6,762.7,8.1,12.9,39.0,0.0
2026-05-28T12:00:00,13.38,0.932,-5.1,12.6,12.4,763.0,6.1,11.4,37.9,0.0
2026-05-28T12:30:00,13.38,1.094,-0.6,10.1,19.4,763.4,2.3,5.0,185.2,0.0
2026-05-28T13:00:00,13.16,0.762,-5.2,10.3,20.5,763.4,2.4,5.6,176.8,0.0
2026-05-28T13:30:00,13.16,1.090,-5.1,12.9,13.2,762.8,5.0,10.4,35.4,0.0
2026-05-28T14:00:00,13.44,1.151,-5.1,10.5,21.6,763.1,2.8,4.9,217.8,0.0
2026-05-28T14:30:00,13.13,1.278,-4.6,10.5,23.0,762.8,2.4,6.4,164.4,0.0
2026-05-28T15:00:00,13.10,0.719,-4.3,10.7,22.3,762.9,1.6,3.9,230.9,0.0
2026-05-28T15:30:00,13.04,0.605,-5.1,11.1,21.6,762.8,1.9,4.4,178.3,0.0
2026-05-28T16:00:00,13.01,0.442,-4.4,12.3,16.4,762.9,2.6,9.5,87.6,0.0
2026-05-28T16:30:00,12.92,1.057,-4.9,12.5,15.4,762.7,4.8,10.3,54.0,0.0
2026-05-28T17:00:00,12.85,0.147,1.6,9.5,28.8,763.0,3.1,6.9,196.3,0.0
2026-05-28T17:30:00,12.79,0.186,-3.8,9.6,30.4,763.4,3.4,7.6,119.5,0.0
2026-05-28T18:00:00,12.73,0.624,-3.6,7.6,44.6,763.6,2.1,5.2,198.5,0.0
2026-05-28T18:30:00,12.73,0.097,-5.1,10.0,24.9,763.4,3.3,8.3,17.8,0.0
2026-05-28T19:00:00,12.70,0.098,-5.1,7.9,35.9,763.7,1.2,2.4,0.0,0.0
2026-05-28T19:30:00,12.67,-0.121,-5.5,7.7,34.5,764.0,0.9,2.0,189.5,0.0
2026-05-28T20:00:00,12.67,-0.234,-1.8,7.8,35.4,764.4,1.9,4.9,294.4,0.0
2026-05-28T20:30:00,12.64,-0.001,-4.4,7.3,37.2,764.3,0.7,2.0,10.2,0.0
2026-05-28T21:00:00,12.61,-0.155,9.1,7.0,31.7,764.5,1.1,1.9,10.6,0.0
2026-05-28T21:30:00,12.61,0.464,-4.9,7.2,29.9,764.5,1.8,2.7,63.8,0.0
2026-05-28T22:00:00,12.61,0.056,-5.0,7.0,28.3,764.8,2.1,3.0,14.9,0.0
2026-05-28T22:30:00,12.58,-0.104,-4.6,6.8,29.0,764.9,2.6,4.2,37.3,0.0
2026-05-28T23:00:00,12.55,0.572,-4.4,5.8,31.7,765.2,3.1,4.5,26.6,0.0
2026-05-28T23:30:00,12.55,-0.268,-4.6,4.5,39.4,765.2,3.8,5.2,11.0,0.0
2026-05-29T00:00:00,12.52,0.035,-4.6,6.3,26.5,765.2,3.1,4.2,50.8,0.0
2026-05-29T00:30:00,12.48,0.090,-4.4,5.9,26.5,765.3,2.9,3.8,49.8,0.0
2026-05-29T01:00:00,12.48,0.488,-4.5,4.4,35.0,765.5,3.4,4.4,22.4,0.0
2026-05-29T01:30:00,12.42,0.171,-4.4,5.0,27.9,765.3,2.9,4.1,38.9,0.0
2026-05-29T02:00:00,12.42,0.566,-4.4,5.1,26.7,765.2,3.1,3.8,37.1,0.0
2026-05-29T02:30:00,12.42,0.181,-4.6,6.3,22.8,765.1,3.4,4.1,28.8,0.0
2026-05-29T03:00:00,12.39,0.214,-4.6,4.3,33.2,765.1,3.1,3.6,23.6,0.0
2026-05-29T03:30:00,12.36,0.453,-4.6,5.1,26.2,765.0,2.7,4.1,10.5,0.0
2026-05-29T04:00:00,12.36,0.285,-4.7,5.6,25.0,764.8,4.0,5.2,17.3,0.0
2026-05-29T04:30:00,12.36,-0.258,-4.8,4.7,30.5,764.8,3.7,4.6,40.2,0.0
2026-05-29T05:00:00,12.36,0.536,-4.9,4.8,29.1,764.5,4.2,6.4,8.9,0.0
2026-05-29T05:30:00,12.36,0.657,-5.0,5.2,28.7,764.3,3.8,4.9,18.0,0.0
2026-05-29T06:00:00,12.36,0.404,-4.7,5.5,24.9,764.5,3.3,4.8,11.8,0.0
2026-05-29T06:30:00,12.36,0.408,-4.6,4.1,31.9,764.4,3.4,4.3,25.4,0.0
2026-05-29T07:00:00,12.33,0.657,-4.7,4.5,27.1,764.7,3.0,4.0,14.0,0.0
2026-05-29T07:30:00,12.30,0.746,-4.7,3.5,33.7,764.8,3.0,4.1,25.7,0.0
2026-05-29T08:00:00,12.30,0.273,-4.6,4.4,27.7,765.2,3.5,4.7,21.0,0.0
2026-05-29T08:30:00,12.30,0.251,-4.4,5.6,25.4,765.3,3.4,4.9,8.1,0.0
2026-05-29T09:00:00,12.30,0.215,-4.6,5.3,26.1,765.5,3.1,4.4,10.3,0.0
2026-05-29T09:30:00,12.33,0.066,-4.5,4.5,31.1,765.7,3.2,4.7,24.2,0.0
2026-05-29T10:00:00,13.38,0.535,-4.8,5.6,28.8,765.6,3.9,5.1,39.4,0.0
2026-05-29T10:30:00,13.50,0.467,-5.5,7.7,22.9,765.5,3.0,3.9,16.1,0.0
2026-05-29T11:00:00,13.29,0.869,-5.5,8.7,26.5,765.4,2.9,5.1,30.9,0.0
2026-05-29T11:30:00,14.18,1.168,-3.4,11.5,17.2,765.5,1.9,3.7,25.0,0.0
2026-05-29T12:00:00,13.44,1.209,-5.9,12.1,15.5,765.6,2.5,5.1,14.1,0.0
2026-05-29T12:30:00,13.38,1.714,-5.6,12.7,16.0,765.4,3.3,6.1,5.6,0.0
2026-05-29T13:00:00,13.47,1.295,-5.2,12.4,17.5,765.3,3.8,6.6,345.1,0.0
2026-05-29T13:30:00,13.44,1.136,-5.0,12.8,16.7,765.1,3.9,7.4,342.0,0.0
2026-05-29T14:00:00,13.50,1.025,-5.1,14.3,13.1,765.0,1.4,3.3,324.6,0.0
2026-05-29T14:30:00,13.38,1.042,-5.4,15.2,10.8,764.9,1.4,4.7,208.9,0.0
2026-05-29T15:00:00,13.66,0.716,-4.3,14.5,13.4,764.6,2.0,4.8,345.4,0.0
2026-05-29T15:30:00,13.04,0.785,-3.8,13.5,15.3,764.4,3.0,4.7,343.4,0.0
2026-05-29T16:00:00,13.01,-0.009,-3.8,13.4,14.1,764.4,1.5,3.9,320.9,0.0
2026-05-29T16:30:00,12.92,0.153,-4.0,12.6,17.1,764.4,2.5,4.0,5.3,0.0
2026-05-29T17:00:00,12.92,0.307,-4.0,12.6,17.3,764.5,0.9,3.1,12.8,0.0
2026-05-29T17:30:00,12.85,-0.003,-4.4,12.8,14.7,764.5,1.0,1.7,109.9,0.0
2026-05-29T18:00:00,12.79,0.014,-4.4,12.4,15.2,764.5,1.6,3.8,66.6,0.0
2026-05-29T18:30:00,12.79,0.140,-4.4,11.5,17.7,764.3,2.6,5.2,358.5,0.0
2026-05-29T19:00:00,12.76,0.024,-5.1,11.8,15.1,764.6,1.3,4.0,201.3,0.0
2026-05-29T19:30:00,12.73,0.436,2.4,11.5,15.7,764.7,1.8,3.0,37.4,0.0
2026-05-29T20:00:00,12.73,0.175,-5.1,10.4,18.0,764.8,3.3,6.4,14.2,0.0
2026-05-29T20:30:00,12.70,0.094,3.1,9.9,22.0,765.1,2.3,3.2,11.5,0.0
2026-05-29T21:00:00,12.70,0.392,-1.8,10.1,19.5,765.2,2.7,4.1,7.4,0.0
2026-05-29T21:30:00,12.70,-0.230,-4.3,9.2,23.9,765.4,3.0,5.8,10.2,0.0
2026-05-29T22:00:00,12.67,0.611,-4.7,10.1,18.5,765.5,1.8,2.7,13.4,0.0
2026-05-29T22:30:00,12.67,0.232,-3.8,10.0,19.6,765.4,2.0,3.7,45.5,0.0
2026-05-29T23:00:00,12.64,0.668,-4.6,10.0,17.9,765.4,2.3,3.7,60.0,0.0
2026-05-29T23:30:00,12.61,0.632,2.8,9.1,18.5,765.3,2.8,4.1,34.8,0.0
2026-05-30T00:00:00,12.61,0.211,-4.9,7.5,27.3,765.3,3.2,4.2,17.5,0.0
2026-05-30T00:30:00,12.61,0.313,-4.3,8.5,21.7,765.3,3.6,4.5,10.2,0.0
2026-05-30T01:00:00,12.61,0.043,-4.2,8.6,20.7,765.4,2.9,4.3,43.8,0.0
2026-05-30T01:30:00,12.58,0.402,-4.3,8.0,25.6,765.3,3.3,4.0,25.4,0.0
2026-05-30T02:00:00,12.55,0.309,-4.3,6.4,29.8,765.4,3.2,4.2,37.8,0.0
2026-05-30T02:30:00,12.55,0.017,-5.0,6.7,25.9,765.2,3.2,4.9,12.5,0.0
2026-05-30T03:00:00,12.55,-0.321,-4.4,6.6,28.2,765.1,2.8,3.6,19.9,0.0
2026-05-30T03:30:00,12.55,0.561,-4.6,8.7,18.2,765.1,3.4,4.3,10.9,0.0
2026-05-30T04:00:00,12.48,0.306,-4.3,6.8,24.8,764.9,3.4,5.1,31.7,0.0
2026-05-30T04:30:00,12.48,0.370,-4.3,6.1,26.7,764.8,3.2,3.9,24.7,0.0
2026-05-30T05:00:00,12.48,0.122,-3.9,7.4,21.2,764.8,3.1,4.0,34.2,0.0
2026-05-30T05:30:00,12.48,-0.221,-4.2,7.4,24.2,764.8,2.9,3.7,26.6,0.0
2026-05-30T06:00:00,12.42,0.046,-4.0,5.9,28.3,764.7,3.5,4.4,24.9,0.0
2026-05-30T06:30:00,12.42,0.686,-3.6,8.4,20.7,764.7,2.6,4.5,38.3,0.0
2026-05-30T07:00:00,12.42,-0.135,-4.4,6.8,24.3,764.7,2.7,3.8,42.2,0.0
2026-05-30T07:30:00,12.42,-0.001,-4.5,7.5,18.8,764.7,2.5,3.4,30.4,0.0
2026-05-30T08:00:00,12.36,0.492,-4.4,7.0,21.7,764.8,2.7,3.9,27.7,0.0
2026-05-30T08:30:00,12.36,1.035,-4.1,8.0,21.0,765.1,2.5,4.7,34.6,0.0
2026-05-30T09:00:00,12.36,0.321,-4.4,5.4,27.5,765.1,3.5,4.8,40.9,0.0
2026-05-30T09:30:00,12.36,0.881,-4.4,5.6,25.0,765.3,3.1,4.3,30.9,0.0
2026-05-30T10:00:00,13.50,0.293,-4.7,6.5,28.2,765.3,3.4,4.8,29.3,0.0
2026-05-30T10:30:00,13.69,0.286,-5.1,7.9,28.4,765.4,2.8,3.8,41.1,0.0
2026-05-30T11:00:00,13.32,0.830,-5.8,10.0,23.0,765.6,3.2,4.1,20.9,0.0
2026-05-30T11:30:00,13.32,1.763,-7.3,11.8,18.4,765.7,3.1,4.7,4.2,0.0
2026-05-30T12:00:00,13.32,1.793,-5.8,12.7,15.9,765.8,3.0,6.0,352.6,0.0
2026-05-30T12:30:00,13.44,1.761,-6.1,13.7,14.8,765.8,2.4,4.8,0.8,0.0
2026-05-30T13:00:00,13.47,1.486,-5.8,13.4,14.9,765.7,4.9,6.5,341.4,0.0
2026-05-30T13:30:00,13.50,1.278,-6.5,14.7,13.6,765.6,4.3,6.9,346.0,0.0
2026-05-30T14:00:00,13.91,1.490,-5.8,14.5,14.1,765.6,3.9,6.4,341.6,0.0
2026-05-30T14:30:00,13.38,0.546,-5.7,14.6,13.6,765.4,5.0,7.2,343.4,0.0
2026-05-30T15:00:00,13.44,1.213,-5.2,15.1,13.6,765.3,3.0,6.0,335.5,0.0
2026-05-30T15:30:00,12.92,1.079,-5.1,13.6,15.4,765.2,3.4,5.9,341.7,0.0
2026-05-30T16:00:00,12.85,-0.133,-4.2,12.9,15.7,765.2,4.6,7.9,340.0,0.0
2026-05-30T16:30:00,12.82,-0.531,-3.7,12.7,16.4,765.3,3.0,4.5,345.9,0.0
2026-05-30T17:00:00,12.79,-0.752,-3.8,12.4,16.4,765.4,3.5,6.2,355.3,0.0
2026-05-30T17:30:00,12.79,-0.297,-4.1,12.2,15.6,765.5,3.3,5.2,358.2,0.0
2026-05-30T18:00:00,12.76,0.330,-3.6,11.8,17.6,765.5,3.5,5.5,345.5,0.0
2026-05-30T18:30:00,12.73,0.018,-3.6,11.7,17.2,765.6,2.6,4.7,29.1,0.0
2026-05-30T19:00:00,12.73,0.102,3.6,10.9,19.9,765.8,2.1,4.0,344.8,0.0
2026-05-30T19:30:00,12.70,0.214,-3.6,10.7,19.1,765.9,2.1,5.0,12.0,0.0
2026-05-30T20:00:00,12.70,-0.081,-2.9,10.0,21.5,766.0,2.6,4.4,23.1,0.0
2026-05-30T20:30:00,12.67,0.253,-5.3,7.2,33.7,766.1,3.0,4.2,26.3,0.0
2026-05-30T21:00:00,12.67,0.486,-5.0,8.0,30.3,766.4,3.2,4.1,29.9,0.0
2026-05-30T21:30:00,12.64,0.075,-5.1,7.9,28.5,766.3,3.5,5.0,31.9,0.0
2026-05-30T22:00:00,12.61,-0.444,-5.2,7.0,30.5,766.4,3.3,4.2,29.4,0.0
2026-05-30T22:30:00,12.61,0.020,-4.8,7.7,24.4,766.3,3.5,5.2,31.6,0.0
2026-05-30T23:00:00,12.61,0.294,-5.2,6.5,32.4,766.3,3.7,4.3,24.0,0.0
2026-05-30T23:30:00,12.61,0.248,-5.0,8.5,22.0,766.4,2.8,4.2,47.5,0.0
2026-05-31T00:00:00,12.58,0.663,-4.6,6.9,30.1,766.3,3.3,4.2,31.8,0.0
2026-05-31T00:30:00,12.55,0.419,-4.4,7.0,30.3,766.3,3.7,4.6,16.8,0.0
2026-05-31T01:00:00,12.55,-0.027,-4.5,6.4,34.6,766.0,3.7,4.6,19.0,0.0
2026-05-31T01:30:00,12.55,0.575,-4.9,6.9,30.8,765.7,3.4,4.4,20.2,0.0
2026-05-31T02:00:00,12.55,0.728,-4.5,6.7,31.9,765.7,3.6,4.7,34.3,0.0
2026-05-31T02:30:00,12.48,0.020,-5.1,6.2,30.6,765.7,3.5,5.7,22.7,0.0
2026-05-31T03:00:00,12.48,0.494,-4.5,8.4,24.9,765.8,3.5,4.6,20.5,0.0
2026-05-31T03:30:00,12.48,0.634,-5.1,7.6,26.8,765.7,3.3,4.2,33.4,0.0
2026-05-31T04:00:00,12.48,0.120,-4.7,7.1,27.6,765.8,3.0,4.0,35.3,0.0
2026-05-31T04:30:00,12.42,0.557,4.8,7.5,25.3,765.4,3.1,4.4,36.8,0.0
2026-05-31T05:00:00,12.42,0.126,-3.9,7.8,23.1,765.5,3.4,4.7,28.9,0.0
2026-05-31T05:30:00,12.42,0.189,-4.5,6.8,27.3,765.4,3.2,4.6,11.2,0.0
2026-05-31T06:00:00,12.42,0.166,-5.1,7.2,26.0,765.2,3.5,5.4,26.2,0.0
2026-05-31T06:30:00,12.36,0.230,-4.6,8.7,21.7,765.2,2.9,4.8,54.4,0.0
2026-05-31T07:00:00,12.36,0.600,-4.4,5.9,28.0,765.3,2.9,4.0,34.4,0.0
2026-05-31T07:30:00,12.36,0.021,-4.6,6.6,27.1,765.3,3.8,4.8,25.5,0.0
2026-05-31T08:00:00,12.36,0.337,-4.4,7.4,25.1,765.7,3.5,4.8,49.8,0.0
2026-05-31T08:30:00,12.36,0.214,-4.4,5.1,32.1,765.6,3.2,4.3,23.5,0.0
2026-05-31T09:00:00,12.36,0.097,-4.4,6.4,26.6,765.6,3.2,4.7,25.8,0.0
2026-05-31T09:30:00,12.36,0.145,-4.4,6.2,27.0,765.8,3.2,3.8,25.6,0.0
2026-05-31T10:00:00,13.44,-0.030,-4.9,6.7,27.6,765.8,3.7,5.4,17.8,0.0
2026-05-31T10:30:00,13.35,1.042,-5.9,9.4,19.1,765.7,2.2,4.3,45.6,0.0
2026-05-31T11:00:00,13.50,1.534,-6.6,11.7,16.6,765.8,1.6,2.9,27.0,0.0
2026-05-31T11:30:00,13.38,1.368,-6.7,12.0,16.9,765.7,3.4,5.5,347.6,0.0
2026-05-31T12:00:00,13.32,1.815,-6.5,13.5,14.9,765.6,1.7,4.3,14.3,0.0
2026-05-31T12:30:00,13.38,1.961,-5.1,14.2,12.3,765.5,1.6,3.6,336.6,0.0
2026-05-31T13:00:00,13.38,2.185,-4.4,14.5,12.2,765.4,2.7,5.5,339.1,0.0
2026-05-31T13:30:00,13.38,2.414,-6.2,14.7,11.9,765.4,1.4,4.3,230.1,0.0
2026-05-31T14:00:00,13.41,1.749,-5.1,14.4,13.7,765.0,2.7,5.8,334.1,0.0
2026-05-31T14:30:00,13.53,1.403,-5.4,15.4,13.2,764.7,2.3,4.4,338.2,0.0
2026-05-31T15:00:00,13.44,1.054,-5.1,14.7,13.8,764.4,3.2,6.4,348.8,0.0
2026-05-31T15:30:00,12.98,0.864,-4.4,13.2,16.9,764.4,1.6,3.7,219.2,0.0
2026-05-31T16:00:00,12.92,0.388,-4.5,12.4,17.7,764.3,0.8,1.7,344.6,0.0
2026-05-31T16:30:00,12.85,-0.344,-4.4,12.7,14.9,764.4,1.0,3.0,52.0,0.0
2026-05-31T17:00:00,12.85,-0.571,1.7,12.4,15.7,764.2,2.7,6.4,10.0,0.0
2026-05-31T17:30:00,12.82,-0.759,-4.4,12.5,15.0,764.3,2.2,4.3,35.3,0.0
2026-05-31T18:00:00,12.79,-0.095,-4.9,12.2,15.8,764.3,2.4,4.1,346.6,0.0
2026-05-31T18:30:00,12.79,0.621,-4.9,11.6,17.4,764.3,1.2,2.9,46.8,0.0
2026-05-31T19:00:00,12.73,-0.199,-5.0,11.2,17.7,764.6,1.5,2.8,340.7,0.0
2026-05-31T19:30:00,12.73,0.371,-4.5,11.1,17.7,764.8,2.2,3.5,52.2,0.0
2026-05-31T20:00:00,12.73,0.085,2.1,11.4,17.0,764.9,2.0,3.0,24.8,0.0
2026-05-31T20:30:00,12.70,-0.097,-1.2,11.1,17.6,764.9,3.0,5.6,18.2,0.0
2026-05-31T21:00:00,12.70,0.293,-4.5,10.9,18.4,764.9,2.4,4.5,23.3,0.0
2026-05-31T21:30:00,12.70,0.679,-4.2,10.3,21.0,764.8,3.0,6.0,7.1,0.0
2026-05-31T22:00:00,12.67,0.772,-5.0,8.5,24.8,764.6,3.2,4.7,31.2,0.0
2026-05-31T22:30:00,12.67,0.103,-4.5,11.0,17.7,764.2,2.4,5.1,22.6,0.0
2026-05-31T23:00:00,12.64,1.154,2.9,10.0,18.0,764.3,2.7,4.5,339.9,0.0
2026-05-31T23:30:00,12.61,0.090,-4.5,10.1,17.0,764.3,2.3,3.3,43.1,0.0
2026-06-01T00:00:00,12.61,-0.058,-4.6,10.2,16.6,764.4,1.2,3.0,0.0,0.0
2026-06-01T00:30:00,12.61,0.093,-4.5,9.0,20.5,764.4,1.5,3.6,58.7,0.0
2026-06-01T01:00:00,12.61,0.074,-4.4,9.4,18.7,764.3,2.0,3.8,64.7,0.0
2026-06-01T01:30:00,12.58,-0.055,-4.4,10.1,17.7,764.3,2.1,4.0,64.1,0.0
2026-06-01T02:00:00,12.55,0.004,-4.4,10.0,17.9,763.8,2.3,5.0,3.3,0.0
2026-06-01T02:30:00,12.55,0.478,-4.4,12.7,9.4,763.8,3.9,10.5,359.3,0.0
2026-06-01T03:00:00,12.55,0.622,-4.4,13.3,7.9,763.6,5.9,11.1,1.7,0.0
2026-06-01T03:30:00,12.55,0.603,-5.0,14.4,8.5,763.0,6.4,12.3,35.2,0.0
2026-06-01T04:00:00,12.55,0.438,-4.9,14.2,7.9,763.0,5.1,7.8,35.7,0.0
2026-06-01T04:30:00,12.55,0.774,-4.5,14.3,8.2,762.7,3.7,11.6,37.6,0.0
2026-06-01T05:00:00,12.48,0.687,-4.6,14.5,7.9,762.5,6.7,13.4,49.9,0.0
2026-06-01T05:30:00,12.48,0.586,-5.2,14.4,8.5,762.5,7.3,14.9,45.1,0.0
2026-06-01T06:00:00,12.48,0.775,-4.8,14.5,10.5,762.5,9.0,17.0,44.5,0.0
2026-06-01T06:30:00,12.48,0.484,-5.0,14.5,10.0,762.3,8.5,15.9,46.8,0.0
2026-06-01T07:00:00,12.45,0.359,-5.6,14.5,10.3,762.1,10.9,18.3,39.9,0.0
2026-06-01T07:30:00,12.42,0.689,-5.0,14.2,9.7,762.4,7.7,13.9,33.1,0.0
2026-06-01T08:00:00,12.42,0.559,-5.3,14.4,9.4,762.5,10.4,17.1,38.7,0.0
2026-06-01T08:30:00,12.42,1.014,-5.4,13.7,11.6,762.6,9.2,18.1,29.7,0.0
2026-06-01T09:00:00,12.42,0.438,-5.0,13.9,10.0,762.2,10.8,19.5,42.1,0.0
2026-06-01T09:30:00,12.42,0.552,-5.1,14.5,9.7,762.5,8.9,17.4,45.4,0.0
2026-06-01T10:00:00,13.19,0.291,-5.1,14.4,10.4,763.0,8.9,14.6,45.0,0.0
2026-06-01T10:30:00,13.01,0.621,-5.4,15.2,10.0,763.2,7.9,18.2,52.4,0.0
2026-06-01T11:00:00,13.23,0.609,-5.2,15.2,10.9,763.3,8.3,18.1,47.9,0.0
2026-06-01T11:30:00,13.10,0.907,-5.2,15.2,11.2,763.3,9.5,20.8,34.6,0.0
2026-06-01T12:00:00,13.29,0.250,-5.4,15.4,11.4,763.3,9.5,16.8,46.6,0.0
2026-06-01T12:30:00,13.50,0.322,-5.5,15.6,11.8,762.8,10.9,18.2,27.7,0.1
2026-06-01T13:00:00,13.50,0.277,-5.9,15.6,10.7,762.9,10.4,22.9,34.9,0.0
2026-06-01T13:30:00,13.44,0.204,-4.7,15.5,12.7,762.5,10.9,19.3,29.2,0.0
2026-06-01T14:00:00,13.50,0.383,-5.3,15.9,10.2,762.1,11.5,17.7,28.5,0.0
2026-06-01T14:30:00,13.50,0.274,-6.3,15.9,8.7,761.8,10.7,26.3,36.9,0.0
2026-06-01T15:00:00,13.23,0.639,-5.6,15.6,9.8,762.1,11.1,22.6,33.3,0.0
2026-06-01T15:30:00,13.04,0.256,-5.7,15.5,9.8,761.8,9.9,21.2,49.6,0.0
2026-06-01T16:00:00,13.01,0.461,-6.0,15.5,9.2,761.7,9.3,18.8,45.2,0.0
2026-06-01T16:30:00,12.92,0.129,-5.1,15.3,8.9,762.2,10.0,22.3,57.5,0.0
2026-06-01T17:00:00,12.85,0.760,-5.1,15.1,8.9,762.3,7.6,19.6,41.8,0.0
2026-06-01T17:30:00,12.79,0.135,-4.9,15.0,9.6,762.0,7.4,15.9,49.3,0.0
2026-06-01T18:00:00,12.79,0.611,-5.4,15.0,9.3,762.2,7.2,16.7,61.2,0.0
2026-06-01T18:30:00,12.79,-0.009,-5.1,14.8,8.8,762.4,6.0,12.4,56.8,0.0
2026-06-01T19:00:00,12.73,0.490,-4.5,14.5,9.9,762.2,7.3,14.4,50.6,0.0
2026-06-01T19:30:00,12.73,0.391,-5.1,14.7,8.4,762.3,8.1,14.7,47.0,0.0
2026-06-01T20:00:00,12.73,0.703,-5.1,14.5,7.0,762.5,9.7,15.9,47.2,0.0
2026-06-01T20:30:00,12.73,0.434,-4.7,14.3,6.6,762.4,9.6,16.8,35.4,0.0
2026-06-01T21:00:00,12.70,0.230,-5.1,14.1,6.0,762.6,6.9,13.2,33.6,0.0
2026-06-01T21:30:00,12.70,0.438,-5.0,13.8,6.0,762.7,7.1,16.2,30.7,0.0
2026-06-01T22:00:00,12.67,0.639,-4.0,11.1,12.3,763.2,1.5,4.6,269.8,0.0
2026-06-01T22:30:00,12.67,0.484,-4.1,10.0,14.9,762.9,1.3,2.7,196.7,0.0
2026-06-01T23:00:00,12.64,0.040,-4.4,10.5,13.6,762.9,1.9,4.2,211.2,0.0
2026-06-01T23:30:00,12.61,-0.028,-4.4,9.7,17.3,763.2,1.2,2.5,0.0,0.0
2026-06-02T00:00:00,12.61,0.197,-4.4,12.3,12.0,762.8,5.6,10.9,11.0,0.0
2026-06-02T00:30:00,12.61,0.357,-4.3,9.8,15.1,763.4,3.0,7.2,226.4,0.0
2026-06-02T01:00:00,12.61,0.471,-4.1,11.5,8.2,763.0,1.5,7.7,20.7,0.0
2026-06-02T01:30:00,12.58,0.526,-4.9,9.1,17.1,763.3,3.3,7.0,121.3,0.0
2026-06-02T02:00:00,12.55,0.197,1.8,8.4,19.2,763.4,1.2,2.8,320.8,0.0
2026-06-02T02:30:00,12.55,0.647,-5.0,7.7,19.9,763.4,1.2,2.4,235.2,0.0
2026-06-02T03:00:00,12.55,0.507,-5.0,7.7,20.3,763.3,1.6,3.1,229.2,0.0
2026-06-02T03:30:00,12.52,0.165,-4.9,7.6,19.3,763.6,0.9,2.3,217.5,0.0
2026-06-02T04:00:00,12.48,0.774,-4.4,6.9,24.2,763.4,2.1,3.4,11.7,0.0
2026-06-02T04:30:00,12.48,0.527,-4.4,7.0,24.5,763.1,3.0,4.4,23.6,0.0
2026-06-02T05:00:00,12.45,0.532,-4.4,7.6,21.0,763.2,2.7,3.8,10.5,0.0
2026-06-02T05:30:00,12.42,0.782,-4.5,6.5,25.3,763.3,2.4,3.2,34.5,0.0
2026-06-02T06:00:00,12.42,0.181,-4.4,7.9,16.6,763.4,2.4,3.9,68.8,0.0
2026-06-02T06:30:00,12.42,1.350,-4.6,5.3,25.7,763.2,2.3,2.8,21.6,0.0
2026-06-02T07:00:00,12.39,0.163,-3.6,5.1,25.0,763.3,3.0,4.9,17.3,0.0
2026-06-02T07:30:00,12.36,0.500,-4.2,8.4,11.6,763.1,1.7,3.2,47.8,0.0
2026-06-02T08:00:00,12.36,0.444,-3.6,8.6,11.3,763.1,1.1,2.1,78.3,0.0
2026-06-02T08:30:00,12.36,-0.146,-4.2,8.2,14.5,763.1,0.5,1.4,0.0,0.0
2026-06-02T09:00:00,12.36,0.184,-4.1,8.5,16.4,763.4,1.1,2.3,33.9,0.0
2026-06-02T09:30:00,12.39,0.395,-4.4,9.1,14.7,763.4,1.3,3.3,84.0,0.0
2026-06-02T10:00:00,13.32,0.382,-4.3,9.4,15.8,763.6,1.6,4.0,18.7,0.0
2026-06-02T10:30:00,13.50,0.658,-5.9,11.2,11.0,763.6,1.3,3.3,78.5,0.0
2026-06-02T11:00:00,13.29,1.401,1.9,12.0,8.6,764.0,3.7,7.0,238.7,0.0
2026-06-02T11:30:00,13.44,1.318,-5.9,12.2,8.9,764.1,1.6,3.1,358.6,0.0
2026-06-02T12:00:00,13.32,2.198,2.4,14.0,8.4,764.2,2.2,4.9,341.0,0.0
2026-06-02T12:30:00,13.32,2.118,-5.1,13.3,9.3,764.4,1.3,4.9,267.6,0.0
2026-06-02T13:00:00,13.44,2.483,-4.9,14.1,11.7,764.2,1.7,4.3,210.9,0.0
2026-06-02T13:30:00,13.41,2.370,-5.4,13.6,9.1,764.1,1.7,3.7,201.9,0.0
2026-06-02T14:00:00,13.44,1.692,-5.1,14.0,8.3,764.0,2.1,4.0,214.0,0.0
2026-06-02T14:30:00,13.50,1.572,-5.2,14.7,7.7,763.7,1.6,3.8,120.6,0.0
2026-06-02T15:00:00,13.50,0.697,-5.0,15.3,8.6,763.4,2.0,6.6,84.2,0.0
2026-06-02T15:30:00,13.07,0.778,-4.3,14.4,8.7,763.3,3.7,7.9,259.8,0.0
2026-06-02T16:00:00,13.01,0.336,-4.5,14.7,9.2,763.4,3.1,6.9,52.7,0.0
2026-06-02T16:30:00,12.98,0.171,-4.4,14.4,10.8,763.4,4.1,9.2,26.6,0.0
2026-06-02T17:00:00,12.92,0.519,-3.5,14.0,11.4,763.2,2.7,6.7,152.6,0.0
2026-06-02T17:30:00,12.85,0.408,-4.1,12.8,12.2,763.6,3.5,8.1,209.3,0.0
2026-06-02T18:00:00,12.79,0.608,-4.1,11.4,15.2,763.7,1.9,4.8,205.7,0.0
2026-06-02T18:30:00,12.79,0.351,-3.2,9.6,17.8,763.9,3.7,5.8,200.1,0.0
2026-06-02T19:00:00,12.79,0.226,-2.9,8.6,18.7,763.7,0.6,2.2,0.0,0.0
2026-06-02T19:30:00,12.76,0.351,-4.2,7.7,21.1,764.0,3.0,5.0,196.4,0.0
2026-06-02T20:00:00,12.73,0.038,-3.6,6.7,21.6,764.1,1.6,3.4,223.2,0.0
2026-06-02T20:30:00,12.73,0.176,-3.6,6.2,22.5,764.2,0.9,2.5,190.9,0.0
2026-06-02T21:00:00,12.70,0.384,-4.2,6.2,23.2,764.3,1.4,3.0,300.8,0.0
2026-06-02T21:30:00,12.70,-0.415,-4.4,6.2,25.0,764.2,1.4,2.8,177.7,0.0
2026-06-02T22:00:00,12.67,0.488,-4.3,5.8,24.1,764.6,1.6,4.1,262.9,0.0
2026-06-02T22:30:00,12.67,0.709,-4.6,5.6,23.6,764.7,1.6,2.9,346.0,0.0
2026-06-02T23:00:00,12.64,0.341,3.0,5.5,25.1,764.4,0.9,2.4,81.0,0.0
2026-06-02T23:30:00,12.61,0.709,-4.4,5.2,25.4,764.8,3.4,4.9,193.4,0.0
2026-06-03T00:00:00,12.61,0.093,-4.4,5.0,25.8,764.8,0.7,1.5,22.8,0.0
2026-06-03T00:30:00,12.61,0.420,-3.2,4.6,31.6,765.0,1.1,3.3,0.0,0.0
2026-06-03T01:00:00,12.61,0.286,3.7,5.0,31.5,764.4,2.9,4.7,6.4,0.0
2026-06-03T01:30:00,12.61,0.444,-4.9,7.1,23.5,764.1,3.0,5.8,354.7,0.0
2026-06-03T02:00:00,12.58,0.610,-4.3,9.3,20.0,764.2,2.2,5.0,111.1,0.0
2026-06-03T02:30:00,12.55,0.882,-4.4,8.9,21.9,763.9,1.6,2.8,14.3,0.0
2026-06-03T03:00:00,12.55,0.089,-4.4,7.5,23.2,763.7,4.3,7.7,165.8,0.0
2026-06-03T03:30:00,12.55,1.168,-4.8,7.3,24.0,763.7,1.6,4.6,249.8,0.0
2026-06-03T04:00:00,12.55,0.397,-4.8,6.9,26.3,764.4,1.4,3.8,200.9,0.0
2026-06-03T04:30:00,12.52,0.663,-4.6,8.0,24.6,764.2,3.9,5.9,31.8,0.0
2026-06-03T05:00:00,12.48,0.234,-4.5,9.4,20.4,763.4,2.1,3.9,20.1,0.0
2026-06-03T05:30:00,12.48,0.959,-4.4,10.0,20.4,763.1,2.5,6.0,337.7,0.0
2026-06-03T06:00:00,12.48,0.644,-4.8,8.3,20.7,762.8,1.0,3.0,19.1,0.0
2026-06-03T06:30:00,12.45,0.613,-4.8,6.2,29.5,763.1,2.3,4.9,237.8,0.0
2026-06-03T07:00:00,12.42,0.675,-4.8,5.6,32.1,763.8,2.9,5.8,204.1,0.0
2026-06-03T07:30:00,12.42,0.378,-4.4,5.9,30.9,763.7,1.5,2.6,50.4,0.0
2026-06-03T08:00:00,12.42,1.188,-4.4,6.7,29.0,763.9,2.0,3.3,52.3,0.0
2026-06-03T08:30:00,12.42,0.465,4.7,6.8,27.6,764.1,1.6,3.8,24.0,0.0
2026-06-03T09:00:00,12.39,0.500,-4.4,7.1,25.6,764.0,1.8,4.0,147.2,0.0
2026-06-03T09:30:00,12.39,0.406,0.8,8.0,22.3,763.8,1.8,3.8,183.9,0.0
2026-06-03T10:00:00,12.42,0.678,-4.4,7.9,22.7,763.8,1.7,3.2,88.0,0.0
2026-06-03T10:30:00,12.42,0.629,-4.5,8.3,25.2,763.9,0.9,1.8,315.6,0.0
2026-06-03T11:00:00,12.48,0.659,-4.4,8.9,23.8,764.2,2.2,4.6,6.7,0.0
2026-06-03T11:30:00,12.48,0.714,-4.4,10.3,17.5,764.2,0.8,2.1,35.4,0.0
2026-06-03T12:00:00,12.55,0.915,-4.3,10.8,15.5,764.2,0.8,1.5,191.0,0.0
2026-06-03T12:30:00,12.55,0.938,-4.5,11.2,13.0,764.0,1.4,3.3,90.3,0.0
2026-06-03T13:00:00,12.48,1.167,-4.5,11.4,13.1,764.1,1.4,2.6,182.0,0.0
2026-06-03T13:30:00,12.48,1.167,-4.5,11.3,15.8,764.1,1.4,2.7,353.9,0.0
2026-06-03T14:00:00,12.48,0.589,-4.4,12.3,15.2,763.6,3.9,9.6,337.3,0.0
2026-06-03T14:30:00,12.48,0.431,-4.5,13.0,15.7,763.1,7.2,14.5,66.9,0.0
2026-06-03T15:00:00,12.48,0.613,-4.3,12.7,17.9,763.1,6.5,11.4,107.9,0.0
2026-06-03T15:30:00,12.48,0.915,-4.4,12.9,15.6,763.0,5.6,13.3,79.4,0.0
2026-06-03T16:00:00,12.42,0.708,-4.4,12.6,16.2,762.8,4.0,10.6,100.4,0.0
2026-06-03T16:30:00,12.42,0.247,-4.6,12.3,16.1,762.6,5.9,14.7,78.7,0.0
2026-06-03T17:00:00,12.42,0.350,-4.4,12.5,16.5,763.0,6.0,11.2,92.6,0.0
2026-06-03T17:30:00,12.39,0.602,-4.9,12.6,15.5,763.1,6.0,11.4,94.0,0.0
2026-06-03T18:00:00,12.36,0.460,-4.6,12.7,15.2,762.9,5.8,11.7,96.3,0.0
2026-06-03T18:30:00,12.36,0.430,-4.4,12.7,17.4,762.7,5.4,11.3,91.6,0.0
2026-06-03T19:00:00,12.36,0.195,-5.1,12.1,15.8,762.9,4.5,7.7,345.3,0.0
2026-06-03T19:30:00,12.36,0.032,-3.6,11.4,17.0,763.1,1.0,2.8,9.4,0.0
2026-06-03T20:00:00,12.36,0.346,-3.6,11.1,16.9,763.1,1.2,2.7,110.3,0.0
2026-06-03T20:30:00,12.36,0.323,-3.6,11.0,16.0,762.9,1.3,2.7,131.0,0.0
2026-06-03T21:00:00,12.36,0.529,-4.7,10.9,18.9,763.1,1.3,3.1,35.1,0.0
2026-06-03T21:30:00,12.33,0.198,-4.9,10.2,19.5,763.1,1.2,3.4,351.6,0.0
2026-06-03T22:00:00,12.33,0.269,-5.1,10.4,20.2,763.1,2.5,4.2,357.8,0.0
2026-06-03T22:30:00,12.30,0.307,3.8,10.4,19.4,763.1,0.8,2.1,0.0,0.0
2026-06-03T23:00:00,12.30,0.564,-4.7,10.3,19.0,762.9,1.0,3.8,32.5,0.0
2026-06-03T23:30:00,12.30,0.546,3.4,10.6,19.5,763.0,3.0,4.7,354.9,0.0
2026-06-04T00:00:00,12.30,0.228,2.7,10.5,18.9,762.9,1.6,3.2,69.5,0.0
2026-06-04T00:30:00,12.30,0.627,0.8,11.4,15.7,762.9,2.0,4.2,1.4,0.0
2026-06-04T01:00:00,12.30,0.313,3.1,11.2,19.1,762.7,1.4,3.3,329.5,0.0
2026-06-04T01:30:00,12.30,-0.136,-5.1,11.5,16.4,762.6,3.7,9.2,359.2,0.0
2026-06-04T02:00:00,12.27,0.368,-3.6,12.1,12.8,762.6,1.8,5.2,333.1,0.0
2026-06-04T02:30:00,12.27,0.207,-5.1,11.0,15.3,762.5,1.2,2.8,327.4,0.0
2026-06-04T03:00:00,12.24,0.317,-4.9,12.3,13.4,762.4,4.2,8.2,16.7,0.0
2026-06-04T03:30:00,12.24,0.760,-4.4,11.7,17.4,762.4,4.9,8.5,22.0,0.0
2026-06-04T04:00:00,12.24,0.760,-4.8,13.5,13.6,762.4,5.7,11.3,26.1,0.0
2026-06-04T04:30:00,12.24,0.962,-4.4,13.6,12.5,762.5,3.7,9.1,39.8,0.0
2026-06-04T05:00:00,12.24,0.639,-4.4,12.6,17.5,762.6,4.5,9.9,31.1,0.0
2026-06-04T05:30:00,12.24,0.710,-4.7,13.4,12.7,762.2,6.2,10.4,30.7,0.0
2026-06-04T06:00:00,12.24,0.535,-4.7,13.6,12.2,762.1,6.4,12.6,39.4,0.0
2026-06-04T06:30:00,12.24,0.077,-4.6,13.2,13.6,762.0,6.4,13.1,39.9,0.0
2026-06-04T07:00:00,12.24,0.626,-4.5,13.4,13.3,762.0,7.4,12.7,29.6,0.0
2026-06-04T07:30:00,12.24,0.404,-4.5,12.5,16.8,762.2,5.9,10.3,16.0,0.0
2026-06-04T08:00:00,12.21,0.480,-4.3,12.8,14.6,762.4,5.4,10.1,15.2,0.0
2026-06-04T08:30:00,12.21,0.217,-5.0,10.8,20.5,762.6,1.9,4.7,337.2,0.0
2026-06-04T09:00:00,12.21,0.105,-4.8,11.5,16.7,762.8,1.3,3.9,0.0,0.0
2026-06-04T09:30:00,12.24,0.016,-4.6,11.0,19.5,762.8,1.3,2.8,351.2,0.0
2026-06-04T10:00:00,12.24,0.529,-4.8,11.1,20.4,763.0,1.5,2.5,337.9,0.0
2026-06-04T10:30:00,12.36,0.248,-4.8,10.8,23.8,763.0,2.6,4.4,25.6,0.0
2026-06-04T11:00:00,12.67,0.736,-4.7,11.3,23.4,763.4,2.4,2.9,23.9,0.0
2026-06-04T11:30:00,12.85,1.155,-5.1,11.9,23.2,763.6,2.7,3.5,0.3,0.0
2026-06-04T12:00:00,12.92,1.212,-5.5,12.9,17.4,763.5,1.5,2.5,316.4,0.0
2026-06-04T12:30:00,13.01,1.115,-6.0,12.9,18.8,763.5,1.0,2.5,283.7,0.0
2026-06-04T13:00:00,13.26,2.049,-5.1,13.5,16.1,763.4,1.5,3.7,169.1,0.0
2026-06-04T13:30:00,12.79,1.384,-5.2,12.3,20.4,763.4,1.4,2.5,228.1,0.0
2026-06-04T14:00:00,12.76,0.197,-1.2,12.6,20.4,763.2,0.9,1.7,223.4,0.0
2026-06-04T14:30:00,12.73,0.459,-5.1,12.6,17.1,763.0,0.9,2.9,235.4,0.0
2026-06-04T15:00:00,12.70,0.755,-4.4,12.4,16.9,763.0,1.9,4.3,182.2,0.0
2026-06-04T15:30:00,12.67,0.301,-4.6,12.2,16.4,762.9,2.8,5.2,195.0,0.0
2026-06-04T16:00:00,12.64,0.267,-4.7,11.6,18.1,763.2,2.3,3.5,193.2,0.0
2026-06-04T16:30:00,12.61,0.470,-5.2,11.2,19.7,763.4,0.7,1.9,260.0,0.0
2026-06-04T17:00:00,12.55,-0.137,-3.3,10.6,23.1,763.5,0.7,1.3,204.1,0.0
2026-06-04T17:30:00,12.55,0.654,2.5,11.1,20.6,763.8,1.4,6.9,54.6,0.0
2026-06-04T18:00:00,12.55,0.627,-3.6,10.9,20.9,763.7,2.3,4.0,290.2,0.0
2026-06-04T18:30:00,12.48,0.248,-4.4,10.2,22.0,763.8,1.8,3.0,208.4,0.0
2026-06-04T19:00:00,12.48,-0.252,-4.6,10.0,21.1,764.0,0.5,1.1,192.7,0.0
2026-06-04T19:30:00,12.45,-0.098,-4.4,9.3,25.1,764.1,1.2,1.8,193.2,0.0
2026-06-04T20:00:00,12.42,0.597,-4.4,8.6,28.6,764.1,3.0,4.0,14.4,0.0
2026-06-04T20:30:00,12.42,0.239,-4.4,9.7,23.3,764.2,1.3,2.1,62.3,0.0
2026-06-04T21:00:00,12.42,-0.049,-4.7,8.3,27.8,764.2,1.1,2.5,65.7,0.0
2026-06-04T21:30:00,12.36,0.342,-4.4,8.6,28.3,764.1,1.4,3.2,27.2,0.0
2026-06-04T22:00:00,12.36,0.311,-4.4,9.2,24.5,764.1,2.2,4.3,332.6,0.0
2026-06-04T22:30:00,12.36,0.152,-4.4,8.9,24.1,764.4,1.6,4.8,288.1,0.0
2026-06-04T23:00:00,12.33,-0.051,-4.4,8.2,24.5,764.2,1.6,4.1,7.7,0.0
2026-06-04T23:30:00,12.30,-0.144,-2.9,8.2,20.9,764.7,0.5,1.5,0.0,0.0
2026-06-05T00:00:00,12.30,0.180,-4.4,8.1,22.3,764.4,2.6,3.7,9.2,0.0
2026-06-05T00:30:00,12.27,0.351,-5.2,8.7,20.7,764.6,5.3,10.3,0.7,0.0
2026-06-05T01:00:00,12.24,0.217,4.1,9.0,18.8,764.5,2.1,5.5,356.8,0.0
2026-06-05T01:30:00,12.24,0.342,3.8,9.5,17.1,764.6,3.2,7.6,347.4,0.0
2026-06-05T02:00:00,12.24,0.473,-5.0,9.4,15.9,764.6,2.3,7.0,335.0,0.0
2026-06-05T02:30:00,12.21,0.691,-4.7,8.2,19.2,764.7,2.1,3.8,200.7,0.0
2026-06-05T03:00:00,12.21,0.342,-4.5,7.8,21.1,764.7,1.5,4.6,165.1,0.0
2026-06-05T03:30:00,12.18,-0.024,-3.6,7.1,23.4,764.8,1.6,3.8,18.4,0.0
2026-06-05T04:00:00,12.18,0.300,-3.6,5.4,27.5,764.9,1.7,3.2,35.2,0.0
2026-06-05T04:30:00,12.18,0.285,-4.9,6.7,22.9,764.6,3.7,6.8,351.9,0.0
2026-06-05T05:00:00,12.18,0.663,-4.6,10.1,12.2,764.6,5.5,11.5,31.5,0.0
2026-06-05T05:30:00,12.14,0.011,-4.5,9.0,17.4,764.7,6.0,11.5,349.0,0.0
2026-06-05T06:00:00,12.14,0.351,-4.9,9.3,17.4,764.8,1.5,4.4,320.4,0.0
2026-06-05T06:30:00,12.11,0.631,-4.4,8.8,19.9,764.8,2.3,5.8,21.9,0.0
2026-06-05T07:00:00,12.11,0.506,-4.4,9.1,19.9,764.7,3.2,6.4,22.2,0.0
2026-06-05T07:30:00,12.11,0.383,-4.8,9.7,17.5,764.8,1.0,4.0,25.9,0.0
2026-06-05T08:00:00,12.11,0.170,-5.1,8.9,22.3,765.0,2.2,5.4,0.2,0.0
2026-06-05T08:30:00,12.11,0.540,-5.1,9.5,21.4,765.0,2.1,4.6,318.4,0.0
2026-06-05T09:00:00,12.11,0.102,-5.0,8.2,24.4,764.9,1.8,3.5,33.2,0.0
2026-06-05T09:30:00,12.11,0.455,-5.0,8.4,22.8,764.7,2.3,4.1,330.7,0.0
2026-06-05T10:00:00,12.76,0.149,-4.8,9.5,19.4,764.6,2.2,8.0,6.7,0.0
2026-06-05T10:30:00,12.79,1.185,-4.9,10.8,17.2,764.7,2.3,6.7,9.2,0.0
2026-06-05T11:00:00,13.19,1.365,-4.4,11.5,19.2,764.7,3.5,7.6,15.5,0.0
2026-06-05T11:30:00,13.23,1.448,-5.1,12.1,19.2,764.6,2.1,5.8,276.2,0.0
2026-06-05T12:00:00,12.79,1.029,-4.5,12.5,18.1,764.5,1.7,3.8,201.6,0.0
2026-06-05T12:30:00,12.73,0.772,-5.0,12.8,18.8,764.5,3.5,6.5,43.9,0.0
2026-06-05T13:00:00,12.70,0.995,-4.7,12.7,19.8,764.5,3.0,5.7,65.5,0.0
2026-06-05T13:30:00,12.61,0.240,-4.4,12.1,22.3,764.3,5.4,10.6,30.0,0.0
2026-06-05T14:00:00,12.61,0.670,-4.7,11.8,23.9,764.4,3.6,11.1,71.6,0.0
2026-06-05T14:30:00,12.55,0.829,-4.7,11.0,26.9,764.7,3.9,7.9,27.7,0.0
2026-06-05T15:00:00,12.52,-0.220,-4.7,9.6,34.0,765.1,4.5,10.4,94.5,0.0
2026-06-05T15:30:00,12.48,0.241,-4.5,8.4,40.2,765.2,3.9,6.9,139.8,0.0
2026-06-05T16:00:00,12.48,-0.171,-4.7,7.5,48.8,765.8,3.0,6.9,141.2,0.0
2026-06-05T16:30:00,12.52,-0.043,-4.4,5.5,65.2,765.9,1.5,4.6,37.9,0.0
2026-06-05T17:00:00,12.42,-0.298,-4.6,5.0,70.1,766.0,3.5,5.8,325.7,0.0
2026-06-05T17:30:00,12.42,0.408,-4.4,4.8,72.3,766.3,2.2,3.7,6.9,0.1
2026-06-05T18:00:00,12.36,0.215,-4.6,4.1,78.2,766.2,3.3,5.8,327.6,0.1
2026-06-05T18:30:00,12.36,0.291,7.9,3.9,80.8,765.6,3.1,4.5,14.5,0.0
2026-06-05T19:00:00,12.36,-0.101,-4.8,4.6,72.7,765.6,2.2,3.8,50.7,0.0
2026-06-05T19:30:00,12.30,0.224,-4.8,5.2,63.3,765.3,3.7,6.7,312.2,0.0
2026-06-05T20:00:00,12.30,0.364,-4.7,5.6,61.6,765.7,1.1,4.2,149.0,0.0
2026-06-05T20:30:00,12.30,-0.355,-5.0,4.9,63.8,766.1,3.9,6.1,320.0,0.0
2026-06-05T21:00:00,12.24,0.226,-4.6,3.9,74.8,766.4,4.5,6.3,326.4,0.0
2026-06-05T21:30:00,12.24,0.175,-4.0,3.4,79.4,766.4,4.7,6.9,27.6,0.1
2026-06-05T22:00:00,12.21,0.199,-4.8,3.9,73.9,766.3,3.0,4.2,42.7,0.0
2026-06-05T22:30:00,12.21,0.078,-4.3,3.9,73.9,765.8,4.2,5.8,17.9,0.0
2026-06-05T23:00:00,12.18,-0.170,-4.8,5.1,57.4,765.8,1.0,1.7,97.0,0.0
2026-06-05T23:30:00,12.18,-0.307,-4.6,4.7,65.3,765.6,6.8,14.4,24.6,0.0
2026-06-06T00:00:00,12.14,0.232,-4.4,5.3,56.7,764.4,2.4,3.6,126.3,0.0
2026-06-06T00:30:00,12.11,0.343,-3.9,4.4,64.6,763.7,1.0,2.9,191.0,0.0
2026-06-06T01:00:00,12.11,-0.194,-4.4,5.7,51.7,763.6,2.4,4.8,126.2,0.0
2026-06-06T01:30:00,12.11,-0.067,-4.2,5.7,52.5,763.5,1.3,2.9,345.4,0.0
2026-06-06T02:00:00,12.11,-0.247,-4.4,5.8,50.4,763.2,1.5,3.6,8.0,0.0
2026-06-06T02:30:00,12.11,-0.438,-4.4,7.3,43.3,763.0,1.2,3.0,118.5,0.0
2026-06-06T03:00:00,12.11,-0.617,-4.6,6.5,44.9,762.7,1.3,3.0,0.0,0.0
2026-06-06T03:30:00,12.08,-0.048,-4.4,7.3,38.4,762.4,0.8,3.5,163.7,0.0
2026-06-06T04:00:00,12.08,0.233,-4.8,6.7,42.3,762.1,1.1,2.0,307.3,0.0
2026-06-06T04:30:00,12.05,0.320,-4.6,7.1,37.4,762.2,1.7,2.8,127.7,0.0
2026-06-06T05:00:00,12.05,0.300,-4.9,6.0,45.1,762.2,0.9,1.8,319.4,0.0
2026-06-06T05:30:00,12.05,-0.787,-4.8,5.6,47.5,762.2,2.2,3.7,40.8,0.0
2026-06-06T06:00:00,12.05,-0.310,-4.4,5.6,47.7,762.0,1.3,2.3,1.2,0.0
2026-06-06T06:30:00,12.05,0.162,-5.2,5.9,42.1,761.9,1.8,3.0,8.5,0.0
2026-06-06T07:00:00,12.05,0.009,-4.4,5.8,48.7,762.1,1.2,3.0,47.6,0.0
2026-06-06T07:30:00,12.05,-0.726,-4.4,6.9,35.3,762.3,0.7,2.5,108.8,0.0
2026-06-06T08:00:00,12.05,0.151,-4.4,5.7,43.4,762.2,2.1,4.1,301.6,0.0
2026-06-06T08:30:00,12.05,-0.610,-4.4,5.0,50.1,762.4,1.0,2.6,250.8,0.0
2026-06-06T09:00:00,12.05,-0.652,-4.6,4.9,48.4,762.4,2.4,3.4,192.3,0.0
2026-06-06T09:30:00,12.05,-0.022,-4.4,4.7,47.7,762.4,1.1,2.5,204.4,0.0
2026-06-06T10:00:00,12.42,-1.056,-3.9,5.0,48.3,762.4,0.5,2.2,0.0,0.0
2026-06-06T10:30:00,12.42,-0.735,-4.4,4.4,52.9,762.8,2.5,3.3,189.2,0.0
2026-06-06T11:00:00,12.73,0.076,-5.0,5.1,46.4,762.9,0.9,2.5,246.5,0.0
2026-06-06T11:30:00,13.04,0.009,-5.1,5.5,44.7,762.7,0.8,2.0,93.8,0.0
2026-06-06T12:00:00,13.19,0.557,-5.2,4.9,47.3,762.8,3.1,4.7,200.5,0.0
2026-06-06T12:30:00,13.44,1.438,-5.6,6.0,39.9,762.7,1.2,2.4,228.7,0.0
2026-06-06T13:00:00,13.19,0.793,-4.7,5.9,42.0,762.6,1.3,2.8,194.5,0.0
2026-06-06T13:30:00,13.53,0.584,-4.7,5.6,42.4,762.4,2.7,4.4,202.8,0.0
2026-06-06T14:00:00,13.57,-0.045,-4.8,5.6,45.8,762.3,4.6,6.8,188.9,0.0
2026-06-06T14:30:00,13.13,0.417,-4.6,4.9,46.2,762.2,3.5,5.6,206.3,0.0
2026-06-06T15:00:00,13.26,0.529,-4.4,5.3,44.7,762.2,3.3,5.3,207.6,0.0
2026-06-06T15:30:00,12.79,0.360,-5.3,5.2,44.2,762.2,3.1,5.6,193.4,0.0
2026-06-06T16:00:00,12.70,-0.123,-5.2,5.2,44.5,762.2,2.1,4.0,198.1,0.0
2026-06-06T16:30:00,12.70,-0.605,3.1,5.2,45.4,762.4,3.2,4.8,199.5,0.0
2026-06-06T17:00:00,12.64,-0.403,-5.1,4.7,50.1,762.5,2.7,3.7,202.6,0.0
2026-06-06T17:30:00,12.61,0.052,-5.3,4.2,52.1,762.8,2.9,4.0,203.3,0.0
2026-06-06T18:00:00,12.55,-0.281,-4.8,3.8,52.5,762.8,0.8,1.3,217.8,0.0
2026-06-06T18:30:00,12.55,-0.797,-3.6,4.1,52.6,762.7,1.0,1.5,269.1,0.0
2026-06-06T19:00:00,12.55,-0.794,-4.6,4.0,54.6,763.0,1.5,3.6,211.2,0.0
2026-06-06T19:30:00,12.55,-0.542,-3.6,3.7,52.5,763.1,0.8,1.2,106.6,0.0
2026-06-06T20:00:00,12.48,-0.837,-4.5,4.7,43.2,763.4,0.9,2.1,55.7,0.0
2026-06-06T20:30:00,12.48,-0.274,-4.5,4.4,48.0,763.5,3.1,4.0,200.0,0.0
2026-06-06T21:00:00,12.48,-0.400,-4.5,4.0,49.8,763.8,1.1,2.8,169.3,0.0
2026-06-06T21:30:00,12.48,-0.366,-4.7,3.2,57.2,763.4,2.0,3.9,308.2,0.0
2026-06-06T22:00:00,12.42,-0.454,-4.5,3.4,54.3,763.8,1.2,2.2,205.3,0.0
2026-06-06T22:30:00,12.42,-0.503,-4.4,2.0,72.0,763.9,2.0,3.1,329.9,0.0
2026-06-06T23:00:00,12.42,-0.632,3.2,2.5,66.8,763.7,2.1,3.2,0.5,0.0
2026-06-06T23:30:00,12.42,-0.234,3.6,2.6,66.1,763.8,2.3,3.4,3.8,0.0
2026-06-07T00:00:00,12.39,-0.352,4.0,2.9,67.2,763.7,2.0,2.8,24.6,0.0
2026-06-07T00:30:00,12.36,-0.436,5.2,3.2,60.0,763.7,2.2,3.4,37.2,0.0
2026-06-07T01:00:00,12.36,-0.426,4.9,3.0,60.0,763.6,2.0,2.6,11.0,0.0
2026-06-07T01:30:00,12.36,-0.700,-5.1,3.4,58.1,763.4,0.8,1.8,124.6,0.0
2026-06-07T02:00:00,12.36,-0.654,-5.2,1.7,68.0,763.6,2.0,3.6,168.4,0.0
2026-06-07T02:30:00,12.36,-0.168,-4.6,1.4,73.4,763.3,3.1,4.2,12.9,0.0
2026-06-07T03:00:00,12.30,-0.185,-4.4,1.9,68.1,763.2,0.6,1.6,278.2,0.0
2026-06-07T03:30:00,12.30,-0.679,-5.1,2.4,66.5,763.2,1.6,2.4,178.8,0.0
2026-06-07T04:00:00,12.30,-0.340,-4.8,2.1,64.1,763.4,0.8,1.6,318.6,0.0
2026-06-07T04:30:00,12.30,-0.527,-4.8,1.6,71.6,763.2,1.7,2.3,14.0,0.0
2026-06-07T05:00:00,12.30,-0.734,-4.4,1.6,70.5,762.8,1.6,2.5,35.8,0.0
2026-06-07T05:30:00,12.24,-0.936,-4.4,1.5,70.3,762.6,2.0,2.7,0.3,0.0
2026-06-07T06:00:00,12.24,-1.129,-4.4,1.0,73.5,762.6,2.2,3.2,14.3,0.0
2026-06-07T06:30:00,12.24,-0.603,-4.7,1.1,69.8,762.6,2.1,3.4,35.2,0.0
2026-06-07T07:00:00,12.24,-0.785,-4.4,2.0,61.4,762.7,2.2,3.5,60.8,0.0
2026-06-07T07:30:00,12.21,-0.863,3.2,1.1,64.7,762.8,2.6,4.1,18.2,0.0
2026-06-07T08:00:00,12.21,-0.757,3.1,0.7,66.3,762.8,2.7,3.5,30.4,0.0
2026-06-07T08:30:00,12.21,-0.730,1.1,2.0,51.2,762.8,1.8,3.1,21.9,0.0
2026-06-07T09:00:00,12.18,-0.779,-4.4,2.5,43.8,762.9,2.1,3.0,29.4,0.0
2026-06-07T09:30:00,12.18,-0.938,-5.1,2.6,41.8,763.0,1.9,2.7,25.5,0.0
2026-06-07T10:00:00,13.13,-1.079,-4.9,2.6,43.5,763.0,3.3,5.4,20.5,0.0
2026-06-07T10:30:00,13.66,-0.752,-5.2,4.5,30.7,763.0,3.8,6.0,8.1,0.0
2026-06-07T11:00:00,13.35,-0.171,-5.2,5.7,29.9,763.1,3.8,5.3,354.7,0.0
2026-06-07T11:30:00,13.32,-0.002,-5.3,6.1,25.2,763.2,3.6,5.4,335.8,0.0
2026-06-07T12:00:00,13.35,0.105,-5.0,6.8,24.9,763.2,3.2,5.5,335.3,0.0
2026-06-07T12:30:00,13.32,0.920,-5.0,7.3,22.2,763.2,3.3,5.7,341.9,0.0
2026-06-07T13:00:00,13.69,1.313,-5.6,8.3,18.2,763.2,0.8,2.9,262.2,0.0
2026-06-07T13:30:00,13.44,0.996,-5.1,7.6,25.7,763.0,3.0,5.3,336.5,0.0
2026-06-07T14:00:00,13.26,0.837,-5.1,6.7,28.7,762.8,2.3,3.8,209.3,0.0
2026-06-07T14:30:00,13.38,0.430,-4.4,6.9,29.9,762.6,2.6,4.1,207.1,0.0
2026-06-07T15:00:00,13.44,0.313,-4.3,6.8,32.4,762.6,2.6,4.5,205.7,0.0
2026-06-07T15:30:00,12.79,0.342,-4.7,6.1,35.7,762.4,1.9,2.9,221.0,0.0
2026-06-07T16:00:00,12.73,-0.627,-4.4,6.2,31.1,762.3,1.2,2.4,325.4,0.0
2026-06-07T16:30:00,12.70,-0.455,-4.4,6.5,25.9,762.3,2.2,4.0,8.0,0.0
2026-06-07T17:00:00,12.67,-0.856,-4.9,6.1,27.6,762.4,0.5,1.9,0.0,0.0
2026-06-07T17:30:00,12.64,-0.277,-4.9,6.2,27.5,762.6,2.4,4.0,346.5,0.0
2026-06-07T18:00:00,12.61,-0.504,-5.0,6.1,26.4,762.7,2.9,4.3,339.8,0.0
2026-06-07T18:30:00,12.61,-0.148,-4.8,5.5,30.4,762.9,2.0,3.1,346.1,0.0
2026-06-07T19:00:00,12.61,-0.664,6.9,5.4,31.4,762.8,0.8,2.1,90.8,0.0
2026-06-07T19:30:00,12.55,-0.104,7.1,4.9,32.9,763.0,1.5,2.5,41.7,0.0
2026-06-07T20:00:00,12.55,-0.329,6.9,4.5,32.7,763.1,2.3,3.1,44.1,0.0
2026-06-07T20:30:00,12.55,-1.243,-4.6,4.1,36.4,763.2,1.8,3.5,24.3,0.0
2026-06-07T21:00:00,12.55,-0.032,-4.5,3.1,39.2,763.3,2.6,3.3,28.6,0.0
2026-06-07T21:30:00,12.52,-0.628,-4.5,4.1,28.5,763.3,2.3,3.9,11.0,0.0
2026-06-07T22:00:00,12.48,-0.256,-3.9,4.2,29.3,763.3,2.2,3.4,59.2,0.0
2026-06-07T22:30:00,12.48,-0.614,-4.3,3.2,35.5,763.3,2.8,3.9,35.4,0.0
2026-06-07T23:00:00,12.48,0.101,-4.4,2.9,33.9,763.3,2.5,3.8,26.4,0.0
2026-06-07T23:30:00,12.48,-0.255,-4.6,3.6,27.7,763.2,2.0,3.0,23.0,0.0
2026-06-08T00:00:00,12.42,-0.115,-4.4,2.4,30.8,763.2,2.7,4.1,30.8,0.0
2026-06-08T00:30:00,12.42,0.062,-4.4,1.4,35.6,763.2,2.8,3.7,26.2,0.0
2026-06-08T01:00:00,12.42,-0.671,-4.5,3.1,25.9,763.2,2.9,3.9,41.3,0.0
2026-06-08T01:30:00,12.42,0.005,-4.4,1.8,30.3,763.1,3.0,4.3,35.9,0.0
2026-06-08T02:00:00,12.39,-0.191,-4.3,1.5,29.7,762.9,2.7,3.5,29.5,0.0
2026-06-08T02:30:00,12.36,-0.294,-4.5,3.7,20.5,762.8,2.2,3.1,26.9,0.0
2026-06-08T03:00:00,12.36,-0.155,-4.6,3.1,26.8,762.7,2.3,4.4,47.3,0.0
2026-06-08T03:30:00,12.36,-0.428,-4.6,3.9,20.9,762.7,2.5,3.7,56.1,0.0
2026-06-08T04:00:00,12.36,0.012,-4.4,2.2,27.1,762.6,3.0,4.5,31.5,0.0
2026-06-08T04:30:00,12.36,-0.091,-4.4,3.0,26.8,762.6,2.7,4.0,29.7,0.0
2026-06-08T05:00:00,12.33,0.132,-4.3,2.4,27.0,762.5,3.0,4.0,34.6,0.0
2026-06-08T05:30:00,12.30,0.165,-4.3,3.1,24.7,762.3,2.6,3.5,29.0,0.0
2026-06-08T06:00:00,12.30,0.231,-4.2,3.0,24.2,762.3,2.6,3.4,51.2,0.0
2026-06-08T06:30:00,12.30,-0.199,-4.3,0.9,33.8,762.3,2.9,3.8,29.8,0.0
2026-06-08T07:00:00,12.30,0.056,-4.4,1.5,29.4,762.4,2.7,3.7,26.4,0.0
2026-06-08T07:30:00,12.27,-0.404,-4.6,0.9,31.6,762.5,3.2,3.9,36.8,0.0
2026-06-08T08:00:00,12.24,-0.017,-4.6,2.4,24.8,762.6,3.4,5.0,48.8,0.0
2026-06-08T08:30:00,12.24,-0.108,-4.6,1.4,26.9,762.7,3.2,4.8,24.9,0.0
2026-06-08T09:00:00,12.24,0.407,-3.9,2.0,24.5,762.7,2.9,4.2,34.6,0.0
2026-06-08T09:30:00,12.24,-0.295,-4.3,1.9,25.2,763.0,3.0,4.2,30.5,0.0
2026-06-08T10:00:00,13.26,0.484,-3.0,2.0,23.9,763.1,2.5,3.6,47.2,0.0
2026-06-08T10:30:00,14.09,-0.427,-4.8,3.5,24.3,763.4,3.1,3.9,22.8,0.0
2026-06-08T11:00:00,13.32,0.461,5.4,5.4,21.8,763.5,2.6,4.1,20.9,0.0
2026-06-08T11:30:00,13.26,1.008,-5.7,7.7,16.0,763.6,2.2,4.6,349.3,0.0
2026-06-08T12:00:00,13.19,0.622,-4.7,8.5,13.1,763.5,3.0,6.4,348.4,0.0
2026-06-08T12:30:00,13.38,1.480,-5.1,9.8,12.3,763.5,1.4,4.1,285.0,0.0
2026-06-08T13:00:00,13.29,1.478,-5.4,10.3,12.5,763.3,1.6,4.3,304.8,0.0
2026-06-08T13:30:00,13.32,1.540,-4.9,9.6,13.4,763.0,3.5,6.8,333.3,0.0
2026-06-08T14:00:00,13.57,0.643,-5.2,10.7,12.7,762.8,3.6,5.4,347.0,0.0
2026-06-08T14:30:00,13.29,0.641,-5.3,10.1,13.2,762.6,3.8,6.9,345.8,0.0
2026-06-08T15:00:00,13.38,0.990,-5.2,10.9,12.4,762.4,4.0,6.4,344.7,0.0
2026-06-08T15:30:00,12.85,0.777,-4.7,9.7,14.2,762.3,3.1,6.1,345.3,0.0
2026-06-08T16:00:00,12.79,-0.098,-4.9,9.5,13.2,762.3,4.0,6.6,339.3,0.0
2026-06-08T16:30:00,12.73,-0.363,-4.8,10.0,11.6,762.3,4.3,7.2,353.3,0.0
2026-06-08T17:00:00,12.70,-0.657,-4.7,9.0,14.4,762.3,3.6,6.7,346.5,0.0
2026-06-08T17:30:00,12.67,-0.348,-4.5,9.0,14.6,762.6,5.3,10.3,7.9,0.0
2026-06-08T18:00:00,12.67,-0.450,-4.9,8.3,15.4,762.5,2.1,4.7,350.6,0.0
2026-06-08T18:30:00,12.64,-0.021,-4.4,9.0,14.0,762.7,1.8,3.8,79.9,0.0
2026-06-08T19:00:00,12.61,-0.435,-4.4,8.9,13.2,762.9,3.7,8.3,171.5,0.0
2026-06-08T19:30:00,12.61,0.180,-5.2,6.9,20.9,763.1,1.4,2.7,340.8,0.0
2026-06-08T20:00:00,12.61,-0.058,-4.8,6.5,27.0,763.3,0.8,2.1,111.8,0.0
2026-06-08T20:30:00,12.58,-0.604,-4.7,6.0,22.5,763.3,1.2,3.2,23.1,0.0
2026-06-08T21:00:00,12.55,-0.333,-4.6,6.0,23.5,763.1,1.2,2.4,20.2,0.0
